f,chiN,nx64_period_rg,nx128_period_rg,relative_period_change_percent,nx64_profile_rms,nx128_profile_rms,absolute_profile_rms_change,projected_force_rms,projected_force_maxabs,cell_stress,status,resolution_status
0.2,25.0,3.2493436493933086,3.245014017987706,0.1332463375,0.014408088773059442,0.01565499191069466,0.00124690313764,2.5730680382970864e-12,7.453593298123451e-12,-5.5189676109507115e-8,accepted,accepted
0.2,26.0,3.435590660062536,3.4304389095669325,0.149952395537,0.017601260565634737,0.018653209411509684,0.00105194884587,9.185020796336062e-13,2.318145675417327e-12,-3.1699168791834207e-7,accepted,accepted
0.2,27.0,3.562325510639915,3.5567765335556016,0.155768389715,0.014755648371233568,0.015677243191403047,0.000921594820169,1.2890301791129568e-12,3.1157298963080393e-12,-8.65827299792303e-9,accepted,accepted
0.25,26.0,3.901996085465295,3.898250361057175,0.0959950836976,0.008450816234983784,0.007868971629996288,0.000581844604987,1.6321124433749455e-12,3.3928415632544784e-12,-1.2578955786712864e-8,accepted,accepted
0.25,27.0,3.956021421763781,3.95186579701562,0.105045557269,0.01040487865230159,0.009776673145154962,0.000628205507147,5.616331411508633e-10,2.094257212092998e-9,-1.4478604355369629e-8,accepted,accepted
0.25,28.0,4.006569973319851,4.001981015015678,0.114535833262,0.009668211520865356,0.008895513056826771,0.000772698464039,3.3997243411665507e-10,1.4015579807846734e-9,-1.5683163714257705e-8,accepted,accepted
0.3,28.0,4.134018808274881,4.1297131084596606,0.104152884031,0.01501523669934806,0.014096775377380006,0.000918461321968,1.9986314219806254e-11,5.547917680814862e-11,-7.730229990992351e-8,accepted,accepted
0.3,29.0,4.17257684840821,4.167800120821778,0.114479079954,0.014981876812027587,0.014005708807088584,0.000976168004939,2.617923540751591e-10,6.402203212019231e-10,-9.584266102081378e-8,accepted,accepted
0.3,30.0,4.209363196007904,4.204097289490803,0.125099837479,0.015360172840263957,0.014330162573689074,0.00103001026657,9.86366414788241e-12,3.2307490016592055e-11,-2.191888613783011e-11,accepted,accepted
