index,s,phi_a,phi_b
1,0.0,0.6514045534994943,0.34859514743558095
2,0.013888888888888888,0.6461280064133814,0.3538717622892486
3,0.027777777777777776,0.6303843318899237,0.36961562582947605
4,0.041666666666666664,0.6044956593705281,0.39550438472645516
5,0.05555555555555555,0.5691868120345501,0.4308130055882216
6,0.06944444444444445,0.5257797652575658,0.4742198344403389
7,0.08333333333333333,0.47629808466448786,0.5237016171703474
8,0.09722222222222222,0.4233681873061283,0.5766317030448393
9,0.1111111111111111,0.36988554494715126,0.6301145632346916
10,0.125,0.318545957312858,0.6814543642506944
11,0.1388888888888889,0.2714311467774998,0.7285687786478764
12,0.1527777777777778,0.22980195047004642,0.7701970522322182
13,0.16666666666666666,0.19412641742589448,0.8058723855121261
14,0.18055555555555555,0.16426384308757594,0.8357359276662412
15,0.19444444444444445,0.13969708576420597,0.860303604382853
16,0.20833333333333334,0.1197354796107289,0.8802649850439039
17,0.2222222222222222,0.10365633124857773,0.8963432189667476
18,0.2361111111111111,0.09078617321348204,0.9092129258737697
19,0.25,0.08053729495787584,0.9194621377037395
20,0.2638888888888889,0.07241650690346736,0.927583386112917
21,0.2777777777777778,0.06601920466291128,0.9339806764898245
22,0.2916666666666667,0.0610171948454473,0.9389823637813578
23,0.3055555555555556,0.057145116412974394,0.9428543835289448
24,0.3194444444444444,0.054187863711146866,0.9458120787240162
25,0.3333333333333333,0.05196995083729069,0.9480305967758534
26,0.3472222222222222,0.05034696609484196,0.9496538496540067
27,0.3611111111111111,0.049198912320178007,0.9508016784159877
28,0.375,0.04842512696886496,0.9515750213097202
29,0.3888888888888889,0.04794048789662605,0.9520593932063504
30,0.4027777777777778,0.04767265295611205,0.9523273039353903
31,0.4166666666666667,0.04756011846813909,0.952440126415207
32,0.4305555555555556,0.0475509092284882,0.9524495866133694
33,0.4444444444444444,0.047601738474416136,0.9523988186765603
34,0.4583333333333333,0.047677504609800796,0.9523229410411116
35,0.4722222222222222,0.047751019666763025,0.9522492537762248
36,0.4861111111111111,0.04780288796379795,0.952197253923087
37,0.5,0.047821470750950695,0.9521786264146475
38,0.5138888888888888,0.04780288707747358,0.9521972616381998
39,0.5277777777777778,0.04775101798351912,0.9522492684858166
40,0.5416666666666666,0.04767750228945745,0.9523229614967736
41,0.5555555555555556,0.047601735710673075,0.9523988432429555
42,0.5694444444444444,0.04755090620819708,0.952449613389336
43,0.5833333333333334,0.04756011529678517,0.9524401540265877
44,0.5972222222222222,0.04767264960729561,0.9523273313457391
45,0.6111111111111112,0.04794048414374267,0.9520594202224861
46,0.625,0.04842512231077173,0.9515750489447352
47,0.6388888888888888,0.0491989059280563,0.9508017086449119
48,0.6527777777777778,0.05034695673095722,0.9496538858584748
49,0.6666666666666666,0.0519699367950018,0.948030643250087
50,0.6805555555555556,0.054187842721582266,0.9458121407709815
51,0.6944444444444444,0.05714508553669024,0.9428544674640378
52,0.7083333333333334,0.061017150342984224,0.9389824762016594
53,0.7222222222222222,0.06601914182207515,0.9339808245943678
54,0.7361111111111112,0.07241641980893762,0.927583577303176
55,0.75,0.08053717622732164,0.919462379758668
56,0.7638888888888888,0.0907860137184684,0.9092132268395771
57,0.7777777777777778,0.10365611989585478,0.896343587269407
58,0.7916666666666666,0.11973520328253068,0.8802654299905964
59,0.8055555555555556,0.13969672973630717,0.860304135553692
60,0.8194444444444444,0.16426339203221169,0.8357365545857569
61,0.8333333333333334,0.19412585759143114,0.8058731158755241
62,0.8472222222222222,0.2298012731127139,0.7701978891635013
63,0.8611111111111112,0.2714303526921461,0.7285697168782179
64,0.875,0.3185450613636389,0.6814553857743839
65,0.8888888888888888,0.36988457856561135,0.6301156352051714
66,0.9027777777777778,0.42336719709275256,0.5766327790886923
67,0.9166666666666666,0.47629712607296604,0.5237026435211349
68,0.9305555555555556,0.5257788931848159,0.47422075851564527
69,0.9444444444444444,0.5691860723321598,0.430813783821269
70,0.9583333333333334,0.6044950844270947,0.3955049867285478
71,0.9722222222222222,0.6303839410840312,0.3696160338636362
72,0.9861111111111112,0.6461278092495515,0.35387196785230324
