c2,case_count,eligible,pointwise_mean_loss,composition_balanced_loss,stratified_balanced_loss,period_mae,period_max_abs,profile_rms_mean,profile_rms_max,near_period_mae,intermediate_period_mae,far_period_mae,near_profile_rms,intermediate_profile_rms,far_profile_rms,complete,rank
0.06,146,True,2.807650925167023,3.919351109472795,3.9334732500008247,0.02550011315703773,0.084475701438398,0.01166767113370193,0.037130035890341966,0.021009415606832216,0.02705245448184051,0.028296062963785465,0.011697900713954552,0.011613972083606367,0.011688707123944396,True,1
0.04,146,True,2.996849154004762,3.9694306058901674,3.975520200533352,0.028118261958807792,0.08123724638894758,0.010963939948162863,0.03188148322351992,0.021353616205240886,0.030145923776910204,0.032616357855286195,0.0098095219875868,0.011448321447520894,0.011604060176355482,True,2
0.08,146,True,2.7449950995115704,3.977018967578427,3.997223060429267,0.023279142471634443,0.08720393644452307,0.012777154083664038,0.041651096751613347,0.020893153135771874,0.024302121407094892,0.02458203420015919,0.013854281151205088,0.012245455346816005,0.012253384306995158,True,3
0.1,146,True,2.76455022075029,4.101722344505483,4.126992838239281,0.02136830666637483,0.08955884229144073,0.014106982546559085,0.045631143673126096,0.020983400472139896,0.02181915007011155,0.02131508818299543,0.01608964427624401,0.013206624182040489,0.013070689999647276,True,4
0.12,146,True,2.8387217490877497,4.26832036173423,4.298296611638011,0.019738200267043173,0.09162500320381972,0.015519589403517097,0.049189301843777726,0.021339645919706617,0.019558755115051098,0.018396328322254598,0.018280791222951245,0.014406983494643335,0.013946153920854899,True,5
0.16,146,True,3.0906889206036348,4.676790550993062,4.7157055280623394,0.017299920899117367,0.09509700480068206,0.018251913271985592,0.05534417574894891,0.022656359806625625,0.016061951778292522,0.013399440136732487,0.022341515441021188,0.01709416646005259,0.015469819076831521,True,6
0.0,146,True,4.286301347766896,4.901813395848836,4.8775500865536845,0.035451191653738556,0.0726131833192789,0.013744997660387916,0.02076984033723882,0.022705980184233105,0.03826963638403129,0.04484929455986607,0.008332544189051007,0.015552365309490033,0.017173458192081485,True,7
0.2,146,True,3.3928893833669465,5.083979616648079,5.1357039897230194,0.01664295995877042,0.0979128576596141,0.02057048489207788,0.060540264745173406,0.024203055434398574,0.01578689502469029,0.010316498568017774,0.025954339874957915,0.019684233251791656,0.016320068968846725,True,8
0.24,146,True,3.7215929577049494,5.490078069946369,5.555886999794031,0.018036305105632183,0.10027907831746619,0.022456051284747407,0.06502363197224678,0.025721384145444653,0.017029603459386,0.011731034193133589,0.029186174916131024,0.02177426407447601,0.016750130982322742,True,9
