transition,chiN,fA,bracket_width,claim_kind,status,acceptance_basis,source
C/O70,10.8,0.4684298370882233,0.0005000000000000004,boundary_bracket,accepted,accepted_signed_fcc_o70_bracket,/home/lyx/projects/dfm/Glenn_DFT_Paper01/MonteCarlo/results/bvk2_fcc_o70_boundary_campaign/boundary_brackets.csv
C/O70,10.9,0.46193464478390084,0.0005000000000000004,boundary_bracket,accepted,accepted_signed_fcc_o70_bracket,/home/lyx/projects/dfm/Glenn_DFT_Paper01/MonteCarlo/results/bvk2_fcc_o70_boundary_campaign/boundary_brackets.csv
C/O70,11.0,0.45646039849551656,0.0010000000000000009,boundary_bracket,accepted,accepted_signed_fcc_o70_bracket,/home/lyx/projects/dfm/Glenn_DFT_Paper01/MonteCarlo/results/bvk2_fcc_o70_boundary_campaign/boundary_brackets.csv
C/O70,11.1,0.45167682749981247,0.0010000000000000009,boundary_bracket,accepted,accepted_signed_fcc_o70_bracket,/home/lyx/projects/dfm/Glenn_DFT_Paper01/MonteCarlo/results/bvk2_fcc_o70_boundary_campaign/boundary_brackets.csv
C/O70,11.25,0.4454389032296342,0.0005000000000000004,boundary_bracket,accepted,accepted_signed_fcc_o70_bracket,/home/lyx/projects/dfm/Glenn_DFT_Paper01/MonteCarlo/results/bvk2_fcc_o70_boundary_campaign/boundary_brackets.csv
C/O70,11.3,0.44355340000378046,0.0005000000000000004,boundary_bracket,accepted,accepted_signed_fcc_o70_bracket,/home/lyx/projects/dfm/Glenn_DFT_Paper01/MonteCarlo/results/bvk2_fcc_o70_boundary_campaign/boundary_brackets.csv
C/O70,11.5,0.43675897450952533,0.0005000000000000004,boundary_bracket,accepted,accepted_signed_fcc_o70_bracket,/home/lyx/projects/dfm/Glenn_DFT_Paper01/MonteCarlo/results/bvk2_fcc_o70_boundary_campaign/boundary_brackets.csv
C/O70,11.75,0.42950399808241424,4.999999999999449e-05,boundary_bracket,accepted,accepted_signed_fcc_o70_bracket,/home/lyx/projects/dfm/Glenn_DFT_Paper01/MonteCarlo/results/bvk2_fcc_o70_boundary_campaign/boundary_brackets.csv
C/O70,12.0,0.4234133228311478,0.0005000000000000004,boundary_bracket,accepted,accepted_signed_fcc_o70_bracket,/home/lyx/projects/dfm/Glenn_DFT_Paper01/MonteCarlo/results/bvk2_fcc_o70_boundary_campaign/boundary_brackets.csv
FCC/BCC,25.0,0.1796488640714462,4.999999999999449e-05,boundary_bracket,accepted,accepted_strict_matched_dx_equilibrium_boundary,/home/lyx/projects/dfm/Glenn_DFT_Paper01/MonteCarlo/results/bvk2_fcc_o70_boundary_campaign/matched_dx_fcc_boundary_brackets.csv
FCC/BCC,30.0,0.1590932996039289,1.9999999999992246e-05,boundary_bracket,accepted,accepted_strict_matched_dx_equilibrium_boundary,/home/lyx/projects/dfm/Glenn_DFT_Paper01/MonteCarlo/results/bvk2_fcc_o70_boundary_campaign/matched_dx_fcc_boundary_brackets.csv
FCC/BCC,35.0,0.14339145065584075,9.999999999998899e-05,boundary_bracket,accepted,accepted_strict_matched_dx_equilibrium_boundary,/home/lyx/projects/dfm/Glenn_DFT_Paper01/MonteCarlo/results/bvk2_fcc_o70_boundary_campaign/matched_dx_fcc_boundary_brackets.csv
FCC/BCC,40.0,0.13423544925285502,4.8263401000003814e-05,boundary_bracket,accepted,accepted_strict_matched_dx_equilibrium_boundary,/home/lyx/projects/dfm/Glenn_DFT_Paper01/MonteCarlo/results/bvk2_fcc_o70_boundary_campaign/matched_dx_fcc_boundary_brackets.csv
FCC/BCC,45.0,0.1260591027288249,9.999999999998899e-05,boundary_bracket,accepted,accepted_strict_matched_dx_equilibrium_boundary,/home/lyx/projects/dfm/Glenn_DFT_Paper01/MonteCarlo/results/bvk2_fcc_o70_boundary_campaign/matched_dx_fcc_boundary_brackets.csv
FCC/BCC,50.0,0.11638803142970747,5.9999999999990616e-05,boundary_bracket,accepted,accepted_strict_matched_dx_equilibrium_boundary,/home/lyx/projects/dfm/Glenn_DFT_Paper01/MonteCarlo/results/bvk2_fcc_o70_boundary_campaign/matched_dx_fcc_boundary_brackets.csv
FCC/DIS,25.0,0.17819984723881058,8.500000000000174e-05,boundary_bracket,accepted,accepted_strict_matched_dx_equilibrium_boundary,/home/lyx/projects/dfm/Glenn_DFT_Paper01/MonteCarlo/results/bvk2_fcc_o70_boundary_campaign/matched_dx_fcc_boundary_brackets.csv
FCC/DIS,30.0,0.15368067307556843,1.2499999999998623e-05,boundary_bracket,accepted,accepted_strict_matched_dx_equilibrium_boundary,/home/lyx/projects/dfm/Glenn_DFT_Paper01/MonteCarlo/results/bvk2_fcc_o70_boundary_campaign/matched_dx_fcc_boundary_brackets.csv
FCC/DIS,35.0,0.13598951333611586,4.000000000001225e-05,boundary_bracket,accepted,accepted_strict_matched_dx_equilibrium_boundary,/home/lyx/projects/dfm/Glenn_DFT_Paper01/MonteCarlo/results/bvk2_fcc_o70_boundary_campaign/matched_dx_fcc_boundary_brackets.csv
FCC/DIS,40.0,0.12249357704359014,9.999999999998899e-05,boundary_bracket,accepted,accepted_strict_matched_dx_equilibrium_boundary,/home/lyx/projects/dfm/Glenn_DFT_Paper01/MonteCarlo/results/bvk2_fcc_o70_boundary_campaign/matched_dx_fcc_boundary_brackets.csv
FCC/DIS,45.0,0.1118020301344965,0.00010000000000000286,boundary_bracket,accepted,accepted_strict_matched_dx_equilibrium_boundary,/home/lyx/projects/dfm/Glenn_DFT_Paper01/MonteCarlo/results/bvk2_fcc_o70_boundary_campaign/matched_dx_fcc_boundary_brackets.csv
FCC/DIS,50.0,0.10307463626864063,0.00010000000000000286,boundary_bracket,accepted,accepted_strict_matched_dx_equilibrium_boundary,/home/lyx/projects/dfm/Glenn_DFT_Paper01/MonteCarlo/results/bvk2_fcc_o70_boundary_campaign/matched_dx_fcc_boundary_brackets.csv
G/C,13.0,0.40062136278264043,0.0018090085836106051,boundary_bracket,accepted,BVK2 fA-direction root; stress-free 64^3-GYR/48^3-BCC campaign grids; c2=0.16 frozen; reference prior=accepted_phase_boundaries.csv (covered=true); Richardson grid-corrected (shift +0.00366; both competitors extrapolated to dx->0 via E=E_inf-C*dx^2),/home/lyx/projects/dfm/Glenn_DFT_Paper01/MonteCarlo/results/bvk2_gc_gl_boundary_campaign
G/C,14.0,0.38548212248320873,0.0019100860515960938,boundary_bracket,accepted,BVK2 fA-direction root; stress-free 64^3-GYR/48^3-BCC campaign grids; c2=0.16 frozen; reference prior=accepted_phase_boundaries.csv (covered=true); Richardson grid-corrected (shift +0.00400; both competitors extrapolated to dx->0 via E=E_inf-C*dx^2),/home/lyx/projects/dfm/Glenn_DFT_Paper01/MonteCarlo/results/bvk2_gc_gl_boundary_campaign
G/C,16.0,0.3675213527316551,0.0012165427832563358,boundary_bracket,accepted,BVK2 fA-direction root; stress-free 64^3-GYR/48^3-BCC campaign grids; c2=0.16 frozen; reference prior=confirmed_gc_gl_boundaries.csv (covered=true); Richardson grid-corrected (shift +0.00519; both competitors extrapolated to dx->0 via E=E_inf-C*dx^2),/home/lyx/projects/dfm/Glenn_DFT_Paper01/MonteCarlo/results/bvk2_gc_gl_boundary_campaign
G/C,18.0,0.35813143504111017,0.001796434970232741,boundary_bracket,accepted,BVK2 fA-direction root; stress-free 64^3-GYR/48^3-BCC campaign grids; c2=0.16 frozen; reference prior=accepted_phase_boundaries.csv (covered=true); Richardson grid-corrected (shift +0.00687; both competitors extrapolated to dx->0 via E=E_inf-C*dx^2),/home/lyx/projects/dfm/Glenn_DFT_Paper01/MonteCarlo/results/bvk2_gc_gl_boundary_campaign
G/C,20.0,0.3532172668643357,0.0019671727556132557,boundary_bracket,accepted,BVK2 fA-direction root; stress-free 96^3-GYR/48^3-BCC campaign grids; c2=0.16 frozen; reference prior=accepted_phase_boundaries.csv (covered=true); Richardson grid-corrected (shift +0.00884; both competitors extrapolated to dx->0 via E=E_inf-C*dx^2),/home/lyx/projects/dfm/Glenn_DFT_Paper01/MonteCarlo/results/bvk2_gc_gl_boundary_campaign
G/C,22.0,0.35215268844996034,0.001083198694806442,boundary_bracket,accepted,BVK2 fA-direction root; stress-free 96^3-GYR/48^3-BCC campaign grids; c2=0.16 frozen; reference prior=accepted_phase_boundaries.csv (covered=true); Richardson grid-corrected (shift +0.01224; both competitors extrapolated to dx->0 via E=E_inf-C*dx^2),/home/lyx/projects/dfm/Glenn_DFT_Paper01/MonteCarlo/results/bvk2_gc_gl_boundary_campaign
G/C,25.0,0.3511528827447836,0.0012500000000000289,boundary_bracket,accepted,BVK2 fA-direction root; stress-free 96^3-GYR/48^3-BCC campaign grids; c2=0.16 frozen; reference prior=accepted_phase_boundaries.csv (covered=true); Richardson grid-corrected (shift +0.01582; both competitors extrapolated to dx->0 via E=E_inf-C*dx^2),/home/lyx/projects/dfm/Glenn_DFT_Paper01/MonteCarlo/results/bvk2_gc_gl_boundary_campaign
G/C,27.0,0.3514284014905044,0.0009165708922134197,boundary_bracket,accepted,BVK2 fA-direction root; stress-free 96^3-GYR/48^3-BCC campaign grids; c2=0.16 frozen; reference prior=accepted_phase_boundaries.csv (covered=true); Richardson grid-corrected (shift +0.01859; both competitors extrapolated to dx->0 via E=E_inf-C*dx^2),/home/lyx/projects/dfm/Glenn_DFT_Paper01/MonteCarlo/results/bvk2_gc_gl_boundary_campaign
G/C,30.0,0.3534856629911344,0.0020000000000000018,boundary_bracket,accepted,BVK2 Uneyama-Doi theta-before-discretization; global adaptive-curvature sensor filter r=6; direct factor-3 GYR 96^3 and CYL 128x224 energies; signed fixed-chiN fA bracket,/home/lyx/projects/dfm/Glenn_DFT_Paper01/MonteCarlo/results/bvk2_ud_theta_gc_filtered_r6/boundary_points.csv
G/C,32.0,0.35456700506610817,0.0020000000000000018,boundary_bracket,accepted,BVK2 Uneyama-Doi theta-before-discretization; global adaptive-curvature sensor filter r=6; direct factor-3 GYR 96^3 and CYL 128x224 energies; signed fixed-chiN fA bracket,/home/lyx/projects/dfm/Glenn_DFT_Paper01/MonteCarlo/results/bvk2_ud_theta_gc_filtered_r6/boundary_points.csv
G/C,34.0,0.3556581645817294,0.0020000000000000018,boundary_bracket,accepted,BVK2 Uneyama-Doi theta-before-discretization; global adaptive-curvature sensor filter r=6; direct factor-3 GYR 96^3 and CYL 128x224 energies; signed fixed-chiN fA bracket,/home/lyx/projects/dfm/Glenn_DFT_Paper01/MonteCarlo/results/bvk2_ud_theta_gc_filtered_r6/boundary_points.csv
G/C,37.0,0.35722208483087486,0.0020000000000000018,boundary_bracket,accepted,BVK2 Uneyama-Doi theta-before-discretization; global adaptive-curvature sensor filter r=6; direct factor-3 GYR 96^3 and CYL 128x224 energies; signed fixed-chiN fA bracket,/home/lyx/projects/dfm/Glenn_DFT_Paper01/MonteCarlo/results/bvk2_ud_theta_gc_filtered_r6/boundary_points.csv
G/C,40.0,0.35864173200295857,0.0020000000000000018,boundary_bracket,accepted,BVK2 Uneyama-Doi theta-before-discretization; global adaptive-curvature sensor filter r=6; direct factor-3 GYR 96^3 and CYL 128x224 energies; signed fixed-chiN fA bracket,/home/lyx/projects/dfm/Glenn_DFT_Paper01/MonteCarlo/results/bvk2_ud_theta_gc_filtered_r6/boundary_points.csv
G/C,42.0,0.3594949680155688,0.0020000000000000018,boundary_bracket,accepted,BVK2 Uneyama-Doi theta-before-discretization; global adaptive-curvature sensor filter r=6; direct factor-3 GYR 96^3 and CYL 128x224 energies; signed fixed-chiN fA bracket,/home/lyx/projects/dfm/Glenn_DFT_Paper01/MonteCarlo/results/bvk2_ud_theta_gc_filtered_r6/boundary_points.csv
G/C,45.0,0.360629772262422,0.0020000000000000018,boundary_bracket,accepted,BVK2 Uneyama-Doi theta-before-discretization; global adaptive-curvature sensor filter r=6; direct factor-3 GYR 96^3 and CYL 128x224 energies; signed fixed-chiN fA bracket,/home/lyx/projects/dfm/Glenn_DFT_Paper01/MonteCarlo/results/bvk2_ud_theta_gc_filtered_r6/boundary_points.csv
G/C,48.0,0.3615982397429874,0.0019999999999999463,boundary_bracket,accepted,BVK2 Uneyama-Doi theta-before-discretization; global adaptive-curvature sensor filter r=6; direct factor-3 GYR 96^3 and CYL 128x224 energies; signed fixed-chiN fA bracket,/home/lyx/projects/dfm/Glenn_DFT_Paper01/MonteCarlo/results/bvk2_ud_theta_gc_filtered_r6/boundary_points.csv
G/C,50.0,0.3621560136484573,0.0020000000000000018,boundary_bracket,accepted,BVK2 Uneyama-Doi theta-before-discretization; global adaptive-curvature sensor filter r=6; direct factor-3 GYR 96^3 and CYL 128x224 energies; signed fixed-chiN fA bracket,/home/lyx/projects/dfm/Glenn_DFT_Paper01/MonteCarlo/results/bvk2_ud_theta_gc_filtered_r6/boundary_points.csv
G/C,52.0,0.36305832915358827,0.0010000000000000009,boundary_bracket,accepted,BVK2 Uneyama-Doi theta-before-discretization root; signed 3x endpoint audit; fixed-chiN fA bracket,/home/lyx/projects/dfm/Glenn_DFT_Paper01/MonteCarlo/results/bvk2_ud_theta_g_pocket_highchi_ledger/accepted_gc_boundaries.csv
G/C,54.0,0.3624211535554627,0.0010000000000000009,boundary_bracket,accepted,BVK2 Uneyama-Doi theta-before-discretization; direct GYR 112^3 and CYL 96x168 factor-3 energies; signed fixed-chiN fA bracket,/home/lyx/projects/dfm/Glenn_DFT_Paper01/MonteCarlo/results/bvk2_ud_theta_gc_chi54_direct/boundary_point.csv
G/C,55.0,0.3636881094533408,0.0010000000000000009,boundary_bracket,accepted,BVK2 Uneyama-Doi theta-before-discretization root; signed 3x endpoint audit; fixed-chiN fA bracket,/home/lyx/projects/dfm/Glenn_DFT_Paper01/MonteCarlo/results/bvk2_ud_theta_g_pocket_highchi_ledger/accepted_gc_boundaries.csv
G/C,58.0,0.36454899374125577,0.0010000000000000009,boundary_bracket,accepted,BVK2 Uneyama-Doi theta-before-discretization root; signed 3x endpoint audit; fixed-chiN fA bracket,/home/lyx/projects/dfm/Glenn_DFT_Paper01/MonteCarlo/results/bvk2_ud_theta_g_pocket_highchi_ledger/accepted_gc_boundaries.csv
G/C,60.0,0.3649819374095959,0.0010000000000000009,boundary_bracket,accepted,BVK2 Uneyama-Doi theta-before-discretization root; signed 3x endpoint audit; fixed-chiN fA bracket,/home/lyx/projects/dfm/Glenn_DFT_Paper01/MonteCarlo/results/bvk2_ud_theta_g_pocket_highchi_ledger/accepted_gc_boundaries.csv
G/L,15.0,0.4086272909783978,0.0006249999999999867,boundary_bracket,accepted,accepted direct GYR64/LAM1024 signed bracket; final chiN=15 authority after LAM1024-consistent O70 closure audit,/home/lyx/projects/dfm/Glenn_DFT_Paper01/MonteCarlo/results/bvk2_fcc_o70_boundary_campaign/boundary_brackets.csv
G/L,16.0,0.40539053310512596,0.0015000000000000013,boundary_bracket,accepted,BVK2 Uneyama-Doi theta-before-discretization; signed factor-3 matched-spacing GYR 64^3 and LAM N=26 bracket; maximum spacing mismatch 0.242%,/home/lyx/projects/dfm/Glenn_DFT_Paper01/MonteCarlo/results/bvk2_ud_theta_gl_matched_spacing_audit/matched_boundary_promotions.csv
G/L,18.0,0.39889388765914086,0.0015000000000000013,boundary_bracket,accepted,BVK2 Uneyama-Doi theta-before-discretization; signed factor-3 matched-spacing GYR 64^3 and LAM N=26 bracket; maximum spacing mismatch 0.059%,/home/lyx/projects/dfm/Glenn_DFT_Paper01/MonteCarlo/results/bvk2_ud_theta_gl_matched_spacing_audit/matched_boundary_promotions.csv
G/L,20.0,0.3944877824322312,0.0010649315999999853,boundary_bracket,accepted,BVK2 Uneyama-Doi theta-before-discretization; signed factor-3 matched-spacing GYR 96^3 and LAM N=40 bracket; maximum spacing mismatch 2.371%,/home/lyx/projects/dfm/Glenn_DFT_Paper01/MonteCarlo/results/bvk2_ud_theta_gl_matched_spacing_audit/matched_boundary_promotions.csv
G/L,22.0,0.391281898060862,0.0009512756999999761,boundary_bracket,accepted,BVK2 Uneyama-Doi theta-before-discretization; signed factor-3 matched-spacing GYR 96^3 and LAM N=40 bracket; maximum spacing mismatch 2.205%,/home/lyx/projects/dfm/Glenn_DFT_Paper01/MonteCarlo/results/bvk2_ud_theta_gl_matched_spacing_audit/matched_boundary_promotions.csv
G/L,25.0,0.38770304078295925,0.0010462126999999932,boundary_bracket,accepted,BVK2 Uneyama-Doi theta-before-discretization; signed factor-3 matched-spacing GYR 96^3 and LAM N=40 bracket; maximum spacing mismatch 1.996%,/home/lyx/projects/dfm/Glenn_DFT_Paper01/MonteCarlo/results/bvk2_ud_theta_gl_matched_spacing_audit/matched_boundary_promotions.csv
G/L,27.0,0.3857944300262606,0.0017801689999999981,boundary_bracket,accepted,BVK2 Uneyama-Doi theta-before-discretization; signed factor-3 matched-spacing GYR 96^3 and LAM N=40 bracket; maximum spacing mismatch 1.893%,/home/lyx/projects/dfm/Glenn_DFT_Paper01/MonteCarlo/results/bvk2_ud_theta_gl_matched_spacing_audit/matched_boundary_promotions.csv
G/L,30.0,0.38335199862990327,0.0010000000000000009,boundary_bracket,accepted,BVK2 Uneyama-Doi theta-before-discretization; signed factor-3 matched-spacing GYR 96^3 and LAM N=40 bracket; maximum spacing mismatch 1.798%,/home/lyx/projects/dfm/Glenn_DFT_Paper01/MonteCarlo/results/bvk2_ud_theta_gl_matched_spacing_audit/matched_boundary_promotions.csv
G/L,32.0,0.38191627586131477,0.0010997924999999742,boundary_bracket,accepted,BVK2 Uneyama-Doi theta-before-discretization; signed factor-3 matched-spacing GYR 96^3 and LAM N=40 bracket; maximum spacing mismatch 1.717%,/home/lyx/projects/dfm/Glenn_DFT_Paper01/MonteCarlo/results/bvk2_ud_theta_gl_matched_spacing_audit/matched_boundary_promotions.csv
G/L,34.0,0.38059125229287544,0.0010000000000000009,boundary_bracket,accepted,BVK2 Uneyama-Doi theta-before-discretization; signed factor-3 matched-spacing GYR 96^3 and LAM N=40 bracket; maximum spacing mismatch 1.638%,/home/lyx/projects/dfm/Glenn_DFT_Paper01/MonteCarlo/results/bvk2_ud_theta_gl_matched_spacing_audit/matched_boundary_promotions.csv
G/L,37.0,0.37876890083658715,0.0010000000000000009,boundary_bracket,accepted,BVK2 Uneyama-Doi theta-before-discretization; signed factor-3 matched-spacing GYR 96^3 and LAM N=40 bracket; maximum spacing mismatch 1.542%,/home/lyx/projects/dfm/Glenn_DFT_Paper01/MonteCarlo/results/bvk2_ud_theta_gl_matched_spacing_audit/matched_boundary_promotions.csv
G/L,40.0,0.3771026761715718,0.0010000000000000009,boundary_bracket,accepted,BVK2 Uneyama-Doi theta-before-discretization; signed factor-3 matched-spacing GYR 112^3 and LAM N=46 bracket; maximum spacing mismatch 0.051%,/home/lyx/projects/dfm/Glenn_DFT_Paper01/MonteCarlo/results/bvk2_ud_theta_gl_matched_spacing_audit/matched_boundary_promotions.csv
G/L,42.0,0.3760637700718322,0.0010000000000000009,boundary_bracket,accepted,BVK2 Uneyama-Doi theta-before-discretization; signed factor-3 matched-spacing GYR 112^3 and LAM N=46 bracket; maximum spacing mismatch 0.074%,/home/lyx/projects/dfm/Glenn_DFT_Paper01/MonteCarlo/results/bvk2_ud_theta_gl_matched_spacing_audit/matched_boundary_promotions.csv
G/L,45.0,0.37452314023642735,0.0010000000000000009,boundary_bracket,accepted,BVK2 Uneyama-Doi theta-before-discretization; signed factor-3 matched-spacing GYR 112^3 and LAM N=46 bracket; maximum spacing mismatch 0.063%,/home/lyx/projects/dfm/Glenn_DFT_Paper01/MonteCarlo/results/bvk2_ud_theta_gl_matched_spacing_audit/matched_boundary_promotions.csv
G/L,48.0,0.3732038614148298,0.0015000000000000013,boundary_bracket,accepted,BVK2 Uneyama-Doi theta-before-discretization; signed factor-3 matched-spacing GYR 96^3 and LAM N=40 bracket; maximum spacing mismatch 1.352%,/home/lyx/projects/dfm/Glenn_DFT_Paper01/MonteCarlo/results/bvk2_ud_theta_gl_matched_spacing_audit/matched_boundary_promotions.csv
G/L,50.0,0.3723319536111758,0.0010000000000000009,boundary_bracket,accepted,BVK2 Uneyama-Doi theta-before-discretization; signed factor-3 matched-spacing GYR 112^3 and LAM N=46 bracket; maximum spacing mismatch 0.205%,/home/lyx/projects/dfm/Glenn_DFT_Paper01/MonteCarlo/results/bvk2_ud_theta_gl_matched_spacing_audit/matched_boundary_promotions.csv
G/L,51.0,0.371870784056501,0.0010000000000000009,boundary_bracket,accepted,BVK2 Uneyama-Doi theta-before-discretization; signed factor-3 matched-spacing GYR 96^3 and LAM N=40 bracket; maximum spacing mismatch 1.283%,/home/lyx/projects/dfm/Glenn_DFT_Paper01/MonteCarlo/results/bvk2_ud_theta_gl_matched_spacing_audit/matched_boundary_promotions.csv
G/L,52.0,0.36410298960735327,0.0010000000000000009,boundary_bracket,accepted,"BVK2 Uneyama-Doi theta-before-discretization; direct GYR 112^3 and LAM N=1024 optimizer-factor-2, factor-3 energies; signed direct fixed-chiN fA bracket; GYR/LAM cell stresses 0.000626/0.000939 (target, target 0.001, maximum 0.002)",/home/lyx/projects/dfm/Glenn_DFT_Paper01/MonteCarlo/results/bvk2_ud_theta_gl_direct_fine/chi52/long_period_reroot/boundary_point.csv
G/L,53.0,0.37104187267906313,0.0010000000000000009,boundary_bracket,accepted,BVK2 Uneyama-Doi theta-before-discretization; signed factor-3 matched-spacing GYR 112^3 and LAM N=46 bracket; maximum spacing mismatch 0.244%,/home/lyx/projects/dfm/Glenn_DFT_Paper01/MonteCarlo/results/bvk2_ud_theta_gl_matched_spacing_audit/matched_boundary_promotions.csv
G/L,54.0,0.37062227735453607,0.0005000000000000004,boundary_bracket,accepted,BVK2 Uneyama-Doi theta-before-discretization; signed factor-3 matched-spacing GYR 112^3 and LAM N=46 bracket; maximum spacing mismatch 0.243%,/home/lyx/projects/dfm/Glenn_DFT_Paper01/MonteCarlo/results/bvk2_ud_theta_gl_matched_spacing_audit/matched_boundary_promotions.csv
G/L,55.0,0.37017875469977274,0.0010000000000000009,boundary_bracket,accepted,BVK2 Uneyama-Doi theta-before-discretization; signed factor-3 matched-spacing GYR 112^3 and LAM N=46 bracket; maximum spacing mismatch 0.253%,/home/lyx/projects/dfm/Glenn_DFT_Paper01/MonteCarlo/results/bvk2_ud_theta_gl_matched_spacing_audit/matched_boundary_promotions.csv
G/L,58.0,0.36863913642776036,0.0010000000000000009,boundary_bracket,accepted,BVK2 Uneyama-Doi theta-before-discretization; signed factor-3 matched-spacing GYR 96^3 and LAM N=40 bracket; maximum spacing mismatch 1.060%,/home/lyx/projects/dfm/Glenn_DFT_Paper01/MonteCarlo/results/bvk2_ud_theta_gl_matched_spacing_audit/matched_boundary_promotions.csv
G/L,59.0,0.3587038223863515,0.001,boundary_bracket,accepted,"BVK2 Uneyama-Doi theta-before-discretization; direct GYR 112^3 and LAM N=1024 optimizer-factor-2, factor-3 energies; signed direct fixed-chiN fA bracket; GYR/LAM cell stresses 0.000586/3.89e-06 (target, target 0.001, maximum 0.002)",/home/lyx/projects/dfm/Glenn_DFT_Paper01/MonteCarlo/results/bvk2_ud_theta_gl_smoothness_audit/chi59_gl_boundary_point.csv
G/L,60.0,0.35668107615397987,0.0010000000000000009,boundary_bracket,accepted,"BVK2 Uneyama-Doi theta-before-discretization; direct GYR 112^3 and LAM N=1024 optimizer-factor-2, factor-3 energies; signed direct fixed-chiN fA bracket; GYR/LAM cell stresses 0.00148/0.000701 (fallback, target 0.001, maximum 0.002)",/home/lyx/projects/dfm/Glenn_DFT_Paper01/MonteCarlo/results/bvk2_ud_theta_gl_direct_fine/chi60_signed_reroot/boundary_point.csv
G/O70,12.5,0.41880407178783025,0.0010000000000000009,boundary_bracket,accepted,accepted_signed_fcc_o70_bracket,/home/lyx/projects/dfm/Glenn_DFT_Paper01/MonteCarlo/results/bvk2_fcc_o70_boundary_campaign/boundary_brackets.csv
G/O70,13.0,0.41552357506365895,0.0006940000000000279,boundary_bracket,accepted,accepted_signed_fcc_o70_bracket,/home/lyx/projects/dfm/Glenn_DFT_Paper01/MonteCarlo/results/bvk2_fcc_o70_boundary_campaign/boundary_brackets.csv
G/O70,13.5,0.4130708391675795,0.0009359999999999924,boundary_bracket,accepted,accepted_signed_fcc_o70_bracket,/home/lyx/projects/dfm/Glenn_DFT_Paper01/MonteCarlo/results/bvk2_fcc_o70_boundary_campaign/boundary_brackets.csv
G/O70,14.5,0.4098021778567983,0.0010000000000000009,boundary_bracket,accepted,accepted_signed_fcc_o70_bracket,/home/lyx/projects/dfm/Glenn_DFT_Paper01/MonteCarlo/results/bvk2_fcc_o70_boundary_campaign/boundary_brackets.csv
G/O70,14.6,0.40956824456192176,0.0007999999999999674,boundary_bracket,accepted,accepted_signed_fcc_o70_bracket,/home/lyx/projects/dfm/Glenn_DFT_Paper01/MonteCarlo/results/bvk2_fcc_o70_boundary_campaign/boundary_brackets.csv
G/O70,14.8,0.409146190739956,0.0005999999999999894,boundary_bracket,accepted,accepted_signed_fcc_o70_bracket,/home/lyx/projects/dfm/Glenn_DFT_Paper01/MonteCarlo/results/bvk2_fcc_o70_boundary_campaign/boundary_brackets.csv
O70/L,10.8,0.4700486730261429,0.0005000000000000004,boundary_bracket,accepted,accepted_signed_fcc_o70_bracket,/home/lyx/projects/dfm/Glenn_DFT_Paper01/MonteCarlo/results/bvk2_fcc_o70_boundary_campaign/boundary_brackets.csv
O70/L,10.9,0.46611960516880896,0.0010000000000000009,boundary_bracket,accepted,accepted_signed_fcc_o70_bracket,/home/lyx/projects/dfm/Glenn_DFT_Paper01/MonteCarlo/results/bvk2_fcc_o70_boundary_campaign/boundary_brackets.csv
O70/L,11.0,0.46263279899788656,0.00024999999999997247,boundary_bracket,accepted,accepted_signed_fcc_o70_bracket,/home/lyx/projects/dfm/Glenn_DFT_Paper01/MonteCarlo/results/bvk2_fcc_o70_boundary_campaign/boundary_brackets.csv
O70/L,11.1,0.4594452492636559,0.0010000000000000009,boundary_bracket,accepted,accepted_signed_fcc_o70_bracket,/home/lyx/projects/dfm/Glenn_DFT_Paper01/MonteCarlo/results/bvk2_fcc_o70_boundary_campaign/boundary_brackets.csv
O70/L,11.25,0.45539090561425766,0.0001108363533716128,boundary_bracket,accepted,accepted_signed_fcc_o70_bracket,/home/lyx/projects/dfm/Glenn_DFT_Paper01/MonteCarlo/results/bvk2_fcc_o70_boundary_campaign/boundary_brackets.csv
O70/L,11.3,0.4541496999273777,0.0005000000000000004,boundary_bracket,accepted,accepted_signed_fcc_o70_bracket,/home/lyx/projects/dfm/Glenn_DFT_Paper01/MonteCarlo/results/bvk2_fcc_o70_boundary_campaign/boundary_brackets.csv
O70/L,11.5,0.44958036272829555,0.0007999999999999674,boundary_bracket,accepted,accepted_signed_fcc_o70_bracket,/home/lyx/projects/dfm/Glenn_DFT_Paper01/MonteCarlo/results/bvk2_fcc_o70_boundary_campaign/boundary_brackets.csv
O70/L,11.75,0.4445895350031847,0.0008999999999999564,boundary_bracket,accepted,accepted_signed_fcc_o70_bracket,/home/lyx/projects/dfm/Glenn_DFT_Paper01/MonteCarlo/results/bvk2_fcc_o70_boundary_campaign/boundary_brackets.csv
O70/L,12.0,0.4401710192754148,0.00030000000000002247,boundary_bracket,accepted,accepted_signed_fcc_o70_bracket,/home/lyx/projects/dfm/Glenn_DFT_Paper01/MonteCarlo/results/bvk2_fcc_o70_boundary_campaign/boundary_brackets.csv
O70/L,12.5,0.4325563431191179,4.999999999999449e-05,boundary_bracket,accepted,accepted_signed_fcc_o70_bracket,/home/lyx/projects/dfm/Glenn_DFT_Paper01/MonteCarlo/results/bvk2_fcc_o70_boundary_campaign/boundary_brackets.csv
O70/L,13.0,0.4264800561387667,0.00014399999999997748,boundary_bracket,accepted,accepted_signed_fcc_o70_bracket,/home/lyx/projects/dfm/Glenn_DFT_Paper01/MonteCarlo/results/bvk2_fcc_o70_boundary_campaign/boundary_brackets.csv
O70/L,13.5,0.4206286223956397,0.0010000000000000009,boundary_bracket,accepted,accepted_signed_fcc_o70_bracket,/home/lyx/projects/dfm/Glenn_DFT_Paper01/MonteCarlo/results/bvk2_fcc_o70_boundary_campaign/boundary_brackets.csv
O70/L,14.0,0.41577073366897715,0.0004504999999999648,boundary_bracket,accepted,accepted_signed_fcc_o70_bracket,/home/lyx/projects/dfm/Glenn_DFT_Paper01/MonteCarlo/results/bvk2_fcc_o70_boundary_campaign/boundary_brackets.csv
O70/L,14.5,0.41188133303193186,0.0005000000000000004,boundary_bracket,accepted,accepted_signed_fcc_o70_bracket,/home/lyx/projects/dfm/Glenn_DFT_Paper01/MonteCarlo/results/bvk2_fcc_o70_boundary_campaign/boundary_brackets.csv
O70/L,14.6,0.41142957682056175,0.0008000000000000229,boundary_bracket,accepted,accepted_signed_fcc_o70_bracket,/home/lyx/projects/dfm/Glenn_DFT_Paper01/MonteCarlo/results/bvk2_fcc_o70_boundary_campaign/boundary_brackets.csv
O70/L,14.8,0.40996066891524485,0.0006000000000000449,boundary_bracket,accepted,accepted_signed_fcc_o70_bracket,/home/lyx/projects/dfm/Glenn_DFT_Paper01/MonteCarlo/results/bvk2_fcc_o70_boundary_campaign/boundary_brackets.csv
S/C,10.757187499999999,0.45,0.015000000000000568,boundary_bracket,accepted,fixed-fA BVK2 BCC/CYL signed free-energy bracket; BCC 48^3 and CYL 48x84 production grids; Delta chiN <= 0.05,/home/lyx/projects/dfm/Glenn_DFT_Paper01/MonteCarlo/results/bvk2_sc_fixed_fa_chi_continuation/refinement/fA0p450000_scft1/points/S_C_target_fA0p450000.csv
S/C,10.8575,0.44,0.015000000000000568,boundary_bracket,accepted,fixed-fA BVK2 BCC/CYL signed free-energy bracket; BCC 48^3 and CYL 48x84 production grids; Delta chiN <= 0.05,/home/lyx/projects/dfm/Glenn_DFT_Paper01/MonteCarlo/results/bvk2_sc_fixed_fa_chi_continuation/refinement/fA0p440000_scft1/points/S_C_target_fA0p440000.csv
S/C,10.9746875,0.43,0.015000000000000568,boundary_bracket,accepted,fixed-fA BVK2 BCC/CYL signed free-energy bracket; BCC 48^3 and CYL 48x84 production grids; Delta chiN <= 0.05,/home/lyx/projects/dfm/Glenn_DFT_Paper01/MonteCarlo/results/bvk2_sc_fixed_fa_chi_continuation/refinement/fA0p430000_scft1/points/S_C_target_fA0p430000.csv
S/C,11.1,0.42,0.025000000000000355,boundary_bracket,accepted,fixed-fA BVK2 BCC/CYL signed free-energy bracket; BCC 48^3 and CYL 48x84 production grids; Delta chiN <= 0.05,/home/lyx/projects/dfm/Glenn_DFT_Paper01/MonteCarlo/results/bvk2_sc_fixed_fa_chi_continuation/refinement/fA0p420000_local3/points/S_C_target_fA0p420000.csv
S/C,11.267303167342499,0.41,0.04519683265750096,boundary_bracket,accepted,fixed-fA BVK2 BCC/CYL signed free-energy bracket; BCC 48^3 and CYL 48x84 production grids; Delta chiN <= 0.05,/home/lyx/projects/dfm/Glenn_DFT_Paper01/MonteCarlo/results/bvk2_sc_fixed_fa_chi_continuation/points/S_C_target_fA0p410000.csv
S/C,11.45,0.4,0.025000000000000355,boundary_bracket,accepted,fixed-fA BVK2 BCC/CYL signed free-energy bracket; BCC 48^3 and CYL 48x84 production grids; Delta chiN <= 0.05,/home/lyx/projects/dfm/Glenn_DFT_Paper01/MonteCarlo/results/bvk2_sc_fixed_fa_chi_continuation/refinement/fA0p400000_local3/points/S_C_target_fA0p400000.csv
S/C,12.0,0.37611317023429763,0.0007979048267002242,boundary_bracket,accepted,BVK2 fA-direction root; stress-free 64^3-GYR/48^3-BCC campaign grids; c2=0.16 frozen; reference prior=accepted_phase_boundaries.csv (covered=true); Richardson grid-corrected (shift +0.00016; both competitors extrapolated to dx->0 via E=E_inf-C*dx^2),/home/lyx/projects/dfm/Glenn_DFT_Paper01/MonteCarlo/results/bvk2_gc_gl_boundary_campaign
S/C,13.0,0.3449701103958254,0.001129343848607578,boundary_bracket,accepted,BVK2 fA-direction root; stress-free 64^3-GYR/48^3-BCC campaign grids; c2=0.16 frozen; reference prior=accepted_phase_boundaries.csv (covered=true); Richardson grid-corrected (shift +0.00008; both competitors extrapolated to dx->0 via E=E_inf-C*dx^2),/home/lyx/projects/dfm/Glenn_DFT_Paper01/MonteCarlo/results/bvk2_gc_gl_boundary_campaign
S/C,14.0,0.322268128049595,0.0010988438945301882,boundary_bracket,accepted,BVK2 fA-direction root; stress-free 64^3-GYR/48^3-BCC campaign grids; c2=0.16 frozen; reference prior=accepted_phase_boundaries.csv (covered=true); Richardson grid-corrected (shift +0.00003; both competitors extrapolated to dx->0 via E=E_inf-C*dx^2),/home/lyx/projects/dfm/Glenn_DFT_Paper01/MonteCarlo/results/bvk2_gc_gl_boundary_campaign
S/C,15.0,0.3045143468186049,0.0016657879378443319,boundary_bracket,accepted,BVK2 fA-direction root; stress-free 64^3-GYR/48^3-BCC campaign grids; c2=0.16 frozen; reference prior=accepted_phase_boundaries.csv (covered=true); Richardson grid-corrected (shift -0.00002; both competitors extrapolated to dx->0 via E=E_inf-C*dx^2),/home/lyx/projects/dfm/Glenn_DFT_Paper01/MonteCarlo/results/bvk2_gc_gl_boundary_campaign
S/C,16.0,0.2902070187762115,0.001464427108850419,boundary_bracket,accepted,BVK2 fA-direction root; stress-free 64^3-GYR/48^3-BCC campaign grids; c2=0.16 frozen; reference prior=ud_scft_boundaries_from_eps.csv (covered=true); Richardson grid-corrected (shift -0.00006; both competitors extrapolated to dx->0 via E=E_inf-C*dx^2),/home/lyx/projects/dfm/Glenn_DFT_Paper01/MonteCarlo/results/bvk2_gc_gl_boundary_campaign
S/C,18.0,0.2662779711148658,0.0017584710712106877,boundary_bracket,accepted,BVK2 fA-direction root; stress-free 64^3-GYR/48^3-BCC campaign grids; c2=0.16 frozen; reference prior=ud_scft_boundaries_from_eps.csv (covered=true); Richardson grid-corrected (shift -0.00214; both competitors extrapolated to dx->0 via E=E_inf-C*dx^2),/home/lyx/projects/dfm/Glenn_DFT_Paper01/MonteCarlo/results/bvk2_gc_gl_boundary_campaign
S/C,20.0,0.2499985574500409,0.0016238891054614624,boundary_bracket,accepted,BVK2 fA-direction root; stress-free 64^3-GYR/48^3-BCC campaign grids; c2=0.16 frozen; reference prior=ud_scft_boundaries_from_eps.csv (covered=true); Richardson grid-corrected (shift -0.00213; both competitors extrapolated to dx->0 via E=E_inf-C*dx^2),/home/lyx/projects/dfm/Glenn_DFT_Paper01/MonteCarlo/results/bvk2_gc_gl_boundary_campaign
S/C,22.0,0.23905155855162213,0.0019202696857490709,boundary_bracket,accepted,BVK2 fA-direction root; stress-free 64^3-GYR/48^3-BCC campaign grids; c2=0.16 frozen; reference prior=accepted_phase_boundaries.csv (covered=true); Richardson grid-corrected (shift -0.00197; both competitors extrapolated to dx->0 via E=E_inf-C*dx^2),/home/lyx/projects/dfm/Glenn_DFT_Paper01/MonteCarlo/results/bvk2_gc_gl_boundary_campaign
S/C,25.0,0.22629380210969618,0.0018749999999999878,boundary_bracket,accepted,BVK2 fA-direction root; stress-free 64^3-GYR/48^3-BCC campaign grids; c2=0.16 frozen; reference prior=accepted_phase_boundaries.csv (covered=true); Richardson grid-corrected (shift -0.00216; both competitors extrapolated to dx->0 via E=E_inf-C*dx^2),/home/lyx/projects/dfm/Glenn_DFT_Paper01/MonteCarlo/results/bvk2_gc_gl_boundary_campaign
S/C,30.0,0.21486685540147166,0.0015755271122603054,boundary_bracket,accepted,BVK2 fA-direction root; stress-free 64^3-GYR/48^3-BCC campaign grids; c2=0.16 frozen; reference prior=accepted_phase_boundaries.csv (covered=true); Richardson grid-corrected (shift -0.00243; both competitors extrapolated to dx->0 via E=E_inf-C*dx^2),/home/lyx/projects/dfm/Glenn_DFT_Paper01/MonteCarlo/results/bvk2_gc_gl_boundary_campaign
S/C,35.0,0.2105879469882431,0.0016427746360215545,boundary_bracket,accepted,BVK2 fA-direction root; stress-free 64^3-GYR/48^3-BCC campaign grids; c2=0.16 frozen; reference prior=accepted_phase_boundaries.csv (covered=true); Richardson grid-corrected (shift -0.00186; both competitors extrapolated to dx->0 via E=E_inf-C*dx^2),/home/lyx/projects/dfm/Glenn_DFT_Paper01/MonteCarlo/results/bvk2_gc_gl_boundary_campaign
S/C,40.0,0.20830419495407895,0.001,boundary_bracket,accepted,BVK2 Uneyama-Doi theta-before-discretization root; 3x optimization; signed 4x endpoint audit; fixed-chiN fA bracket,/home/lyx/projects/dfm/Glenn_DFT_Paper01/MonteCarlo/results/bvk2_ud_theta_sc_highchi/chi40/boundary_point.csv
S/C,45.0,0.20770580529200713,0.001,boundary_bracket,accepted,BVK2 Uneyama-Doi theta-before-discretization root; 3x optimization; signed 4x endpoint audit; fixed-chiN fA bracket,/home/lyx/projects/dfm/Glenn_DFT_Paper01/MonteCarlo/results/bvk2_ud_theta_sc_highchi/chi45/boundary_point.csv
S/C,47.5,0.207827654974695,0.001,boundary_bracket,accepted,BVK2 Uneyama-Doi theta-before-discretization root; 3x optimization; signed 4x endpoint audit; fixed-chiN fA bracket,/home/lyx/projects/dfm/Glenn_DFT_Paper01/MonteCarlo/results/bvk2_ud_theta_sc_highchi/chi47p5/boundary_point.csv
S/C,48.0,0.207824845960239,0.001,boundary_bracket,accepted,BVK2 Uneyama-Doi theta-before-discretization root; 3x optimization; signed 4x endpoint audit; fixed-chiN fA bracket,/home/lyx/projects/dfm/Glenn_DFT_Paper01/MonteCarlo/results/bvk2_ud_theta_sc_highchi/chi48/boundary_point.csv
S/C,49.0,0.207628628425548,0.001,boundary_bracket,accepted,BVK2 Uneyama-Doi theta-before-discretization root; 3x optimization; signed 4x endpoint audit; fixed-chiN fA bracket,/home/lyx/projects/dfm/Glenn_DFT_Paper01/MonteCarlo/results/bvk2_ud_theta_sc_highchi/chi49/boundary_point.csv
S/C,50.0,0.207268710703474,0.001,boundary_bracket,accepted,BVK2 Uneyama-Doi theta-before-discretization root; 3x optimization; signed 4x endpoint audit; fixed-chiN fA bracket,/home/lyx/projects/dfm/Glenn_DFT_Paper01/MonteCarlo/results/bvk2_ud_theta_sc_highchi/chi50/boundary_point.csv
S/C,52.0,0.2063873148298,0.001,boundary_bracket,accepted,BVK2 Uneyama-Doi theta-before-discretization root; 3x optimization; signed 4x endpoint audit; fixed-chiN fA bracket,/home/lyx/projects/dfm/Glenn_DFT_Paper01/MonteCarlo/results/bvk2_ud_theta_sc_highchi/chi52/boundary_point.csv
S/C,55.0,0.204355154271983,0.001,boundary_bracket,accepted,BVK2 Uneyama-Doi theta-before-discretization root; 3x optimization; signed 4x endpoint audit; fixed-chiN fA bracket,/home/lyx/projects/dfm/Glenn_DFT_Paper01/MonteCarlo/results/bvk2_ud_theta_sc_highchi/chi55/boundary_point.csv
S/C,58.0,0.202213929337916,0.001,boundary_bracket,accepted,BVK2 Uneyama-Doi theta-before-discretization root; 3x optimization; signed 4x endpoint audit; fixed-chiN fA bracket,/home/lyx/projects/dfm/Glenn_DFT_Paper01/MonteCarlo/results/bvk2_ud_theta_sc_highchi/chi58/boundary_point.csv
S/C,60.0,0.200837836320967,0.001,boundary_bracket,accepted,BVK2 Uneyama-Doi theta-before-discretization root; 3x optimization; signed 4x endpoint audit; fixed-chiN fA bracket,/home/lyx/projects/dfm/Glenn_DFT_Paper01/MonteCarlo/results/bvk2_ud_theta_sc_highchi/chi60/boundary_point.csv
S/DIS,10.5828125,0.49,0.007500000000000284,boundary_bracket,accepted,fixed-fA BVK2 BCC/DIS ordered-branch survival bracket; BCC 48^3 production grid; Delta chiN <= 0.01,/home/lyx/projects/dfm/Glenn_DFT_Paper01/MonteCarlo/results/bvk2_sdis_fixed_fa_chi_refinement
S/DIS,10.60625,0.48,0.007500000000000284,boundary_bracket,accepted,fixed-fA BVK2 BCC/DIS ordered-branch survival bracket; BCC 48^3 production grid; Delta chiN <= 0.01,/home/lyx/projects/dfm/Glenn_DFT_Paper01/MonteCarlo/results/bvk2_sdis_fixed_fa_chi_refinement
S/DIS,10.6446875,0.47,0.007500000000000284,boundary_bracket,accepted,fixed-fA BVK2 BCC/DIS ordered-branch survival bracket; BCC 48^3 production grid; Delta chiN <= 0.01,/home/lyx/projects/dfm/Glenn_DFT_Paper01/MonteCarlo/results/bvk2_sdis_fixed_fa_chi_refinement
S/DIS,10.7,0.46,0.007500000000000284,boundary_bracket,accepted,fixed-fA BVK2 BCC/DIS ordered-branch survival bracket; BCC 48^3 production grid; Delta chiN <= 0.01,/home/lyx/projects/dfm/Glenn_DFT_Paper01/MonteCarlo/results/bvk2_sdis_fixed_fa_chi_refinement
S/DIS,10.7459375,0.45,0.007500000000000284,boundary_bracket,accepted,fixed-fA BVK2 BCC/DIS ordered-branch survival bracket; BCC 48^3 production grid; Delta chiN <= 0.01,/home/lyx/projects/dfm/Glenn_DFT_Paper01/MonteCarlo/results/bvk2_sdis_fixed_fa_chi_refinement
S/DIS,10.82375,0.44,0.007500000000000284,boundary_bracket,accepted,fixed-fA BVK2 BCC/DIS ordered-branch survival bracket; BCC 48^3 production grid; Delta chiN <= 0.01,/home/lyx/projects/dfm/Glenn_DFT_Paper01/MonteCarlo/results/bvk2_sdis_fixed_fa_chi_refinement
S/DIS,10.9184375,0.43,0.007500000000000284,boundary_bracket,accepted,fixed-fA BVK2 BCC/DIS ordered-branch survival bracket; BCC 48^3 production grid; Delta chiN <= 0.01,/home/lyx/projects/dfm/Glenn_DFT_Paper01/MonteCarlo/results/bvk2_sdis_fixed_fa_chi_refinement
S/DIS,11.0,0.4223487632072487,0.0007031249999999711,boundary_bracket,accepted,BVK2 fA-direction root; stress-free ^3-GYR/^3-BCC campaign grids; c2=0.16 frozen; reference prior= (covered=),/home/lyx/projects/dfm/Glenn_DFT_Paper01/MonteCarlo/results/bvk2_sdis_boundary_campaign
S/DIS,11.15929864,0.41,0.007500000000000284,boundary_bracket,accepted,fixed-fA BVK2 BCC/DIS ordered-branch survival bracket; BCC 48^3 production grid; Delta chiN <= 0.01,/home/lyx/projects/dfm/Glenn_DFT_Paper01/MonteCarlo/results/bvk2_sdis_fixed_fa_chi_refinement
S/DIS,11.306897986,0.4,0.007499999999998508,boundary_bracket,accepted,fixed-fA BVK2 BCC/DIS ordered-branch survival bracket; BCC 48^3 production grid; Delta chiN <= 0.01,/home/lyx/projects/dfm/Glenn_DFT_Paper01/MonteCarlo/results/bvk2_sdis_fixed_fa_chi_refinement
S/DIS,11.5,0.3883232873625515,0.0006250000000000422,boundary_bracket,accepted,BVK2 fA-direction root; stress-free ^3-GYR/^3-BCC campaign grids; c2=0.16 frozen; reference prior= (covered=),/home/lyx/projects/dfm/Glenn_DFT_Paper01/MonteCarlo/results/bvk2_sdis_boundary_campaign
S/DIS,12.0,0.36425464773706023,0.0006249999999999867,boundary_bracket,accepted,BVK2 fA-direction root; stress-free ^3-GYR/^3-BCC campaign grids; c2=0.16 frozen; reference prior= (covered=),/home/lyx/projects/dfm/Glenn_DFT_Paper01/MonteCarlo/results/bvk2_sdis_boundary_campaign
S/DIS,12.5,0.34487350811156897,0.0006249999999999867,boundary_bracket,accepted,BVK2 fA-direction root; stress-free ^3-GYR/^3-BCC campaign grids; c2=0.16 frozen; reference prior= (covered=),/home/lyx/projects/dfm/Glenn_DFT_Paper01/MonteCarlo/results/bvk2_sdis_boundary_campaign
S/DIS,13.0,0.3283048684860777,0.0006249999999999867,boundary_bracket,accepted,BVK2 fA-direction root; stress-free ^3-GYR/^3-BCC campaign grids; c2=0.16 frozen; reference prior= (covered=),/home/lyx/projects/dfm/Glenn_DFT_Paper01/MonteCarlo/results/bvk2_sdis_boundary_campaign
S/DIS,13.5,0.31458779136058646,0.0007031250000000266,boundary_bracket,accepted,BVK2 fA-direction root; stress-free ^3-GYR/^3-BCC campaign grids; c2=0.16 frozen; reference prior= (covered=),/home/lyx/projects/dfm/Glenn_DFT_Paper01/MonteCarlo/results/bvk2_sdis_boundary_campaign
S/DIS,14.0,0.30209467256842853,0.0006249999999999867,boundary_bracket,accepted,BVK2 fA-direction root; stress-free ^3-GYR/^3-BCC campaign grids; c2=0.16 frozen; reference prior= (covered=),/home/lyx/projects/dfm/Glenn_DFT_Paper01/MonteCarlo/results/bvk2_sdis_boundary_campaign
S/DIS,14.5,0.29086457460960397,0.0006249999999999867,boundary_bracket,accepted,BVK2 fA-direction root; stress-free ^3-GYR/^3-BCC campaign grids; c2=0.16 frozen; reference prior= (covered=),/home/lyx/projects/dfm/Glenn_DFT_Paper01/MonteCarlo/results/bvk2_sdis_boundary_campaign
S/DIS,15.0,0.2812490599841127,0.0006249999999999867,boundary_bracket,accepted,BVK2 fA-direction root; stress-free ^3-GYR/^3-BCC campaign grids; c2=0.16 frozen; reference prior= (covered=),/home/lyx/projects/dfm/Glenn_DFT_Paper01/MonteCarlo/results/bvk2_sdis_boundary_campaign
S/DIS,15.5,0.2718028161919548,0.0006250000000000422,boundary_bracket,accepted,BVK2 fA-direction root; stress-free ^3-GYR/^3-BCC campaign grids; c2=0.16 frozen; reference prior= (covered=),/home/lyx/projects/dfm/Glenn_DFT_Paper01/MonteCarlo/results/bvk2_sdis_boundary_campaign
S/DIS,16.0,0.2637367807331303,0.0006249999999999867,boundary_bracket,accepted,BVK2 fA-direction root; stress-free ^3-GYR/^3-BCC campaign grids; c2=0.16 frozen; reference prior= (covered=),/home/lyx/projects/dfm/Glenn_DFT_Paper01/MonteCarlo/results/bvk2_sdis_boundary_campaign
S/DIS,17.0,0.24872450148214764,0.0006250000000000144,boundary_bracket,accepted,BVK2 fA-direction root; stress-free ^3-GYR/^3-BCC campaign grids; c2=0.16 frozen; reference prior= (covered=),/home/lyx/projects/dfm/Glenn_DFT_Paper01/MonteCarlo/results/bvk2_sdis_boundary_campaign
S/DIS,18.0,0.23613409723116524,0.0006250000000000144,boundary_bracket,accepted,BVK2 fA-direction root; stress-free ^3-GYR/^3-BCC campaign grids; c2=0.16 frozen; reference prior= (covered=),/home/lyx/projects/dfm/Glenn_DFT_Paper01/MonteCarlo/results/bvk2_sdis_boundary_campaign
S/DIS,19.0,0.2252624429801824,0.0006250000000000144,boundary_bracket,accepted,BVK2 fA-direction root; stress-free ^3-GYR/^3-BCC campaign grids; c2=0.16 frozen; reference prior= (covered=),/home/lyx/projects/dfm/Glenn_DFT_Paper01/MonteCarlo/results/bvk2_sdis_boundary_campaign
S/DIS,20.0,0.21525016372919975,0.0006250000000000144,boundary_bracket,accepted,BVK2 fA-direction root; stress-free ^3-GYR/^3-BCC campaign grids; c2=0.16 frozen; reference prior= (covered=),/home/lyx/projects/dfm/Glenn_DFT_Paper01/MonteCarlo/results/bvk2_sdis_boundary_campaign
S/DIS,21.0,0.20617538447821804,0.0006249999999999867,boundary_bracket,accepted,BVK2 fA-direction root; stress-free ^3-GYR/^3-BCC campaign grids; c2=0.16 frozen; reference prior= (covered=),/home/lyx/projects/dfm/Glenn_DFT_Paper01/MonteCarlo/results/bvk2_sdis_boundary_campaign
S/DIS,25.0,0.17784501747428527,0.0006249999999999867,boundary_bracket,accepted,BVK2 fA-direction root; stress-free ^3-GYR/^3-BCC campaign grids; c2=0.16 frozen; reference prior= (covered=),/home/lyx/projects/dfm/Glenn_DFT_Paper01/MonteCarlo/results/bvk2_sdis_boundary_campaign
S/DIS,30.0,0.15326867640792585,0.0006249999999999867,boundary_bracket,accepted,BVK2 fA-direction root; stress-free ^3-GYR/^3-BCC campaign grids; c2=0.16 frozen; reference prior= (covered=),/home/lyx/projects/dfm/Glenn_DFT_Paper01/MonteCarlo/results/bvk2_sdis_boundary_campaign
S/DIS,35.0,0.13574967655305525,0.0006250000000000144,boundary_bracket,accepted,BVK2 fA-direction root; stress-free ^3-GYR/^3-BCC campaign grids; c2=0.16 frozen; reference prior= (covered=),/home/lyx/projects/dfm/Glenn_DFT_Paper01/MonteCarlo/results/bvk2_sdis_boundary_campaign
S/DIS,40.0,0.12252133499488754,0.0008593749999999956,boundary_bracket,accepted,BVK2 fA-direction root; stress-free ^3-GYR/^3-BCC campaign grids; c2=0.16 frozen; reference prior= (covered=),/home/lyx/projects/dfm/Glenn_DFT_Paper01/MonteCarlo/results/bvk2_sdis_boundary_campaign
S/DIS,45.0,0.11189260750175495,0.0006250000000000006,boundary_bracket,accepted,BVK2 fA-direction root; stress-free ^3-GYR/^3-BCC campaign grids; c2=0.16 frozen; reference prior= (covered=),/home/lyx/projects/dfm/Glenn_DFT_Paper01/MonteCarlo/results/bvk2_sdis_boundary_campaign
S/DIS,50.0,0.10324218750000001,0.0007031249999999989,boundary_bracket,accepted,BVK2 fA-direction root; stress-free ^3-GYR/^3-BCC campaign grids; c2=0.16 frozen; reference prior= (covered=),/home/lyx/projects/dfm/Glenn_DFT_Paper01/MonteCarlo/results/bvk2_sdis_boundary_campaign
S/DIS,55.0,0.0953125,0.0006250000000000006,boundary_bracket,accepted,BVK2 fA-direction root; stress-free ^3-GYR/^3-BCC campaign grids; c2=0.16 frozen; reference prior= (covered=),/home/lyx/projects/dfm/Glenn_DFT_Paper01/MonteCarlo/results/bvk2_sdis_boundary_campaign
S/DIS,60.0,0.0896875,0.0006250000000000006,boundary_bracket,accepted,BVK2 fA-direction root; stress-free ^3-GYR/^3-BCC campaign grids; c2=0.16 frozen; reference prior= (covered=),/home/lyx/projects/dfm/Glenn_DFT_Paper01/MonteCarlo/results/bvk2_sdis_boundary_campaign
