schema,architecture,chiN,period_rg,bvk2_median_total_wall_s,scft_median_total_wall_s,scft_over_bvk2
bvk2-scft-fixedcell-performance-v1,AB,21.0,4.2,0.061871385,0.149637362,2.41852290844952
bvk2-scft-fixedcell-performance-v1,AB,22.0,4.2,0.033530273,0.18502478,5.518141173500139
bvk2-scft-fixedcell-performance-v1,AB,23.0,4.2,0.044490258,0.160071716,3.5979048716687596
bvk2-scft-fixedcell-performance-v1,AB,24.0,4.2,0.033175315,0.177910184,5.362727799268824
bvk2-scft-fixedcell-performance-v1,AB,25.0,4.2,0.034011972,0.145685569,4.283361429322592
bvk2-scft-fixedcell-performance-v1,AB,26.0,4.2,0.03244184,0.151239555,4.6618673601743925
bvk2-scft-fixedcell-performance-v1,AB,27.0,4.2,0.033098814,0.182515532,5.514261991381323
bvk2-scft-fixedcell-performance-v1,AB,28.0,4.2,0.045585201,0.155124408,3.4029554460009948
bvk2-scft-fixedcell-performance-v1,AB,29.0,4.2,0.032718037,0.1484345,4.536778902719623
bvk2-scft-fixedcell-performance-v1,AB,30.0,4.2,0.033342778,0.14998720899999998,4.498341709859927
bvk2-scft-fixedcell-performance-v1,ABA,31.0,2.9,0.064152491,0.112730736,1.7572308454865764
bvk2-scft-fixedcell-performance-v1,ABA,32.0,2.9,0.032922278,0.112531435,3.4180938208467837
bvk2-scft-fixedcell-performance-v1,ABA,33.0,2.9,0.033380915,0.111565738,3.342201314733284
bvk2-scft-fixedcell-performance-v1,ABA,34.0,2.9,0.034090926,0.126403963,3.7078477422408533
bvk2-scft-fixedcell-performance-v1,ABA,35.0,2.9,0.041930949,0.15099416200000002,3.6010194283940486
bvk2-scft-fixedcell-performance-v1,ABA,36.0,2.9,0.032525805,0.112231238,3.4505291414001897
bvk2-scft-fixedcell-performance-v1,ABA,37.0,2.9,0.032561711,0.11269883700000001,3.4610846156088053
bvk2-scft-fixedcell-performance-v1,ABA,38.0,2.9,0.064711907,0.116350354,1.7979744284154693
bvk2-scft-fixedcell-performance-v1,ABA,39.0,2.9,0.032056596,0.111014632,3.463082355968176
bvk2-scft-fixedcell-performance-v1,ABA,40.0,2.9,0.03370337,0.119565617,3.547586398630166
