schema,architecture,trajectory,chiN,delta_chiN,period_rg,grid_points,method,setup_wall_s,solve_wall_s,total_wall_s,allocated_bytes,iterations,function_evaluations,residual_l2,residual_linf,energy_density,accepted,fixed_cell,warm_seed
bvk2-scft-fixedcell-performance-v1,AB,1,21.0,1.0,4.2,128,bvk2,0.0,0.064234628,0.064234628,12918984,53,,1.0621122440964325e-5,3.1607628303932656e-5,-1.1137490384712203,true,true,true
bvk2-scft-fixedcell-performance-v1,AB,1,21.0,1.0,4.2,128,scft,0.000549015,0.14702678,0.147575795,34920416,3,153,7.533437187096409e-7,NaN,3.0776122296081594,true,true,true
bvk2-scft-fixedcell-performance-v1,AB,1,22.0,2.0,4.2,128,bvk2,0.0,0.033806991,0.033806991,12905192,53,,2.6898345067719203e-6,7.873310968485592e-6,-1.277375812965115,true,true,true
bvk2-scft-fixedcell-performance-v1,AB,1,22.0,2.0,4.2,128,scft,0.000520472,0.184504308,0.18502478,34920800,3,153,7.398103154423239e-7,NaN,3.1637153196928933,true,true,true
bvk2-scft-fixedcell-performance-v1,AB,1,23.0,3.0,4.2,128,bvk2,0.0,0.044520272,0.044520272,12891528,53,,7.747246393875637e-7,2.4094353466303647e-6,-1.4445924381892448,true,true,true
bvk2-scft-fixedcell-performance-v1,AB,1,23.0,3.0,4.2,128,scft,0.000597128,0.159474588,0.160071716,34920736,3,153,7.772256952971486e-7,NaN,3.246479582565433,true,true,true
bvk2-scft-fixedcell-performance-v1,AB,1,24.0,4.0,4.2,128,bvk2,0.0,0.062174086,0.062174086,12905384,53,,2.2916278706310843e-6,7.91426900566966e-6,-1.6149198995199314,true,true,true
bvk2-scft-fixedcell-performance-v1,AB,1,24.0,4.0,4.2,128,scft,0.000542885,0.146721248,0.147264133,35504960,5,155,7.459413915769419e-7,NaN,3.326265587518945,true,true,true
bvk2-scft-fixedcell-performance-v1,AB,1,25.0,5.0,4.2,128,bvk2,0.0,0.033147192,0.033147192,12918792,53,,2.0011300474324684e-6,6.913191472572924e-6,-1.7879747486541056,true,true,true
bvk2-scft-fixedcell-performance-v1,AB,1,25.0,5.0,4.2,128,scft,0.000490641,0.146290051,0.146780692,34920736,3,153,9.263917138704239e-7,NaN,3.403368936308178,true,true,true
bvk2-scft-fixedcell-performance-v1,AB,1,26.0,6.0,4.2,128,bvk2,0.0,0.031539054,0.031539054,12918728,53,,8.098013401055982e-8,2.3437751097386827e-7,-1.963445974489374,true,true,true
bvk2-scft-fixedcell-performance-v1,AB,1,26.0,6.0,4.2,128,scft,0.000462939,0.148335398,0.148798337,35505088,5,155,6.384448852001566e-7,NaN,3.47803591139637,true,true,true
bvk2-scft-fixedcell-performance-v1,AB,1,27.0,7.0,4.2,128,bvk2,0.0,0.059714172,0.059714172,12905512,53,,2.287343889356821e-8,6.323869680691097e-8,-2.1410782366011554,true,true,true
bvk2-scft-fixedcell-performance-v1,AB,1,27.0,7.0,4.2,128,scft,0.000467868,0.182047664,0.182515532,34920800,3,153,7.044917229185115e-7,NaN,3.5504749727381997,true,true,true
bvk2-scft-fixedcell-performance-v1,AB,1,28.0,8.0,4.2,128,bvk2,0.0,0.045585201,0.045585201,12946216,53,,1.4933283548402816e-8,3.5250254616300825e-8,-2.320659535435825,true,true,true
bvk2-scft-fixedcell-performance-v1,AB,1,28.0,8.0,4.2,128,scft,0.000522942,0.154601466,0.155124408,35505152,5,155,5.487446625036004e-7,NaN,3.6208647378089918,true,true,true
bvk2-scft-fixedcell-performance-v1,AB,1,29.0,9.0,4.2,128,bvk2,0.0,0.032718037,0.032718037,12932296,53,,8.72869297949356e-9,1.9162691490895445e-8,-2.502012022755843,true,true,true
bvk2-scft-fixedcell-performance-v1,AB,1,29.0,9.0,4.2,128,scft,0.000467604,0.146670937,0.147138541,35504704,5,155,4.875504079688039e-7,NaN,3.6893598563462957,true,true,true
bvk2-scft-fixedcell-performance-v1,AB,1,30.0,10.0,4.2,128,bvk2,0.0,0.032693709,0.032693709,12905128,53,,2.8893473750920166e-8,6.626349801329423e-8,-2.6849850657350967,true,true,true
bvk2-scft-fixedcell-performance-v1,AB,1,30.0,10.0,4.2,128,scft,0.000470364,0.176793392,0.177263756,35504928,5,155,4.229457225844422e-7,NaN,3.7560956754226353,true,true,true
bvk2-scft-fixedcell-performance-v1,ABA,1,31.0,1.0,2.9,128,bvk2,0.0,0.067082792,0.067082792,12890728,53,,1.959302705022703e-6,7.847136109667002e-6,-1.1893438352698749,true,true,true
bvk2-scft-fixedcell-performance-v1,ABA,1,31.0,1.0,2.9,128,scft,0.000648635,0.112082101,0.112730736,35632688,5,155,3.5896571487947633e-7,NaN,5.5755282710134635,true,true,true
bvk2-scft-fixedcell-performance-v1,ABA,1,32.0,2.0,2.9,128,bvk2,0.0,0.033728892,0.033728892,12849544,53,,5.429110782214983e-7,1.740629198057446e-6,-1.3354011650543642,true,true,true
bvk2-scft-fixedcell-performance-v1,ABA,1,32.0,2.0,2.9,128,scft,0.000594061,0.112240369,0.11283443000000001,35632784,5,155,3.6242059077922246e-7,NaN,5.685088577929613,true,true,true
bvk2-scft-fixedcell-performance-v1,ABA,1,33.0,3.0,2.9,128,bvk2,0.0,0.032581976,0.032581976,12849640,53,,7.931341126663049e-7,2.9995757712389035e-6,-1.4848434931130696,true,true,true
bvk2-scft-fixedcell-performance-v1,ABA,1,33.0,3.0,2.9,128,scft,0.000542002,0.110011727,0.110553729,35334288,4,154,9.716777377618297e-7,NaN,5.7914113730341095,true,true,true
bvk2-scft-fixedcell-performance-v1,ABA,1,34.0,4.0,2.9,128,bvk2,0.0,0.062932641,0.062932641,12863496,53,,6.396420751748117e-8,2.1867902116022575e-7,-1.637322313925837,true,true,true
bvk2-scft-fixedcell-performance-v1,ABA,1,34.0,4.0,2.9,128,scft,0.000587473,0.116187043,0.11677451600000001,35334464,4,154,8.741773047162051e-7,NaN,5.894767196405363,true,true,true
bvk2-scft-fixedcell-performance-v1,ABA,1,35.0,5.0,2.9,128,bvk2,0.0,0.041930949,0.041930949,12890760,53,,4.5175749373616767e-8,1.1779754162215272e-7,-1.7925411551367574,true,true,true
bvk2-scft-fixedcell-performance-v1,ABA,1,35.0,5.0,2.9,128,scft,0.000525991,0.151780765,0.15230675600000002,35335024,4,154,7.994864424235864e-7,NaN,5.995390096003125,true,true,true
bvk2-scft-fixedcell-performance-v1,ABA,1,36.0,6.0,2.9,128,bvk2,0.0,0.034446869,0.034446869,12890440,53,,2.586226479512901e-8,6.552680910029696e-8,-1.9502461230398607,true,true,true
bvk2-scft-fixedcell-performance-v1,ABA,1,36.0,6.0,2.9,128,scft,0.000586768,0.109404869,0.109991637,35334224,4,154,7.41883975065438e-7,NaN,6.093483559863021,true,true,true
bvk2-scft-fixedcell-performance-v1,ABA,1,37.0,7.0,2.9,128,bvk2,0.0,0.03219727,0.03219727,12863272,53,,1.4362989011563746e-8,3.506119828321219e-8,-2.1102184172726544,true,true,true
bvk2-scft-fixedcell-performance-v1,ABA,1,37.0,7.0,2.9,128,scft,0.000505971,0.10991511,0.11042108099999999,35334288,4,154,6.951394217285443e-7,NaN,6.1892259978784905,true,true,true
bvk2-scft-fixedcell-performance-v1,ABA,1,38.0,8.0,2.9,128,bvk2,0.0,0.064733178,0.064733178,12877096,53,,2.3844203770061915e-8,7.586733840984905e-8,-2.272268358898874,true,true,true
bvk2-scft-fixedcell-performance-v1,ABA,1,38.0,8.0,2.9,128,scft,0.000559666,0.115790688,0.116350354,35334848,4,154,6.548415733173435e-7,NaN,6.282774905313472,true,true,true
bvk2-scft-fixedcell-performance-v1,ABA,1,39.0,9.0,2.9,128,bvk2,0.0,0.031900237,0.031900237,12863272,53,,1.8059401641774294e-8,5.2740006369067505e-8,-2.436230591139975,true,true,true
bvk2-scft-fixedcell-performance-v1,ABA,1,39.0,9.0,2.9,128,scft,0.00056873,0.113320487,0.113889217,35334672,4,154,6.179841171590734e-7,NaN,6.374270179030162,true,true,true
bvk2-scft-fixedcell-performance-v1,ABA,1,40.0,10.0,2.9,128,bvk2,0.0,0.034355889,0.034355889,12863272,53,,6.9945313020277665e-9,2.1183474604655195e-8,-2.6019601958095304,true,true,true
bvk2-scft-fixedcell-performance-v1,ABA,1,40.0,10.0,2.9,128,scft,0.000627461,0.118938156,0.119565617,35334416,4,154,5.826943799696179e-7,NaN,6.463836788302883,true,true,true
bvk2-scft-fixedcell-performance-v1,AB,2,21.0,1.0,4.2,128,bvk2,0.0,0.061871385,0.061871385,12918920,53,,1.0621122440964325e-5,3.1607628303932656e-5,-1.1137490384712203,true,true,true
bvk2-scft-fixedcell-performance-v1,AB,2,21.0,1.0,4.2,128,scft,0.000554693,0.149082669,0.149637362,34920736,3,153,7.533437187096409e-7,NaN,3.0776122296081594,true,true,true
bvk2-scft-fixedcell-performance-v1,AB,2,22.0,2.0,4.2,128,bvk2,0.0,0.032529864,0.032529864,12905384,53,,2.6898345067719203e-6,7.873310968485592e-6,-1.277375812965115,true,true,true
bvk2-scft-fixedcell-performance-v1,AB,2,22.0,2.0,4.2,128,scft,0.000517285,0.186273087,0.186790372,34921152,3,153,7.398103154423239e-7,NaN,3.1637153196928933,true,true,true
bvk2-scft-fixedcell-performance-v1,AB,2,23.0,3.0,4.2,128,bvk2,0.0,0.044490258,0.044490258,12891496,53,,7.747246393875637e-7,2.4094353466303647e-6,-1.4445924381892448,true,true,true
bvk2-scft-fixedcell-performance-v1,AB,2,23.0,3.0,4.2,128,scft,0.000594341,0.154803543,0.155397884,34920736,3,153,7.772256952971486e-7,NaN,3.246479582565433,true,true,true
bvk2-scft-fixedcell-performance-v1,AB,2,24.0,4.0,4.2,128,bvk2,0.0,0.033175315,0.033175315,12905128,53,,2.2916278706310843e-6,7.91426900566966e-6,-1.6149198995199314,true,true,true
bvk2-scft-fixedcell-performance-v1,AB,2,24.0,4.0,4.2,128,scft,0.000505795,0.177404389,0.177910184,35505056,5,155,7.459413915769419e-7,NaN,3.326265587518945,true,true,true
bvk2-scft-fixedcell-performance-v1,AB,2,25.0,5.0,4.2,128,bvk2,0.0,0.034011972,0.034011972,12918984,53,,2.0011300474324684e-6,6.913191472572924e-6,-1.7879747486541056,true,true,true
bvk2-scft-fixedcell-performance-v1,AB,2,25.0,5.0,4.2,128,scft,0.000513986,0.145171583,0.145685569,34920928,3,153,9.263917138704239e-7,NaN,3.403368936308178,true,true,true
bvk2-scft-fixedcell-performance-v1,AB,2,26.0,6.0,4.2,128,bvk2,0.0,0.03244184,0.03244184,12918728,53,,8.098013401055982e-8,2.3437751097386827e-7,-1.963445974489374,true,true,true
bvk2-scft-fixedcell-performance-v1,AB,2,26.0,6.0,4.2,128,scft,0.000485527,0.152138168,0.152623695,35505024,5,155,6.384448852001566e-7,NaN,3.47803591139637,true,true,true
bvk2-scft-fixedcell-performance-v1,AB,2,27.0,7.0,4.2,128,bvk2,0.0,0.033098814,0.033098814,12905128,53,,2.287343889356821e-8,6.323869680691097e-8,-2.1410782366011554,true,true,true
bvk2-scft-fixedcell-performance-v1,AB,2,27.0,7.0,4.2,128,scft,0.000464612,0.219359455,0.219824067,34920896,3,153,7.044917229185115e-7,NaN,3.5504749727381997,true,true,true
bvk2-scft-fixedcell-performance-v1,AB,2,28.0,8.0,4.2,128,bvk2,0.0,0.040508334,0.040508334,12946216,53,,1.4933283548402816e-8,3.5250254616300825e-8,-2.320659535435825,true,true,true
bvk2-scft-fixedcell-performance-v1,AB,2,28.0,8.0,4.2,128,scft,0.000626395,0.150293432,0.150919827,35504928,5,155,5.487446625036004e-7,NaN,3.6208647378089918,true,true,true
bvk2-scft-fixedcell-performance-v1,AB,2,29.0,9.0,4.2,128,bvk2,0.0,0.03259672,0.03259672,12932296,53,,8.72869297949356e-9,1.9162691490895445e-8,-2.502012022755843,true,true,true
bvk2-scft-fixedcell-performance-v1,AB,2,29.0,9.0,4.2,128,scft,0.000478348,0.147956152,0.1484345,35505024,5,155,4.875504079688039e-7,NaN,3.6893598563462957,true,true,true
bvk2-scft-fixedcell-performance-v1,AB,2,30.0,10.0,4.2,128,bvk2,0.0,0.033342778,0.033342778,12905096,53,,2.8893473750920166e-8,6.626349801329423e-8,-2.6849850657350967,true,true,true
bvk2-scft-fixedcell-performance-v1,AB,2,30.0,10.0,4.2,128,scft,0.000503222,0.148574548,0.14907777,35504832,5,155,4.229457225844422e-7,NaN,3.7560956754226353,true,true,true
bvk2-scft-fixedcell-performance-v1,ABA,2,31.0,1.0,2.9,128,bvk2,0.0,0.064152491,0.064152491,12890888,53,,1.959302705022703e-6,7.847136109667002e-6,-1.1893438352698749,true,true,true
bvk2-scft-fixedcell-performance-v1,ABA,2,31.0,1.0,2.9,128,scft,0.000600057,0.1100394,0.110639457,35632784,5,155,3.5896571487947633e-7,NaN,5.5755282710134635,true,true,true
bvk2-scft-fixedcell-performance-v1,ABA,2,32.0,2.0,2.9,128,bvk2,0.0,0.032922278,0.032922278,12849576,53,,5.429110782214983e-7,1.740629198057446e-6,-1.3354011650543642,true,true,true
bvk2-scft-fixedcell-performance-v1,ABA,2,32.0,2.0,2.9,128,scft,0.000581,0.111950435,0.112531435,35632656,5,155,3.6242059077922246e-7,NaN,5.685088577929613,true,true,true
bvk2-scft-fixedcell-performance-v1,ABA,2,33.0,3.0,2.9,128,bvk2,0.0,0.033380915,0.033380915,12849896,53,,7.931341126663049e-7,2.9995757712389035e-6,-1.4848434931130696,true,true,true
bvk2-scft-fixedcell-performance-v1,ABA,2,33.0,3.0,2.9,128,scft,0.000568124,0.110997614,0.111565738,35334352,4,154,9.716777377618297e-7,NaN,5.7914113730341095,true,true,true
bvk2-scft-fixedcell-performance-v1,ABA,2,34.0,4.0,2.9,128,bvk2,0.0,0.034090926,0.034090926,12863496,53,,6.396420751748117e-8,2.1867902116022575e-7,-1.637322313925837,true,true,true
bvk2-scft-fixedcell-performance-v1,ABA,2,34.0,4.0,2.9,128,scft,0.000558448,0.15623737,0.15679581799999998,35334960,4,154,8.741773047162051e-7,NaN,5.894767196405363,true,true,true
bvk2-scft-fixedcell-performance-v1,ABA,2,35.0,5.0,2.9,128,bvk2,0.0,0.041779724,0.041779724,12890760,53,,4.5175749373616767e-8,1.1779754162215272e-7,-1.7925411551367574,true,true,true
bvk2-scft-fixedcell-performance-v1,ABA,2,35.0,5.0,2.9,128,scft,0.000776513,0.150217649,0.15099416200000002,35334352,4,154,7.994864424235864e-7,NaN,5.995390096003125,true,true,true
bvk2-scft-fixedcell-performance-v1,ABA,2,36.0,6.0,2.9,128,bvk2,0.0,0.031809413,0.031809413,12890504,53,,2.586226479512901e-8,6.552680910029696e-8,-1.9502461230398607,true,true,true
bvk2-scft-fixedcell-performance-v1,ABA,2,36.0,6.0,2.9,128,scft,0.000537424,0.111693814,0.112231238,35334288,4,154,7.41883975065438e-7,NaN,6.093483559863021,true,true,true
bvk2-scft-fixedcell-performance-v1,ABA,2,37.0,7.0,2.9,128,bvk2,0.0,0.032561711,0.032561711,12863240,53,,1.4362989011563746e-8,3.506119828321219e-8,-2.1102184172726544,true,true,true
bvk2-scft-fixedcell-performance-v1,ABA,2,37.0,7.0,2.9,128,scft,0.000539989,0.112158848,0.11269883700000001,35334544,4,154,6.951394217285443e-7,NaN,6.1892259978784905,true,true,true
bvk2-scft-fixedcell-performance-v1,ABA,2,38.0,8.0,2.9,128,bvk2,0.0,0.064711907,0.064711907,12877256,53,,2.3844203770061915e-8,7.586733840984905e-8,-2.272268358898874,true,true,true
bvk2-scft-fixedcell-performance-v1,ABA,2,38.0,8.0,2.9,128,scft,0.00053898,0.10949522,0.1100342,35334224,4,154,6.548415733173435e-7,NaN,6.282774905313472,true,true,true
bvk2-scft-fixedcell-performance-v1,ABA,2,39.0,9.0,2.9,128,bvk2,0.0,0.032056596,0.032056596,12863272,53,,1.8059401641774294e-8,5.2740006369067505e-8,-2.436230591139975,true,true,true
bvk2-scft-fixedcell-performance-v1,ABA,2,39.0,9.0,2.9,128,scft,0.000498401,0.108724143,0.10922254399999999,35334032,4,154,6.179841171590734e-7,NaN,6.374270179030162,true,true,true
bvk2-scft-fixedcell-performance-v1,ABA,2,40.0,10.0,2.9,128,bvk2,0.0,0.03370337,0.03370337,12863272,53,,6.9945313020277665e-9,2.1183474604655195e-8,-2.6019601958095304,true,true,true
bvk2-scft-fixedcell-performance-v1,ABA,2,40.0,10.0,2.9,128,scft,0.000548903,0.111664832,0.11221373500000001,35335152,4,154,5.826943799696179e-7,NaN,6.463836788302883,true,true,true
bvk2-scft-fixedcell-performance-v1,AB,3,21.0,1.0,4.2,128,bvk2,0.0,0.034926556,0.034926556,12919016,53,,1.0621122440964325e-5,3.1607628303932656e-5,-1.1137490384712203,true,true,true
bvk2-scft-fixedcell-performance-v1,AB,3,21.0,1.0,4.2,128,scft,0.000524689,0.178136496,0.178661185,34920768,3,153,7.533437187096409e-7,NaN,3.0776122296081594,true,true,true
bvk2-scft-fixedcell-performance-v1,AB,3,22.0,2.0,4.2,128,bvk2,0.0,0.033530273,0.033530273,12905352,53,,2.6898345067719203e-6,7.873310968485592e-6,-1.277375812965115,true,true,true
bvk2-scft-fixedcell-performance-v1,AB,3,22.0,2.0,4.2,128,scft,0.000541002,0.176560231,0.17710123300000002,34920544,3,153,7.398103154423239e-7,NaN,3.1637153196928933,true,true,true
bvk2-scft-fixedcell-performance-v1,AB,3,23.0,3.0,4.2,128,bvk2,0.0,0.032641806,0.032641806,12891464,53,,7.747246393875637e-7,2.4094353466303647e-6,-1.4445924381892448,true,true,true
bvk2-scft-fixedcell-performance-v1,AB,3,23.0,3.0,4.2,128,scft,0.000506976,0.176430467,0.176937443,34920928,3,153,7.772256952971486e-7,NaN,3.246479582565433,true,true,true
bvk2-scft-fixedcell-performance-v1,AB,3,24.0,4.0,4.2,128,bvk2,0.0,0.033065846,0.033065846,12905128,53,,2.2916278706310843e-6,7.91426900566966e-6,-1.6149198995199314,true,true,true
bvk2-scft-fixedcell-performance-v1,AB,3,24.0,4.0,4.2,128,scft,0.000508391,0.181781789,0.18229018,35504960,5,155,7.459413915769419e-7,NaN,3.326265587518945,true,true,true
bvk2-scft-fixedcell-performance-v1,AB,3,25.0,5.0,4.2,128,bvk2,0.0,0.035432473,0.035432473,12918984,53,,2.0011300474324684e-6,6.913191472572924e-6,-1.7879747486541056,true,true,true
bvk2-scft-fixedcell-performance-v1,AB,3,25.0,5.0,4.2,128,scft,0.000519964,0.143940568,0.144460532,34920352,3,153,9.263917138704239e-7,NaN,3.403368936308178,true,true,true
bvk2-scft-fixedcell-performance-v1,AB,3,26.0,6.0,4.2,128,bvk2,0.0,0.033476163,0.033476163,12918792,53,,8.098013401055982e-8,2.3437751097386827e-7,-1.963445974489374,true,true,true
bvk2-scft-fixedcell-performance-v1,AB,3,26.0,6.0,4.2,128,scft,0.000468059,0.150771496,0.151239555,35504960,5,155,6.384448852001566e-7,NaN,3.47803591139637,true,true,true
bvk2-scft-fixedcell-performance-v1,AB,3,27.0,7.0,4.2,128,bvk2,0.0,0.032267568,0.032267568,12905128,53,,2.287343889356821e-8,6.323869680691097e-8,-2.1410782366011554,true,true,true
bvk2-scft-fixedcell-performance-v1,AB,3,27.0,7.0,4.2,128,scft,0.000478723,0.174201901,0.17468062399999998,34920928,3,153,7.044917229185115e-7,NaN,3.5504749727381997,true,true,true
bvk2-scft-fixedcell-performance-v1,AB,3,28.0,8.0,4.2,128,bvk2,0.0,0.060648828,0.060648828,12946248,53,,1.4933283548402816e-8,3.5250254616300825e-8,-2.320659535435825,true,true,true
bvk2-scft-fixedcell-performance-v1,AB,3,28.0,8.0,4.2,128,scft,0.000490952,0.178868399,0.179359351,35504704,5,155,5.487446625036004e-7,NaN,3.6208647378089918,true,true,true
bvk2-scft-fixedcell-performance-v1,AB,3,29.0,9.0,4.2,128,bvk2,0.0,0.032735323,0.032735323,12932328,53,,8.72869297949356e-9,1.9162691490895445e-8,-2.502012022755843,true,true,true
bvk2-scft-fixedcell-performance-v1,AB,3,29.0,9.0,4.2,128,scft,0.000480769,0.150479337,0.15096010599999998,35505024,5,155,4.875504079688039e-7,NaN,3.6893598563462957,true,true,true
bvk2-scft-fixedcell-performance-v1,AB,3,30.0,10.0,4.2,128,bvk2,0.0,0.034391136,0.034391136,12905320,53,,2.8893473750920166e-8,6.626349801329423e-8,-2.6849850657350967,true,true,true
bvk2-scft-fixedcell-performance-v1,AB,3,30.0,10.0,4.2,128,scft,0.00050002,0.149487189,0.14998720899999998,35505216,5,155,4.229457225844422e-7,NaN,3.7560956754226353,true,true,true
bvk2-scft-fixedcell-performance-v1,ABA,3,31.0,1.0,2.9,128,bvk2,0.0,0.062866883,0.062866883,12890952,53,,1.959302705022703e-6,7.847136109667002e-6,-1.1893438352698749,true,true,true
bvk2-scft-fixedcell-performance-v1,ABA,3,31.0,1.0,2.9,128,scft,0.000626376,0.113520214,0.11414658999999999,35632656,5,155,3.5896571487947633e-7,NaN,5.5755282710134635,true,true,true
bvk2-scft-fixedcell-performance-v1,ABA,3,32.0,2.0,2.9,128,bvk2,0.0,0.031810869,0.031810869,12849832,53,,5.429110782214983e-7,1.740629198057446e-6,-1.3354011650543642,true,true,true
bvk2-scft-fixedcell-performance-v1,ABA,3,32.0,2.0,2.9,128,scft,0.000534941,0.109634259,0.1101692,35632592,5,155,3.6242059077922246e-7,NaN,5.685088577929613,true,true,true
bvk2-scft-fixedcell-performance-v1,ABA,3,33.0,3.0,2.9,128,bvk2,0.0,0.03349349,0.03349349,12849608,53,,7.931341126663049e-7,2.9995757712389035e-6,-1.4848434931130696,true,true,true
bvk2-scft-fixedcell-performance-v1,ABA,3,33.0,3.0,2.9,128,scft,0.00056125,0.113845116,0.114406366,35334288,4,154,9.716777377618297e-7,NaN,5.7914113730341095,true,true,true
bvk2-scft-fixedcell-performance-v1,ABA,3,34.0,4.0,2.9,128,bvk2,0.0,0.032102548,0.032102548,12863240,53,,6.396420751748117e-8,2.1867902116022575e-7,-1.637322313925837,true,true,true
bvk2-scft-fixedcell-performance-v1,ABA,3,34.0,4.0,2.9,128,scft,0.000553046,0.125850917,0.126403963,35335152,4,154,8.741773047162051e-7,NaN,5.894767196405363,true,true,true
bvk2-scft-fixedcell-performance-v1,ABA,3,35.0,5.0,2.9,128,bvk2,0.0,0.072182344,0.072182344,12890728,53,,4.5175749373616767e-8,1.1779754162215272e-7,-1.7925411551367574,true,true,true
bvk2-scft-fixedcell-performance-v1,ABA,3,35.0,5.0,2.9,128,scft,0.000634824,0.109680377,0.110315201,35334128,4,154,7.994864424235864e-7,NaN,5.995390096003125,true,true,true
bvk2-scft-fixedcell-performance-v1,ABA,3,36.0,6.0,2.9,128,bvk2,0.0,0.032525805,0.032525805,12890568,53,,2.586226479512901e-8,6.552680910029696e-8,-1.9502461230398607,true,true,true
bvk2-scft-fixedcell-performance-v1,ABA,3,36.0,6.0,2.9,128,scft,0.000543812,0.142398297,0.142942109,35334544,4,154,7.41883975065438e-7,NaN,6.093483559863021,true,true,true
bvk2-scft-fixedcell-performance-v1,ABA,3,37.0,7.0,2.9,128,bvk2,0.0,0.033558639,0.033558639,12863240,53,,1.4362989011563746e-8,3.506119828321219e-8,-2.1102184172726544,true,true,true
bvk2-scft-fixedcell-performance-v1,ABA,3,37.0,7.0,2.9,128,scft,0.000626175,0.112636622,0.11326279700000001,35334224,4,154,6.951394217285443e-7,NaN,6.1892259978784905,true,true,true
bvk2-scft-fixedcell-performance-v1,ABA,3,38.0,8.0,2.9,128,bvk2,0.0,0.032675053,0.032675053,12877384,53,,2.3844203770061915e-8,7.586733840984905e-8,-2.272268358898874,true,true,true
bvk2-scft-fixedcell-performance-v1,ABA,3,38.0,8.0,2.9,128,scft,0.000568219,0.140527908,0.14109612700000002,35334256,4,154,6.548415733173435e-7,NaN,6.282774905313472,true,true,true
bvk2-scft-fixedcell-performance-v1,ABA,3,39.0,9.0,2.9,128,bvk2,0.0,0.03294897,0.03294897,12863464,53,,1.8059401641774294e-8,5.2740006369067505e-8,-2.436230591139975,true,true,true
bvk2-scft-fixedcell-performance-v1,ABA,3,39.0,9.0,2.9,128,scft,0.000551698,0.110462934,0.111014632,35334416,4,154,6.179841171590734e-7,NaN,6.374270179030162,true,true,true
bvk2-scft-fixedcell-performance-v1,ABA,3,40.0,10.0,2.9,128,bvk2,0.0,0.033078431,0.033078431,12863208,53,,6.9945313020277665e-9,2.1183474604655195e-8,-2.6019601958095304,true,true,true
bvk2-scft-fixedcell-performance-v1,ABA,3,40.0,10.0,2.9,128,scft,0.000529882,0.122803435,0.123333317,35335088,4,154,5.826943799696179e-7,NaN,6.463836788302883,true,true,true
