architecture,chiN,period_rg,method,median_setup_wall_s,median_solve_wall_s,median_total_wall_s,median_allocated_bytes,median_iterations,maximum_residual_l2,accepted,trajectories
AB,21.0,4.2,bvk2,0.0,0.061871385,0.061871385,1.2918984e7,53.0,1.0621122440964325e-5,true,3
AB,21.0,4.2,scft,0.000549015,0.149082669,0.149637362,3.4920736e7,3.0,7.533437187096409e-7,true,3
AB,22.0,4.2,bvk2,0.0,0.033530273,0.033530273,1.2905352e7,53.0,2.6898345067719203e-6,true,3
AB,22.0,4.2,scft,0.000520472,0.184504308,0.18502478,3.49208e7,3.0,7.398103154423239e-7,true,3
AB,23.0,4.2,bvk2,0.0,0.044490258,0.044490258,1.2891496e7,53.0,7.747246393875637e-7,true,3
AB,23.0,4.2,scft,0.000594341,0.159474588,0.160071716,3.4920736e7,3.0,7.772256952971486e-7,true,3
AB,24.0,4.2,bvk2,0.0,0.033175315,0.033175315,1.2905128e7,53.0,2.2916278706310843e-6,true,3
AB,24.0,4.2,scft,0.000508391,0.177404389,0.177910184,3.550496e7,5.0,7.459413915769419e-7,true,3
AB,25.0,4.2,bvk2,0.0,0.034011972,0.034011972,1.2918984e7,53.0,2.0011300474324684e-6,true,3
AB,25.0,4.2,scft,0.000513986,0.145171583,0.145685569,3.4920736e7,3.0,9.263917138704239e-7,true,3
AB,26.0,4.2,bvk2,0.0,0.03244184,0.03244184,1.2918728e7,53.0,8.098013401055982e-8,true,3
AB,26.0,4.2,scft,0.000468059,0.150771496,0.151239555,3.5505024e7,5.0,6.384448852001566e-7,true,3
AB,27.0,4.2,bvk2,0.0,0.033098814,0.033098814,1.2905128e7,53.0,2.287343889356821e-8,true,3
AB,27.0,4.2,scft,0.000467868,0.182047664,0.182515532,3.4920896e7,3.0,7.044917229185115e-7,true,3
AB,28.0,4.2,bvk2,0.0,0.045585201,0.045585201,1.2946216e7,53.0,1.4933283548402816e-8,true,3
AB,28.0,4.2,scft,0.000522942,0.154601466,0.155124408,3.5504928e7,5.0,5.487446625036004e-7,true,3
AB,29.0,4.2,bvk2,0.0,0.032718037,0.032718037,1.2932296e7,53.0,8.72869297949356e-9,true,3
AB,29.0,4.2,scft,0.000478348,0.147956152,0.1484345,3.5505024e7,5.0,4.875504079688039e-7,true,3
AB,30.0,4.2,bvk2,0.0,0.033342778,0.033342778,1.2905128e7,53.0,2.8893473750920166e-8,true,3
AB,30.0,4.2,scft,0.00050002,0.149487189,0.14998720899999998,3.5504928e7,5.0,4.229457225844422e-7,true,3
ABA,31.0,2.9,bvk2,0.0,0.064152491,0.064152491,1.2890888e7,53.0,1.959302705022703e-6,true,3
ABA,31.0,2.9,scft,0.000626376,0.112082101,0.112730736,3.5632688e7,5.0,3.5896571487947633e-7,true,3
ABA,32.0,2.9,bvk2,0.0,0.032922278,0.032922278,1.2849576e7,53.0,5.429110782214983e-7,true,3
ABA,32.0,2.9,scft,0.000581,0.111950435,0.112531435,3.5632656e7,5.0,3.6242059077922246e-7,true,3
ABA,33.0,2.9,bvk2,0.0,0.033380915,0.033380915,1.284964e7,53.0,7.931341126663049e-7,true,3
ABA,33.0,2.9,scft,0.00056125,0.110997614,0.111565738,3.5334288e7,4.0,9.716777377618297e-7,true,3
ABA,34.0,2.9,bvk2,0.0,0.034090926,0.034090926,1.2863496e7,53.0,6.396420751748117e-8,true,3
ABA,34.0,2.9,scft,0.000558448,0.125850917,0.126403963,3.533496e7,4.0,8.741773047162051e-7,true,3
ABA,35.0,2.9,bvk2,0.0,0.041930949,0.041930949,1.289076e7,53.0,4.5175749373616767e-8,true,3
ABA,35.0,2.9,scft,0.000634824,0.150217649,0.15099416200000002,3.5334352e7,4.0,7.994864424235864e-7,true,3
ABA,36.0,2.9,bvk2,0.0,0.032525805,0.032525805,1.2890504e7,53.0,2.586226479512901e-8,true,3
ABA,36.0,2.9,scft,0.000543812,0.111693814,0.112231238,3.5334288e7,4.0,7.41883975065438e-7,true,3
ABA,37.0,2.9,bvk2,0.0,0.032561711,0.032561711,1.286324e7,53.0,1.4362989011563746e-8,true,3
ABA,37.0,2.9,scft,0.000539989,0.112158848,0.11269883700000001,3.5334288e7,4.0,6.951394217285443e-7,true,3
ABA,38.0,2.9,bvk2,0.0,0.064711907,0.064711907,1.2877256e7,53.0,2.3844203770061915e-8,true,3
ABA,38.0,2.9,scft,0.000559666,0.115790688,0.116350354,3.5334256e7,4.0,6.548415733173435e-7,true,3
ABA,39.0,2.9,bvk2,0.0,0.032056596,0.032056596,1.2863272e7,53.0,1.8059401641774294e-8,true,3
ABA,39.0,2.9,scft,0.000551698,0.110462934,0.111014632,3.5334416e7,4.0,6.179841171590734e-7,true,3
ABA,40.0,2.9,bvk2,0.0,0.03370337,0.03370337,1.2863272e7,53.0,6.9945313020277665e-9,true,3
ABA,40.0,2.9,scft,0.000548903,0.118938156,0.119565617,3.5335088e7,4.0,5.826943799696179e-7,true,3
