dimension,linear_grid,grid_points,method,median_wall_s,minimum_wall_s,maximum_wall_s,median_allocated_bytes,repetitions
1,32,32,bvk2,9.7567e-5,9.5126e-5,0.001576905,14112.0,9
1,32,32,scft,0.000410662,0.000388889,0.00044835,34224.0,9
1,64,64,bvk2,0.000141018,0.000134034,0.000223711,19104.0,9
1,64,64,scft,0.000523035,0.000478056,0.000668673,34224.0,9
1,128,128,bvk2,0.00016019,0.000156958,0.000184504,29088.0,9
1,128,128,scft,0.000779832,0.000741714,0.000886877,34224.0,9
1,256,256,bvk2,0.000238057,0.000215975,0.00024663,48280.0,9
1,256,256,scft,0.00145464,0.001398099,0.002779734,34224.0,9
1,512,512,bvk2,0.000338301,0.000307817,0.000578827,87192.0,9
1,512,512,scft,0.002465901,0.002437838,0.00313699,34224.0,9
1,1024,1024,bvk2,0.00049591,0.00044922,0.000662048,165016.0,9
1,1024,1024,scft,0.004651013,0.00445231,0.005476302,34224.0,9
3,12,1728,bvk2,0.001241915,0.001217424,0.002952061,221768.0,5
3,12,1728,scft,0.006427013,0.006276886,0.0070181,34224.0,5
3,16,4096,bvk2,0.002498307,0.002356528,0.003096358,506024.0,5
3,16,4096,scft,0.015017865,0.014860308,0.016672229,34224.0,5
3,24,13824,bvk2,0.00813509,0.007953614,0.009053074,1.673576e6,5
3,24,13824,scft,0.093790042,0.091247609,0.106475372,34224.0,5
3,32,32768,bvk2,0.018426706,0.017950498,0.018806063,3.947048e6,5
3,32,32768,scft,0.135112887,0.132528709,0.149431965,34224.0,5
3,40,64000,bvk2,0.036337812,0.035756907,0.04013724,7.695096e6,5
3,40,64000,scft,0.476619882,0.448414929,0.485033743,34224.0,5
3,48,110592,bvk2,0.065928669,0.063771508,0.07064705,1.3286376e7,5
3,48,110592,scft,0.760571088,0.749882279,0.771574044,34224.0,5
