schema,dimension,linear_grid,grid_points,method,repetition,wall_s,allocated_bytes,checksum,contour_step,contour_steps,full_grid,fixed_cell
bvk2-scft-fixedcell-performance-v1,1,32,32,bvk2,1,0.001576905,14112,-1.8990394400811312,NaN,0,true,true
bvk2-scft-fixedcell-performance-v1,1,32,32,bvk2,2,9.9728e-5,14112,-1.8990394400811312,NaN,0,true,true
bvk2-scft-fixedcell-performance-v1,1,32,32,bvk2,3,0.00010038,14112,-1.8990394400811312,NaN,0,true,true
bvk2-scft-fixedcell-performance-v1,1,32,32,bvk2,4,9.5249e-5,14112,-1.8990394400811312,NaN,0,true,true
bvk2-scft-fixedcell-performance-v1,1,32,32,bvk2,5,9.5582e-5,14112,-1.8990394400811312,NaN,0,true,true
bvk2-scft-fixedcell-performance-v1,1,32,32,bvk2,6,9.7567e-5,14112,-1.8990394400811312,NaN,0,true,true
bvk2-scft-fixedcell-performance-v1,1,32,32,bvk2,7,0.000101556,14112,-1.8990394400811312,NaN,0,true,true
bvk2-scft-fixedcell-performance-v1,1,32,32,bvk2,8,9.7323e-5,14112,-1.8990394400811312,NaN,0,true,true
bvk2-scft-fixedcell-performance-v1,1,32,32,bvk2,9,9.5126e-5,14112,-1.8990394400811312,NaN,0,true,true
bvk2-scft-fixedcell-performance-v1,1,32,32,scft,1,0.000404465,34224,6.22205888423555,0.005,200,true,true
bvk2-scft-fixedcell-performance-v1,1,32,32,scft,2,0.000388889,34224,6.22205888423555,0.005,200,true,true
bvk2-scft-fixedcell-performance-v1,1,32,32,scft,3,0.000402339,34224,6.22205888423555,0.005,200,true,true
bvk2-scft-fixedcell-performance-v1,1,32,32,scft,4,0.000442301,34224,6.22205888423555,0.005,200,true,true
bvk2-scft-fixedcell-performance-v1,1,32,32,scft,5,0.000419235,34224,6.22205888423555,0.005,200,true,true
bvk2-scft-fixedcell-performance-v1,1,32,32,scft,6,0.000402993,34224,6.22205888423555,0.005,200,true,true
bvk2-scft-fixedcell-performance-v1,1,32,32,scft,7,0.000410662,34224,6.22205888423555,0.005,200,true,true
bvk2-scft-fixedcell-performance-v1,1,32,32,scft,8,0.00044835,34224,6.22205888423555,0.005,200,true,true
bvk2-scft-fixedcell-performance-v1,1,32,32,scft,9,0.000418204,34224,6.22205888423555,0.005,200,true,true
bvk2-scft-fixedcell-performance-v1,1,64,64,bvk2,1,0.000223711,19104,-1.8979747554674598,NaN,0,true,true
bvk2-scft-fixedcell-performance-v1,1,64,64,bvk2,2,0.000138088,19104,-1.8979747554674598,NaN,0,true,true
bvk2-scft-fixedcell-performance-v1,1,64,64,bvk2,3,0.000141018,19104,-1.8979747554674598,NaN,0,true,true
bvk2-scft-fixedcell-performance-v1,1,64,64,bvk2,4,0.000174966,19104,-1.8979747554674598,NaN,0,true,true
bvk2-scft-fixedcell-performance-v1,1,64,64,bvk2,5,0.000141926,19104,-1.8979747554674598,NaN,0,true,true
bvk2-scft-fixedcell-performance-v1,1,64,64,bvk2,6,0.000139962,19104,-1.8979747554674598,NaN,0,true,true
bvk2-scft-fixedcell-performance-v1,1,64,64,bvk2,7,0.000135421,19104,-1.8979747554674598,NaN,0,true,true
bvk2-scft-fixedcell-performance-v1,1,64,64,bvk2,8,0.000146086,19104,-1.8979747554674598,NaN,0,true,true
bvk2-scft-fixedcell-performance-v1,1,64,64,bvk2,9,0.000134034,19104,-1.8979747554674598,NaN,0,true,true
bvk2-scft-fixedcell-performance-v1,1,64,64,scft,1,0.000668673,34224,6.222058884236464,0.005,200,true,true
bvk2-scft-fixedcell-performance-v1,1,64,64,scft,2,0.000502109,34224,6.222058884236464,0.005,200,true,true
bvk2-scft-fixedcell-performance-v1,1,64,64,scft,3,0.000478056,34224,6.222058884236464,0.005,200,true,true
bvk2-scft-fixedcell-performance-v1,1,64,64,scft,4,0.00058927,34224,6.222058884236464,0.005,200,true,true
bvk2-scft-fixedcell-performance-v1,1,64,64,scft,5,0.000516594,34224,6.222058884236464,0.005,200,true,true
bvk2-scft-fixedcell-performance-v1,1,64,64,scft,6,0.000485358,34224,6.222058884236464,0.005,200,true,true
bvk2-scft-fixedcell-performance-v1,1,64,64,scft,7,0.000624895,34224,6.222058884236464,0.005,200,true,true
bvk2-scft-fixedcell-performance-v1,1,64,64,scft,8,0.000523035,34224,6.222058884236464,0.005,200,true,true
bvk2-scft-fixedcell-performance-v1,1,64,64,scft,9,0.000543296,34224,6.222058884236464,0.005,200,true,true
bvk2-scft-fixedcell-performance-v1,1,128,128,bvk2,1,0.000184504,29088,-1.8977079270078483,NaN,0,true,true
bvk2-scft-fixedcell-performance-v1,1,128,128,bvk2,2,0.000158516,29088,-1.8977079270078483,NaN,0,true,true
bvk2-scft-fixedcell-performance-v1,1,128,128,bvk2,3,0.000160395,29088,-1.8977079270078483,NaN,0,true,true
bvk2-scft-fixedcell-performance-v1,1,128,128,bvk2,4,0.000156958,29088,-1.8977079270078483,NaN,0,true,true
bvk2-scft-fixedcell-performance-v1,1,128,128,bvk2,5,0.000158765,29088,-1.8977079270078483,NaN,0,true,true
bvk2-scft-fixedcell-performance-v1,1,128,128,bvk2,6,0.00016019,29088,-1.8977079270078483,NaN,0,true,true
bvk2-scft-fixedcell-performance-v1,1,128,128,bvk2,7,0.000160006,29088,-1.8977079270078483,NaN,0,true,true
bvk2-scft-fixedcell-performance-v1,1,128,128,bvk2,8,0.000163693,29088,-1.8977079270078483,NaN,0,true,true
bvk2-scft-fixedcell-performance-v1,1,128,128,bvk2,9,0.00016042,29088,-1.8977079270078483,NaN,0,true,true
bvk2-scft-fixedcell-performance-v1,1,128,128,scft,1,0.000751289,34224,6.2220588842371525,0.005,200,true,true
bvk2-scft-fixedcell-performance-v1,1,128,128,scft,2,0.000782852,34224,6.2220588842371525,0.005,200,true,true
bvk2-scft-fixedcell-performance-v1,1,128,128,scft,3,0.000741714,34224,6.2220588842371525,0.005,200,true,true
bvk2-scft-fixedcell-performance-v1,1,128,128,scft,4,0.000755212,34224,6.2220588842371525,0.005,200,true,true
bvk2-scft-fixedcell-performance-v1,1,128,128,scft,5,0.000780509,34224,6.2220588842371525,0.005,200,true,true
bvk2-scft-fixedcell-performance-v1,1,128,128,scft,6,0.000886877,34224,6.2220588842371525,0.005,200,true,true
bvk2-scft-fixedcell-performance-v1,1,128,128,scft,7,0.000746739,34224,6.2220588842371525,0.005,200,true,true
bvk2-scft-fixedcell-performance-v1,1,128,128,scft,8,0.00080158,34224,6.2220588842371525,0.005,200,true,true
bvk2-scft-fixedcell-performance-v1,1,128,128,scft,9,0.000779832,34224,6.2220588842371525,0.005,200,true,true
bvk2-scft-fixedcell-performance-v1,1,256,256,bvk2,1,0.000239996,48280,-1.8976411796681618,NaN,0,true,true
bvk2-scft-fixedcell-performance-v1,1,256,256,bvk2,2,0.000221834,48280,-1.8976411796681618,NaN,0,true,true
bvk2-scft-fixedcell-performance-v1,1,256,256,bvk2,3,0.000245303,48280,-1.8976411796681618,NaN,0,true,true
bvk2-scft-fixedcell-performance-v1,1,256,256,bvk2,4,0.000229209,48280,-1.8976411796681618,NaN,0,true,true
bvk2-scft-fixedcell-performance-v1,1,256,256,bvk2,5,0.000238057,48280,-1.8976411796681618,NaN,0,true,true
bvk2-scft-fixedcell-performance-v1,1,256,256,bvk2,6,0.000215975,48280,-1.8976411796681618,NaN,0,true,true
bvk2-scft-fixedcell-performance-v1,1,256,256,bvk2,7,0.000222554,48280,-1.8976411796681618,NaN,0,true,true
bvk2-scft-fixedcell-performance-v1,1,256,256,bvk2,8,0.000242134,48280,-1.8976411796681618,NaN,0,true,true
bvk2-scft-fixedcell-performance-v1,1,256,256,bvk2,9,0.00024663,48280,-1.8976411796681618,NaN,0,true,true
bvk2-scft-fixedcell-performance-v1,1,256,256,scft,1,0.001427305,34224,6.222058884247018,0.005,200,true,true
bvk2-scft-fixedcell-performance-v1,1,256,256,scft,2,0.001408528,34224,6.222058884247018,0.005,200,true,true
bvk2-scft-fixedcell-performance-v1,1,256,256,scft,3,0.001443957,34224,6.222058884247018,0.005,200,true,true
bvk2-scft-fixedcell-performance-v1,1,256,256,scft,4,0.002114868,34224,6.222058884247018,0.005,200,true,true
bvk2-scft-fixedcell-performance-v1,1,256,256,scft,5,0.001465319,34224,6.222058884247018,0.005,200,true,true
bvk2-scft-fixedcell-performance-v1,1,256,256,scft,6,0.001398099,34224,6.222058884247018,0.005,200,true,true
bvk2-scft-fixedcell-performance-v1,1,256,256,scft,7,0.002779734,34224,6.222058884247018,0.005,200,true,true
bvk2-scft-fixedcell-performance-v1,1,256,256,scft,8,0.001462293,34224,6.222058884247018,0.005,200,true,true
bvk2-scft-fixedcell-performance-v1,1,256,256,scft,9,0.00145464,34224,6.222058884247018,0.005,200,true,true
bvk2-scft-fixedcell-performance-v1,1,512,512,bvk2,1,0.000443811,87192,-1.8976244903333055,NaN,0,true,true
bvk2-scft-fixedcell-performance-v1,1,512,512,bvk2,2,0.000307817,87192,-1.8976244903333055,NaN,0,true,true
bvk2-scft-fixedcell-performance-v1,1,512,512,bvk2,3,0.000307971,87192,-1.8976244903333055,NaN,0,true,true
bvk2-scft-fixedcell-performance-v1,1,512,512,bvk2,4,0.000338301,87192,-1.8976244903333055,NaN,0,true,true
bvk2-scft-fixedcell-performance-v1,1,512,512,bvk2,5,0.00032495,87192,-1.8976244903333055,NaN,0,true,true
bvk2-scft-fixedcell-performance-v1,1,512,512,bvk2,6,0.00031409,87192,-1.8976244903333055,NaN,0,true,true
bvk2-scft-fixedcell-performance-v1,1,512,512,bvk2,7,0.000578827,87192,-1.8976244903333055,NaN,0,true,true
bvk2-scft-fixedcell-performance-v1,1,512,512,bvk2,8,0.000369244,87192,-1.8976244903333055,NaN,0,true,true
bvk2-scft-fixedcell-performance-v1,1,512,512,bvk2,9,0.000347146,87192,-1.8976244903333055,NaN,0,true,true
bvk2-scft-fixedcell-performance-v1,1,512,512,scft,1,0.00313699,34224,6.22205888421713,0.005,200,true,true
bvk2-scft-fixedcell-performance-v1,1,512,512,scft,2,0.00244832,34224,6.22205888421713,0.005,200,true,true
bvk2-scft-fixedcell-performance-v1,1,512,512,scft,3,0.002470135,34224,6.22205888421713,0.005,200,true,true
bvk2-scft-fixedcell-performance-v1,1,512,512,scft,4,0.002498819,34224,6.22205888421713,0.005,200,true,true
bvk2-scft-fixedcell-performance-v1,1,512,512,scft,5,0.002465901,34224,6.22205888421713,0.005,200,true,true
bvk2-scft-fixedcell-performance-v1,1,512,512,scft,6,0.002437838,34224,6.22205888421713,0.005,200,true,true
bvk2-scft-fixedcell-performance-v1,1,512,512,scft,7,0.002527903,34224,6.22205888421713,0.005,200,true,true
bvk2-scft-fixedcell-performance-v1,1,512,512,scft,8,0.002464121,34224,6.22205888421713,0.005,200,true,true
bvk2-scft-fixedcell-performance-v1,1,512,512,scft,9,0.002464261,34224,6.22205888421713,0.005,200,true,true
bvk2-scft-fixedcell-performance-v1,1,1024,1024,bvk2,1,0.000662048,165016,-1.8976203178440287,NaN,0,true,true
bvk2-scft-fixedcell-performance-v1,1,1024,1024,bvk2,2,0.000455369,165016,-1.8976203178440287,NaN,0,true,true
bvk2-scft-fixedcell-performance-v1,1,1024,1024,bvk2,3,0.000458881,165016,-1.8976203178440287,NaN,0,true,true
bvk2-scft-fixedcell-performance-v1,1,1024,1024,bvk2,4,0.000533767,165016,-1.8976203178440287,NaN,0,true,true
bvk2-scft-fixedcell-performance-v1,1,1024,1024,bvk2,5,0.000488251,165016,-1.8976203178440287,NaN,0,true,true
bvk2-scft-fixedcell-performance-v1,1,1024,1024,bvk2,6,0.00044922,165016,-1.8976203178440287,NaN,0,true,true
bvk2-scft-fixedcell-performance-v1,1,1024,1024,bvk2,7,0.000521211,165016,-1.8976203178440287,NaN,0,true,true
bvk2-scft-fixedcell-performance-v1,1,1024,1024,bvk2,8,0.000512831,165016,-1.8976203178440287,NaN,0,true,true
bvk2-scft-fixedcell-performance-v1,1,1024,1024,bvk2,9,0.00049591,165016,-1.8976203178440287,NaN,0,true,true
bvk2-scft-fixedcell-performance-v1,1,1024,1024,scft,1,0.005320162,34224,6.222058884244362,0.005,200,true,true
bvk2-scft-fixedcell-performance-v1,1,1024,1024,scft,2,0.004525272,34224,6.222058884244362,0.005,200,true,true
bvk2-scft-fixedcell-performance-v1,1,1024,1024,scft,3,0.004651013,34224,6.222058884244362,0.005,200,true,true
bvk2-scft-fixedcell-performance-v1,1,1024,1024,scft,4,0.005476302,34224,6.222058884244362,0.005,200,true,true
bvk2-scft-fixedcell-performance-v1,1,1024,1024,scft,5,0.00445231,34224,6.222058884244362,0.005,200,true,true
bvk2-scft-fixedcell-performance-v1,1,1024,1024,scft,6,0.004471883,34224,6.222058884244362,0.005,200,true,true
bvk2-scft-fixedcell-performance-v1,1,1024,1024,scft,7,0.005302003,34224,6.222058884244362,0.005,200,true,true
bvk2-scft-fixedcell-performance-v1,1,1024,1024,scft,8,0.004600747,34224,6.222058884244362,0.005,200,true,true
bvk2-scft-fixedcell-performance-v1,1,1024,1024,scft,9,0.004724613,34224,6.222058884244362,0.005,200,true,true
bvk2-scft-fixedcell-performance-v1,3,12,1728,bvk2,1,0.002952061,221768,-5.6082218506903105,NaN,0,true,true
bvk2-scft-fixedcell-performance-v1,3,12,1728,bvk2,2,0.001241915,221768,-5.6082218506903105,NaN,0,true,true
bvk2-scft-fixedcell-performance-v1,3,12,1728,bvk2,3,0.001217424,221768,-5.6082218506903105,NaN,0,true,true
bvk2-scft-fixedcell-performance-v1,3,12,1728,bvk2,4,0.001231706,221768,-5.6082218506903105,NaN,0,true,true
bvk2-scft-fixedcell-performance-v1,3,12,1728,bvk2,5,0.001667306,221768,-5.6082218506903105,NaN,0,true,true
bvk2-scft-fixedcell-performance-v1,3,12,1728,scft,1,0.006276886,34224,6.2220588842026725,0.005,200,true,true
bvk2-scft-fixedcell-performance-v1,3,12,1728,scft,2,0.006282353,34224,6.2220588842026725,0.005,200,true,true
bvk2-scft-fixedcell-performance-v1,3,12,1728,scft,3,0.006427013,34224,6.2220588842026725,0.005,200,true,true
bvk2-scft-fixedcell-performance-v1,3,12,1728,scft,4,0.006578544,34224,6.2220588842026725,0.005,200,true,true
bvk2-scft-fixedcell-performance-v1,3,12,1728,scft,5,0.0070181,34224,6.2220588842026725,0.005,200,true,true
bvk2-scft-fixedcell-performance-v1,3,16,4096,bvk2,1,0.002356528,506024,-5.595568709778493,NaN,0,true,true
bvk2-scft-fixedcell-performance-v1,3,16,4096,bvk2,2,0.002498307,505992,-5.595568709778493,NaN,0,true,true
bvk2-scft-fixedcell-performance-v1,3,16,4096,bvk2,3,0.00257013,506024,-5.595568709778493,NaN,0,true,true
bvk2-scft-fixedcell-performance-v1,3,16,4096,bvk2,4,0.002485412,505992,-5.595568709778493,NaN,0,true,true
bvk2-scft-fixedcell-performance-v1,3,16,4096,bvk2,5,0.003096358,506024,-5.595568709778493,NaN,0,true,true
bvk2-scft-fixedcell-performance-v1,3,16,4096,scft,1,0.014999069,34224,6.222058884333273,0.005,200,true,true
bvk2-scft-fixedcell-performance-v1,3,16,4096,scft,2,0.016672229,34224,6.222058884333273,0.005,200,true,true
bvk2-scft-fixedcell-performance-v1,3,16,4096,scft,3,0.015309522,34224,6.222058884333273,0.005,200,true,true
bvk2-scft-fixedcell-performance-v1,3,16,4096,scft,4,0.014860308,34224,6.222058884333273,0.005,200,true,true
bvk2-scft-fixedcell-performance-v1,3,16,4096,scft,5,0.015017865,34224,6.222058884333273,0.005,200,true,true
bvk2-scft-fixedcell-performance-v1,3,24,13824,bvk2,1,0.007953614,1673576,-5.586408556009824,NaN,0,true,true
bvk2-scft-fixedcell-performance-v1,3,24,13824,bvk2,2,0.00813509,1673576,-5.586408556009824,NaN,0,true,true
bvk2-scft-fixedcell-performance-v1,3,24,13824,bvk2,3,0.008156007,1673576,-5.586408556009824,NaN,0,true,true
bvk2-scft-fixedcell-performance-v1,3,24,13824,bvk2,4,0.008039397,1673576,-5.586408556009824,NaN,0,true,true
bvk2-scft-fixedcell-performance-v1,3,24,13824,bvk2,5,0.009053074,1673576,-5.586408556009824,NaN,0,true,true
bvk2-scft-fixedcell-performance-v1,3,24,13824,scft,1,0.106475372,34224,6.222058883880011,0.005,200,true,true
bvk2-scft-fixedcell-performance-v1,3,24,13824,scft,2,0.0928971,34224,6.222058883880011,0.005,200,true,true
bvk2-scft-fixedcell-performance-v1,3,24,13824,scft,3,0.098095581,34224,6.222058883880011,0.005,200,true,true
bvk2-scft-fixedcell-performance-v1,3,24,13824,scft,4,0.091247609,34224,6.222058883880011,0.005,200,true,true
bvk2-scft-fixedcell-performance-v1,3,24,13824,scft,5,0.093790042,34224,6.222058883880011,0.005,200,true,true
bvk2-scft-fixedcell-performance-v1,3,32,32768,bvk2,1,0.017950498,3947048,-5.58317595382442,NaN,0,true,true
bvk2-scft-fixedcell-performance-v1,3,32,32768,bvk2,2,0.018779083,3947048,-5.58317595382442,NaN,0,true,true
bvk2-scft-fixedcell-performance-v1,3,32,32768,bvk2,3,0.018426706,3947048,-5.58317595382442,NaN,0,true,true
bvk2-scft-fixedcell-performance-v1,3,32,32768,bvk2,4,0.018806063,3947048,-5.58317595382442,NaN,0,true,true
bvk2-scft-fixedcell-performance-v1,3,32,32768,bvk2,5,0.018076062,3947048,-5.58317595382442,NaN,0,true,true
bvk2-scft-fixedcell-performance-v1,3,32,32768,scft,1,0.132528709,34224,6.222058884472586,0.005,200,true,true
bvk2-scft-fixedcell-performance-v1,3,32,32768,scft,2,0.139100269,34224,6.222058884472586,0.005,200,true,true
bvk2-scft-fixedcell-performance-v1,3,32,32768,scft,3,0.149431965,34224,6.222058884472586,0.005,200,true,true
bvk2-scft-fixedcell-performance-v1,3,32,32768,scft,4,0.133295331,34224,6.222058884472586,0.005,200,true,true
bvk2-scft-fixedcell-performance-v1,3,32,32768,scft,5,0.135112887,34224,6.222058884472586,0.005,200,true,true
bvk2-scft-fixedcell-performance-v1,3,40,64000,bvk2,1,0.036337812,7695096,-5.581675032710339,NaN,0,true,true
bvk2-scft-fixedcell-performance-v1,3,40,64000,bvk2,2,0.037855216,7695096,-5.581675032710339,NaN,0,true,true
bvk2-scft-fixedcell-performance-v1,3,40,64000,bvk2,3,0.035756907,7695096,-5.581675032710339,NaN,0,true,true
bvk2-scft-fixedcell-performance-v1,3,40,64000,bvk2,4,0.04013724,7695096,-5.581675032710339,NaN,0,true,true
bvk2-scft-fixedcell-performance-v1,3,40,64000,bvk2,5,0.035828763,7695096,-5.581675032710339,NaN,0,true,true
bvk2-scft-fixedcell-performance-v1,3,40,64000,scft,1,0.463365369,34224,6.222058882421879,0.005,200,true,true
bvk2-scft-fixedcell-performance-v1,3,40,64000,scft,2,0.476619882,34224,6.222058882421879,0.005,200,true,true
bvk2-scft-fixedcell-performance-v1,3,40,64000,scft,3,0.47986143,34224,6.222058882421879,0.005,200,true,true
bvk2-scft-fixedcell-performance-v1,3,40,64000,scft,4,0.485033743,34224,6.222058882421879,0.005,200,true,true
bvk2-scft-fixedcell-performance-v1,3,40,64000,scft,5,0.448414929,34224,6.222058882421879,0.005,200,true,true
bvk2-scft-fixedcell-performance-v1,3,48,110592,bvk2,1,0.06450567,13286376,-5.580858504285745,NaN,0,true,true
bvk2-scft-fixedcell-performance-v1,3,48,110592,bvk2,2,0.065928669,13286376,-5.580858504285745,NaN,0,true,true
bvk2-scft-fixedcell-performance-v1,3,48,110592,bvk2,3,0.07064705,13286376,-5.580858504285745,NaN,0,true,true
bvk2-scft-fixedcell-performance-v1,3,48,110592,bvk2,4,0.068951679,13286376,-5.580858504285745,NaN,0,true,true
bvk2-scft-fixedcell-performance-v1,3,48,110592,bvk2,5,0.063771508,13286376,-5.580858504285745,NaN,0,true,true
bvk2-scft-fixedcell-performance-v1,3,48,110592,scft,1,0.75974216,34224,6.222058878996723,0.005,200,true,true
bvk2-scft-fixedcell-performance-v1,3,48,110592,scft,2,0.764501437,34224,6.222058878996723,0.005,200,true,true
bvk2-scft-fixedcell-performance-v1,3,48,110592,scft,3,0.749882279,34224,6.222058878996723,0.005,200,true,true
bvk2-scft-fixedcell-performance-v1,3,48,110592,scft,4,0.760571088,34224,6.222058878996723,0.005,200,true,true
bvk2-scft-fixedcell-performance-v1,3,48,110592,scft,5,0.771574044,34224,6.222058878996723,0.005,200,true,true
