schema,dimension,linear_grid,grid_points,bvk2_median_wall_s,scft_median_wall_s,scft_over_bvk2
bvk2-scft-fixedcell-performance-v1,1,32,32,9.7567e-5,0.000410662,4.2090255926696525
bvk2-scft-fixedcell-performance-v1,1,64,64,0.000141018,0.000523035,3.708994596434498
bvk2-scft-fixedcell-performance-v1,1,128,128,0.00016019,0.000779832,4.8681690492540115
bvk2-scft-fixedcell-performance-v1,1,256,256,0.000238057,0.00145464,6.110469341376226
bvk2-scft-fixedcell-performance-v1,1,512,512,0.000338301,0.002465901,7.289073931203277
bvk2-scft-fixedcell-performance-v1,1,1024,1024,0.00049591,0.004651013,9.37874412695852
bvk2-scft-fixedcell-performance-v1,3,12,1728,0.001241915,0.006427013,5.175082835781837
bvk2-scft-fixedcell-performance-v1,3,16,4096,0.002498307,0.015017865,6.011216796014261
bvk2-scft-fixedcell-performance-v1,3,24,13824,0.00813509,0.093790042,11.529072450335523
bvk2-scft-fixedcell-performance-v1,3,32,32768,0.018426706,0.135112887,7.332449272268195
bvk2-scft-fixedcell-performance-v1,3,40,64000,0.036337812,0.476619882,13.116361601518552
bvk2-scft-fixedcell-performance-v1,3,48,110592,0.065928669,0.760571088,11.536272452277172
