schema,case_id,f,chiN,model,adaptive,c2,nx,oversample_factor,sensor_filter_ratio,period_rg,index,s,phi_a
bvk2-fixed-stiffness-figure6-root-v1,f0.35_chiN29,0.35,29.0,bvk2_fixed,false,0.16,256,2,12.0,4.220930014745705,1,0.001953125,0.9903492847768794
bvk2-fixed-stiffness-figure6-root-v1,f0.35_chiN29,0.35,29.0,bvk2_fixed,false,0.16,256,2,12.0,4.220930014745705,2,0.005859375,0.9902763088242252
bvk2-fixed-stiffness-figure6-root-v1,f0.35_chiN29,0.35,29.0,bvk2_fixed,false,0.16,256,2,12.0,4.220930014745705,3,0.009765625,0.9901291771806747
bvk2-fixed-stiffness-figure6-root-v1,f0.35_chiN29,0.35,29.0,bvk2_fixed,false,0.16,256,2,12.0,4.220930014745705,4,0.013671875,0.9899055084561856
bvk2-fixed-stiffness-figure6-root-v1,f0.35_chiN29,0.35,29.0,bvk2_fixed,false,0.16,256,2,12.0,4.220930014745705,5,0.017578125,0.9896016753844796
bvk2-fixed-stiffness-figure6-root-v1,f0.35_chiN29,0.35,29.0,bvk2_fixed,false,0.16,256,2,12.0,4.220930014745705,6,0.021484375,0.989212737493304
bvk2-fixed-stiffness-figure6-root-v1,f0.35_chiN29,0.35,29.0,bvk2_fixed,false,0.16,256,2,12.0,4.220930014745705,7,0.025390625,0.9887323494790612
bvk2-fixed-stiffness-figure6-root-v1,f0.35_chiN29,0.35,29.0,bvk2_fixed,false,0.16,256,2,12.0,4.220930014745705,8,0.029296875,0.9881526437036476
bvk2-fixed-stiffness-figure6-root-v1,f0.35_chiN29,0.35,29.0,bvk2_fixed,false,0.16,256,2,12.0,4.220930014745705,9,0.033203125,0.9874640848491669
bvk2-fixed-stiffness-figure6-root-v1,f0.35_chiN29,0.35,29.0,bvk2_fixed,false,0.16,256,2,12.0,4.220930014745705,10,0.037109375,0.9866552944036494
bvk2-fixed-stiffness-figure6-root-v1,f0.35_chiN29,0.35,29.0,bvk2_fixed,false,0.16,256,2,12.0,4.220930014745705,11,0.041015625,0.985712842323879
bvk2-fixed-stiffness-figure6-root-v1,f0.35_chiN29,0.35,29.0,bvk2_fixed,false,0.16,256,2,12.0,4.220930014745705,12,0.044921875,0.9846210029539605
bvk2-fixed-stiffness-figure6-root-v1,f0.35_chiN29,0.35,29.0,bvk2_fixed,false,0.16,256,2,12.0,4.220930014745705,13,0.048828125,0.983361472105824
bvk2-fixed-stiffness-figure6-root-v1,f0.35_chiN29,0.35,29.0,bvk2_fixed,false,0.16,256,2,12.0,4.220930014745705,14,0.052734375,0.9819130421800788
bvk2-fixed-stiffness-figure6-root-v1,f0.35_chiN29,0.35,29.0,bvk2_fixed,false,0.16,256,2,12.0,4.220930014745705,15,0.056640625,0.9802512323924434
bvk2-fixed-stiffness-figure6-root-v1,f0.35_chiN29,0.35,29.0,bvk2_fixed,false,0.16,256,2,12.0,4.220930014745705,16,0.060546875,0.9783478716656141
bvk2-fixed-stiffness-figure6-root-v1,f0.35_chiN29,0.35,29.0,bvk2_fixed,false,0.16,256,2,12.0,4.220930014745705,17,0.064453125,0.9761706326752538
bvk2-fixed-stiffness-figure6-root-v1,f0.35_chiN29,0.35,29.0,bvk2_fixed,false,0.16,256,2,12.0,4.220930014745705,18,0.068359375,0.9736825170638329
bvk2-fixed-stiffness-figure6-root-v1,f0.35_chiN29,0.35,29.0,bvk2_fixed,false,0.16,256,2,12.0,4.220930014745705,19,0.072265625,0.9708412941676323
bvk2-fixed-stiffness-figure6-root-v1,f0.35_chiN29,0.35,29.0,bvk2_fixed,false,0.16,256,2,12.0,4.220930014745705,20,0.076171875,0.9675988989984592
bvk2-fixed-stiffness-figure6-root-v1,f0.35_chiN29,0.35,29.0,bvk2_fixed,false,0.16,256,2,12.0,4.220930014745705,21,0.080078125,0.9639007999983354
bvk2-fixed-stiffness-figure6-root-v1,f0.35_chiN29,0.35,29.0,bvk2_fixed,false,0.16,256,2,12.0,4.220930014745705,22,0.083984375,0.9596853536047711
bvk2-fixed-stiffness-figure6-root-v1,f0.35_chiN29,0.35,29.0,bvk2_fixed,false,0.16,256,2,12.0,4.220930014745705,23,0.087890625,0.9548831713269137
bvk2-fixed-stiffness-figure6-root-v1,f0.35_chiN29,0.35,29.0,bvk2_fixed,false,0.16,256,2,12.0,4.220930014745705,24,0.091796875,0.9494165362360301
bvk2-fixed-stiffness-figure6-root-v1,f0.35_chiN29,0.35,29.0,bvk2_fixed,false,0.16,256,2,12.0,4.220930014745705,25,0.095703125,0.9431989198538528
bvk2-fixed-stiffness-figure6-root-v1,f0.35_chiN29,0.35,29.0,bvk2_fixed,false,0.16,256,2,12.0,4.220930014745705,26,0.099609375,0.9361346675434756
bvk2-fixed-stiffness-figure6-root-v1,f0.35_chiN29,0.35,29.0,bvk2_fixed,false,0.16,256,2,12.0,4.220930014745705,27,0.103515625,0.9281189405042777
bvk2-fixed-stiffness-figure6-root-v1,f0.35_chiN29,0.35,29.0,bvk2_fixed,false,0.16,256,2,12.0,4.220930014745705,28,0.107421875,0.9190380246172627
bvk2-fixed-stiffness-figure6-root-v1,f0.35_chiN29,0.35,29.0,bvk2_fixed,false,0.16,256,2,12.0,4.220930014745705,29,0.111328125,0.9087701390903226
bvk2-fixed-stiffness-figure6-root-v1,f0.35_chiN29,0.35,29.0,bvk2_fixed,false,0.16,256,2,12.0,4.220930014745705,30,0.115234375,0.8971868983050142
bvk2-fixed-stiffness-figure6-root-v1,f0.35_chiN29,0.35,29.0,bvk2_fixed,false,0.16,256,2,12.0,4.220930014745705,31,0.119140625,0.8841555940734253
bvk2-fixed-stiffness-figure6-root-v1,f0.35_chiN29,0.35,29.0,bvk2_fixed,false,0.16,256,2,12.0,4.220930014745705,32,0.123046875,0.8695424664395296
bvk2-fixed-stiffness-figure6-root-v1,f0.35_chiN29,0.35,29.0,bvk2_fixed,false,0.16,256,2,12.0,4.220930014745705,33,0.126953125,0.8532171111413155
bvk2-fixed-stiffness-figure6-root-v1,f0.35_chiN29,0.35,29.0,bvk2_fixed,false,0.16,256,2,12.0,4.220930014745705,34,0.130859375,0.8350581215711248
bvk2-fixed-stiffness-figure6-root-v1,f0.35_chiN29,0.35,29.0,bvk2_fixed,false,0.16,256,2,12.0,4.220930014745705,35,0.134765625,0.8149599733698564
bvk2-fixed-stiffness-figure6-root-v1,f0.35_chiN29,0.35,29.0,bvk2_fixed,false,0.16,256,2,12.0,4.220930014745705,36,0.138671875,0.792841024203115
bvk2-fixed-stiffness-figure6-root-v1,f0.35_chiN29,0.35,29.0,bvk2_fixed,false,0.16,256,2,12.0,4.220930014745705,37,0.142578125,0.7686523197063666
bvk2-fixed-stiffness-figure6-root-v1,f0.35_chiN29,0.35,29.0,bvk2_fixed,false,0.16,256,2,12.0,4.220930014745705,38,0.146484375,0.7423866797429355
bvk2-fixed-stiffness-figure6-root-v1,f0.35_chiN29,0.35,29.0,bvk2_fixed,false,0.16,256,2,12.0,4.220930014745705,39,0.150390625,0.7140873123693794
bvk2-fixed-stiffness-figure6-root-v1,f0.35_chiN29,0.35,29.0,bvk2_fixed,false,0.16,256,2,12.0,4.220930014745705,40,0.154296875,0.6838550077712036
bvk2-fixed-stiffness-figure6-root-v1,f0.35_chiN29,0.35,29.0,bvk2_fixed,false,0.16,256,2,12.0,4.220930014745705,41,0.158203125,0.6518528551579728
bvk2-fixed-stiffness-figure6-root-v1,f0.35_chiN29,0.35,29.0,bvk2_fixed,false,0.16,256,2,12.0,4.220930014745705,42,0.162109375,0.6183074589959177
bvk2-fixed-stiffness-figure6-root-v1,f0.35_chiN29,0.35,29.0,bvk2_fixed,false,0.16,256,2,12.0,4.220930014745705,43,0.166015625,0.5835058497100329
bvk2-fixed-stiffness-figure6-root-v1,f0.35_chiN29,0.35,29.0,bvk2_fixed,false,0.16,256,2,12.0,4.220930014745705,44,0.169921875,0.5477876971810399
bvk2-fixed-stiffness-figure6-root-v1,f0.35_chiN29,0.35,29.0,bvk2_fixed,false,0.16,256,2,12.0,4.220930014745705,45,0.173828125,0.5115330032290106
bvk2-fixed-stiffness-figure6-root-v1,f0.35_chiN29,0.35,29.0,bvk2_fixed,false,0.16,256,2,12.0,4.220930014745705,46,0.177734375,0.4751460808306078
bvk2-fixed-stiffness-figure6-root-v1,f0.35_chiN29,0.35,29.0,bvk2_fixed,false,0.16,256,2,12.0,4.220930014745705,47,0.181640625,0.43903719694195703
bvk2-fixed-stiffness-figure6-root-v1,f0.35_chiN29,0.35,29.0,bvk2_fixed,false,0.16,256,2,12.0,4.220930014745705,48,0.185546875,0.40360363412842554
bvk2-fixed-stiffness-figure6-root-v1,f0.35_chiN29,0.35,29.0,bvk2_fixed,false,0.16,256,2,12.0,4.220930014745705,49,0.189453125,0.36921202245848145
bvk2-fixed-stiffness-figure6-root-v1,f0.35_chiN29,0.35,29.0,bvk2_fixed,false,0.16,256,2,12.0,4.220930014745705,50,0.193359375,0.33618358342756743
bvk2-fixed-stiffness-figure6-root-v1,f0.35_chiN29,0.35,29.0,bvk2_fixed,false,0.16,256,2,12.0,4.220930014745705,51,0.197265625,0.304783463755125
bvk2-fixed-stiffness-figure6-root-v1,f0.35_chiN29,0.35,29.0,bvk2_fixed,false,0.16,256,2,12.0,4.220930014745705,52,0.201171875,0.2752147284387584
bvk2-fixed-stiffness-figure6-root-v1,f0.35_chiN29,0.35,29.0,bvk2_fixed,false,0.16,256,2,12.0,4.220930014745705,53,0.205078125,0.24761696155062698
bvk2-fixed-stiffness-figure6-root-v1,f0.35_chiN29,0.35,29.0,bvk2_fixed,false,0.16,256,2,12.0,4.220930014745705,54,0.208984375,0.22206890584614475
bvk2-fixed-stiffness-figure6-root-v1,f0.35_chiN29,0.35,29.0,bvk2_fixed,false,0.16,256,2,12.0,4.220930014745705,55,0.212890625,0.1985942307731071
bvk2-fixed-stiffness-figure6-root-v1,f0.35_chiN29,0.35,29.0,bvk2_fixed,false,0.16,256,2,12.0,4.220930014745705,56,0.216796875,0.17716937307083314
bvk2-fixed-stiffness-figure6-root-v1,f0.35_chiN29,0.35,29.0,bvk2_fixed,false,0.16,256,2,12.0,4.220930014745705,57,0.220703125,0.15773242083915515
bvk2-fixed-stiffness-figure6-root-v1,f0.35_chiN29,0.35,29.0,bvk2_fixed,false,0.16,256,2,12.0,4.220930014745705,58,0.224609375,0.14019216044850633
bvk2-fixed-stiffness-figure6-root-v1,f0.35_chiN29,0.35,29.0,bvk2_fixed,false,0.16,256,2,12.0,4.220930014745705,59,0.228515625,0.12443661848325836
bvk2-fixed-stiffness-figure6-root-v1,f0.35_chiN29,0.35,29.0,bvk2_fixed,false,0.16,256,2,12.0,4.220930014745705,60,0.232421875,0.11034065783730927
bvk2-fixed-stiffness-figure6-root-v1,f0.35_chiN29,0.35,29.0,bvk2_fixed,false,0.16,256,2,12.0,4.220930014745705,61,0.236328125,0.09777239261629878
bvk2-fixed-stiffness-figure6-root-v1,f0.35_chiN29,0.35,29.0,bvk2_fixed,false,0.16,256,2,12.0,4.220930014745705,62,0.240234375,0.08659835118379143
bvk2-fixed-stiffness-figure6-root-v1,f0.35_chiN29,0.35,29.0,bvk2_fixed,false,0.16,256,2,12.0,4.220930014745705,63,0.244140625,0.07668743442622604
bvk2-fixed-stiffness-figure6-root-v1,f0.35_chiN29,0.35,29.0,bvk2_fixed,false,0.16,256,2,12.0,4.220930014745705,64,0.248046875,0.06791379009666075
bvk2-fixed-stiffness-figure6-root-v1,f0.35_chiN29,0.35,29.0,bvk2_fixed,false,0.16,256,2,12.0,4.220930014745705,65,0.251953125,0.06015876178637516
bvk2-fixed-stiffness-figure6-root-v1,f0.35_chiN29,0.35,29.0,bvk2_fixed,false,0.16,256,2,12.0,4.220930014745705,66,0.255859375,0.05331208211559895
bvk2-fixed-stiffness-figure6-root-v1,f0.35_chiN29,0.35,29.0,bvk2_fixed,false,0.16,256,2,12.0,4.220930014745705,67,0.259765625,0.04727247308495221
bvk2-fixed-stiffness-figure6-root-v1,f0.35_chiN29,0.35,29.0,bvk2_fixed,false,0.16,256,2,12.0,4.220930014745705,68,0.263671875,0.041947799584311295
bvk2-fixed-stiffness-figure6-root-v1,f0.35_chiN29,0.35,29.0,bvk2_fixed,false,0.16,256,2,12.0,4.220930014745705,69,0.267578125,0.03725490033830066
bvk2-fixed-stiffness-figure6-root-v1,f0.35_chiN29,0.35,29.0,bvk2_fixed,false,0.16,256,2,12.0,4.220930014745705,70,0.271484375,0.0331191978272576
bvk2-fixed-stiffness-figure6-root-v1,f0.35_chiN29,0.35,29.0,bvk2_fixed,false,0.16,256,2,12.0,4.220930014745705,71,0.275390625,0.02947416726589624
bvk2-fixed-stiffness-figure6-root-v1,f0.35_chiN29,0.35,29.0,bvk2_fixed,false,0.16,256,2,12.0,4.220930014745705,72,0.279296875,0.02626072576821867
bvk2-fixed-stiffness-figure6-root-v1,f0.35_chiN29,0.35,29.0,bvk2_fixed,false,0.16,256,2,12.0,4.220930014745705,73,0.283203125,0.023426586862946918
bvk2-fixed-stiffness-figure6-root-v1,f0.35_chiN29,0.35,29.0,bvk2_fixed,false,0.16,256,2,12.0,4.220930014745705,74,0.287109375,0.02092561256251466
bvk2-fixed-stiffness-figure6-root-v1,f0.35_chiN29,0.35,29.0,bvk2_fixed,false,0.16,256,2,12.0,4.220930014745705,75,0.291015625,0.018717184988374755
bvk2-fixed-stiffness-figure6-root-v1,f0.35_chiN29,0.35,29.0,bvk2_fixed,false,0.16,256,2,12.0,4.220930014745705,76,0.294921875,0.016765611743733404
bvk2-fixed-stiffness-figure6-root-v1,f0.35_chiN29,0.35,29.0,bvk2_fixed,false,0.16,256,2,12.0,4.220930014745705,77,0.298828125,0.015039573399621286
bvk2-fixed-stiffness-figure6-root-v1,f0.35_chiN29,0.35,29.0,bvk2_fixed,false,0.16,256,2,12.0,4.220930014745705,78,0.302734375,0.013511617230553026
bvk2-fixed-stiffness-figure6-root-v1,f0.35_chiN29,0.35,29.0,bvk2_fixed,false,0.16,256,2,12.0,4.220930014745705,79,0.306640625,0.012157698356858591
bvk2-fixed-stiffness-figure6-root-v1,f0.35_chiN29,0.35,29.0,bvk2_fixed,false,0.16,256,2,12.0,4.220930014745705,80,0.310546875,0.01095676742731589
bvk2-fixed-stiffness-figure6-root-v1,f0.35_chiN29,0.35,29.0,bvk2_fixed,false,0.16,256,2,12.0,4.220930014745705,81,0.314453125,0.00989040266766046
bvk2-fixed-stiffness-figure6-root-v1,f0.35_chiN29,0.35,29.0,bvk2_fixed,false,0.16,256,2,12.0,4.220930014745705,82,0.318359375,0.0089424833368999
bvk2-fixed-stiffness-figure6-root-v1,f0.35_chiN29,0.35,29.0,bvk2_fixed,false,0.16,256,2,12.0,4.220930014745705,83,0.322265625,0.008098901224231812
bvk2-fixed-stiffness-figure6-root-v1,f0.35_chiN29,0.35,29.0,bvk2_fixed,false,0.16,256,2,12.0,4.220930014745705,84,0.326171875,0.007347306672670871
bvk2-fixed-stiffness-figure6-root-v1,f0.35_chiN29,0.35,29.0,bvk2_fixed,false,0.16,256,2,12.0,4.220930014745705,85,0.330078125,0.006676885644404322
bvk2-fixed-stiffness-figure6-root-v1,f0.35_chiN29,0.35,29.0,bvk2_fixed,false,0.16,256,2,12.0,4.220930014745705,86,0.333984375,0.006078164486849885
bvk2-fixed-stiffness-figure6-root-v1,f0.35_chiN29,0.35,29.0,bvk2_fixed,false,0.16,256,2,12.0,4.220930014745705,87,0.337890625,0.0055428392701828665
bvk2-fixed-stiffness-figure6-root-v1,f0.35_chiN29,0.35,29.0,bvk2_fixed,false,0.16,256,2,12.0,4.220930014745705,88,0.341796875,0.0050636268165745995
bvk2-fixed-stiffness-figure6-root-v1,f0.35_chiN29,0.35,29.0,bvk2_fixed,false,0.16,256,2,12.0,4.220930014745705,89,0.345703125,0.004634134804825218
bvk2-fixed-stiffness-figure6-root-v1,f0.35_chiN29,0.35,29.0,bvk2_fixed,false,0.16,256,2,12.0,4.220930014745705,90,0.349609375,0.004248748597810232
bvk2-fixed-stiffness-figure6-root-v1,f0.35_chiN29,0.35,29.0,bvk2_fixed,false,0.16,256,2,12.0,4.220930014745705,91,0.353515625,0.003902532693863241
bvk2-fixed-stiffness-figure6-root-v1,f0.35_chiN29,0.35,29.0,bvk2_fixed,false,0.16,256,2,12.0,4.220930014745705,92,0.357421875,0.003591144941394288
bvk2-fixed-stiffness-figure6-root-v1,f0.35_chiN29,0.35,29.0,bvk2_fixed,false,0.16,256,2,12.0,4.220930014745705,93,0.361328125,0.0033107618756824855
bvk2-fixed-stiffness-figure6-root-v1,f0.35_chiN29,0.35,29.0,bvk2_fixed,false,0.16,256,2,12.0,4.220930014745705,94,0.365234375,0.003058013736073576
bvk2-fixed-stiffness-figure6-root-v1,f0.35_chiN29,0.35,29.0,bvk2_fixed,false,0.16,256,2,12.0,4.220930014745705,95,0.369140625,0.0028299279014534742
bvk2-fixed-stiffness-figure6-root-v1,f0.35_chiN29,0.35,29.0,bvk2_fixed,false,0.16,256,2,12.0,4.220930014745705,96,0.373046875,0.002623879641568929
bvk2-fixed-stiffness-figure6-root-v1,f0.35_chiN29,0.35,29.0,bvk2_fixed,false,0.16,256,2,12.0,4.220930014745705,97,0.376953125,0.002437549223765312
bvk2-fixed-stiffness-figure6-root-v1,f0.35_chiN29,0.35,29.0,bvk2_fixed,false,0.16,256,2,12.0,4.220930014745705,98,0.380859375,0.002268884539354446
bvk2-fixed-stiffness-figure6-root-v1,f0.35_chiN29,0.35,29.0,bvk2_fixed,false,0.16,256,2,12.0,4.220930014745705,99,0.384765625,0.00211606852366553
bvk2-fixed-stiffness-figure6-root-v1,f0.35_chiN29,0.35,29.0,bvk2_fixed,false,0.16,256,2,12.0,4.220930014745705,100,0.388671875,0.0019774907395056665
bvk2-fixed-stiffness-figure6-root-v1,f0.35_chiN29,0.35,29.0,bvk2_fixed,false,0.16,256,2,12.0,4.220930014745705,101,0.392578125,0.0018517225775272832
bvk2-fixed-stiffness-figure6-root-v1,f0.35_chiN29,0.35,29.0,bvk2_fixed,false,0.16,256,2,12.0,4.220930014745705,102,0.396484375,0.001737495599653487
bvk2-fixed-stiffness-figure6-root-v1,f0.35_chiN29,0.35,29.0,bvk2_fixed,false,0.16,256,2,12.0,4.220930014745705,103,0.400390625,0.0016336826150273693
bvk2-fixed-stiffness-figure6-root-v1,f0.35_chiN29,0.35,29.0,bvk2_fixed,false,0.16,256,2,12.0,4.220930014745705,104,0.404296875,0.0015392811327489156
bvk2-fixed-stiffness-figure6-root-v1,f0.35_chiN29,0.35,29.0,bvk2_fixed,false,0.16,256,2,12.0,4.220930014745705,105,0.408203125,0.0014533988832633909
bvk2-fixed-stiffness-figure6-root-v1,f0.35_chiN29,0.35,29.0,bvk2_fixed,false,0.16,256,2,12.0,4.220930014745705,106,0.412109375,0.0013752411414213895
bvk2-fixed-stiffness-figure6-root-v1,f0.35_chiN29,0.35,29.0,bvk2_fixed,false,0.16,256,2,12.0,4.220930014745705,107,0.416015625,0.001304099619894317
bvk2-fixed-stiffness-figure6-root-v1,f0.35_chiN29,0.35,29.0,bvk2_fixed,false,0.16,256,2,12.0,4.220930014745705,108,0.419921875,0.001239342732490538
bvk2-fixed-stiffness-figure6-root-v1,f0.35_chiN29,0.35,29.0,bvk2_fixed,false,0.16,256,2,12.0,4.220930014745705,109,0.423828125,0.0011804070535944315
bvk2-fixed-stiffness-figure6-root-v1,f0.35_chiN29,0.35,29.0,bvk2_fixed,false,0.16,256,2,12.0,4.220930014745705,110,0.427734375,0.0011267898231073859
bvk2-fixed-stiffness-figure6-root-v1,f0.35_chiN29,0.35,29.0,bvk2_fixed,false,0.16,256,2,12.0,4.220930014745705,111,0.431640625,0.0010780423661984043
bvk2-fixed-stiffness-figure6-root-v1,f0.35_chiN29,0.35,29.0,bvk2_fixed,false,0.16,256,2,12.0,4.220930014745705,112,0.435546875,0.0010337643145891325
bvk2-fixed-stiffness-figure6-root-v1,f0.35_chiN29,0.35,29.0,bvk2_fixed,false,0.16,256,2,12.0,4.220930014745705,113,0.439453125,0.0009935985309790377
bvk2-fixed-stiffness-figure6-root-v1,f0.35_chiN29,0.35,29.0,bvk2_fixed,false,0.16,256,2,12.0,4.220930014745705,114,0.443359375,0.0009572266513790992
bvk2-fixed-stiffness-figure6-root-v1,f0.35_chiN29,0.35,29.0,bvk2_fixed,false,0.16,256,2,12.0,4.220930014745705,115,0.447265625,0.0009243651712504624
bvk2-fixed-stiffness-figure6-root-v1,f0.35_chiN29,0.35,29.0,bvk2_fixed,false,0.16,256,2,12.0,4.220930014745705,116,0.451171875,0.0008947620113305252
bvk2-fixed-stiffness-figure6-root-v1,f0.35_chiN29,0.35,29.0,bvk2_fixed,false,0.16,256,2,12.0,4.220930014745705,117,0.455078125,0.0008681935073923745
bvk2-fixed-stiffness-figure6-root-v1,f0.35_chiN29,0.35,29.0,bvk2_fixed,false,0.16,256,2,12.0,4.220930014745705,118,0.458984375,0.000844461775781227
bvk2-fixed-stiffness-figure6-root-v1,f0.35_chiN29,0.35,29.0,bvk2_fixed,false,0.16,256,2,12.0,4.220930014745705,119,0.462890625,0.0008233924129393332
bvk2-fixed-stiffness-figure6-root-v1,f0.35_chiN29,0.35,29.0,bvk2_fixed,false,0.16,256,2,12.0,4.220930014745705,120,0.466796875,0.0008048324929214891
bvk2-fixed-stiffness-figure6-root-v1,f0.35_chiN29,0.35,29.0,bvk2_fixed,false,0.16,256,2,12.0,4.220930014745705,121,0.470703125,0.0007886488318402082
bvk2-fixed-stiffness-figure6-root-v1,f0.35_chiN29,0.35,29.0,bvk2_fixed,false,0.16,256,2,12.0,4.220930014745705,122,0.474609375,0.0007747264926008594
bvk2-fixed-stiffness-figure6-root-v1,f0.35_chiN29,0.35,29.0,bvk2_fixed,false,0.16,256,2,12.0,4.220930014745705,123,0.478515625,0.0007629675072156738
bvk2-fixed-stiffness-figure6-root-v1,f0.35_chiN29,0.35,29.0,bvk2_fixed,false,0.16,256,2,12.0,4.220930014745705,124,0.482421875,0.000753289797395045
bvk2-fixed-stiffness-figure6-root-v1,f0.35_chiN29,0.35,29.0,bvk2_fixed,false,0.16,256,2,12.0,4.220930014745705,125,0.486328125,0.0007456262773318293
bvk2-fixed-stiffness-figure6-root-v1,f0.35_chiN29,0.35,29.0,bvk2_fixed,false,0.16,256,2,12.0,4.220930014745705,126,0.490234375,0.0007399241252918052
bvk2-fixed-stiffness-figure6-root-v1,f0.35_chiN29,0.35,29.0,bvk2_fixed,false,0.16,256,2,12.0,4.220930014745705,127,0.494140625,0.0007361442133239994
bvk2-fixed-stiffness-figure6-root-v1,f0.35_chiN29,0.35,29.0,bvk2_fixed,false,0.16,256,2,12.0,4.220930014745705,128,0.498046875,0.0007342606866532488
bvk2-fixed-stiffness-figure6-root-v1,f0.35_chiN29,0.35,29.0,bvk2_fixed,false,0.16,256,2,12.0,4.220930014745705,129,0.501953125,0.0007342606866532488
bvk2-fixed-stiffness-figure6-root-v1,f0.35_chiN29,0.35,29.0,bvk2_fixed,false,0.16,256,2,12.0,4.220930014745705,130,0.505859375,0.0007361442133239994
bvk2-fixed-stiffness-figure6-root-v1,f0.35_chiN29,0.35,29.0,bvk2_fixed,false,0.16,256,2,12.0,4.220930014745705,131,0.509765625,0.0007399241252918052
bvk2-fixed-stiffness-figure6-root-v1,f0.35_chiN29,0.35,29.0,bvk2_fixed,false,0.16,256,2,12.0,4.220930014745705,132,0.513671875,0.0007456262773318353
bvk2-fixed-stiffness-figure6-root-v1,f0.35_chiN29,0.35,29.0,bvk2_fixed,false,0.16,256,2,12.0,4.220930014745705,133,0.517578125,0.000753289797395045
bvk2-fixed-stiffness-figure6-root-v1,f0.35_chiN29,0.35,29.0,bvk2_fixed,false,0.16,256,2,12.0,4.220930014745705,134,0.521484375,0.0007629675072156738
bvk2-fixed-stiffness-figure6-root-v1,f0.35_chiN29,0.35,29.0,bvk2_fixed,false,0.16,256,2,12.0,4.220930014745705,135,0.525390625,0.0007747264926008594
bvk2-fixed-stiffness-figure6-root-v1,f0.35_chiN29,0.35,29.0,bvk2_fixed,false,0.16,256,2,12.0,4.220930014745705,136,0.529296875,0.0007886488318401958
bvk2-fixed-stiffness-figure6-root-v1,f0.35_chiN29,0.35,29.0,bvk2_fixed,false,0.16,256,2,12.0,4.220930014745705,137,0.533203125,0.0008048324929214828
bvk2-fixed-stiffness-figure6-root-v1,f0.35_chiN29,0.35,29.0,bvk2_fixed,false,0.16,256,2,12.0,4.220930014745705,138,0.537109375,0.0008233924129393332
bvk2-fixed-stiffness-figure6-root-v1,f0.35_chiN29,0.35,29.0,bvk2_fixed,false,0.16,256,2,12.0,4.220930014745705,139,0.541015625,0.0008444617757812205
bvk2-fixed-stiffness-figure6-root-v1,f0.35_chiN29,0.35,29.0,bvk2_fixed,false,0.16,256,2,12.0,4.220930014745705,140,0.544921875,0.000868193507392368
bvk2-fixed-stiffness-figure6-root-v1,f0.35_chiN29,0.35,29.0,bvk2_fixed,false,0.16,256,2,12.0,4.220930014745705,141,0.548828125,0.0008947620113305252
bvk2-fixed-stiffness-figure6-root-v1,f0.35_chiN29,0.35,29.0,bvk2_fixed,false,0.16,256,2,12.0,4.220930014745705,142,0.552734375,0.0009243651712504557
bvk2-fixed-stiffness-figure6-root-v1,f0.35_chiN29,0.35,29.0,bvk2_fixed,false,0.16,256,2,12.0,4.220930014745705,143,0.556640625,0.0009572266513791061
bvk2-fixed-stiffness-figure6-root-v1,f0.35_chiN29,0.35,29.0,bvk2_fixed,false,0.16,256,2,12.0,4.220930014745705,144,0.560546875,0.0009935985309790308
bvk2-fixed-stiffness-figure6-root-v1,f0.35_chiN29,0.35,29.0,bvk2_fixed,false,0.16,256,2,12.0,4.220930014745705,145,0.564453125,0.0010337643145891253
bvk2-fixed-stiffness-figure6-root-v1,f0.35_chiN29,0.35,29.0,bvk2_fixed,false,0.16,256,2,12.0,4.220930014745705,146,0.568359375,0.0010780423661984043
bvk2-fixed-stiffness-figure6-root-v1,f0.35_chiN29,0.35,29.0,bvk2_fixed,false,0.16,256,2,12.0,4.220930014745705,147,0.572265625,0.0011267898231073785
bvk2-fixed-stiffness-figure6-root-v1,f0.35_chiN29,0.35,29.0,bvk2_fixed,false,0.16,256,2,12.0,4.220930014745705,148,0.576171875,0.0011804070535944315
bvk2-fixed-stiffness-figure6-root-v1,f0.35_chiN29,0.35,29.0,bvk2_fixed,false,0.16,256,2,12.0,4.220930014745705,149,0.580078125,0.0012393427324905303
bvk2-fixed-stiffness-figure6-root-v1,f0.35_chiN29,0.35,29.0,bvk2_fixed,false,0.16,256,2,12.0,4.220930014745705,150,0.583984375,0.001304099619894309
bvk2-fixed-stiffness-figure6-root-v1,f0.35_chiN29,0.35,29.0,bvk2_fixed,false,0.16,256,2,12.0,4.220930014745705,151,0.587890625,0.0013752411414213895
bvk2-fixed-stiffness-figure6-root-v1,f0.35_chiN29,0.35,29.0,bvk2_fixed,false,0.16,256,2,12.0,4.220930014745705,152,0.591796875,0.0014533988832633993
bvk2-fixed-stiffness-figure6-root-v1,f0.35_chiN29,0.35,29.0,bvk2_fixed,false,0.16,256,2,12.0,4.220930014745705,153,0.595703125,0.001539281132748898
bvk2-fixed-stiffness-figure6-root-v1,f0.35_chiN29,0.35,29.0,bvk2_fixed,false,0.16,256,2,12.0,4.220930014745705,154,0.599609375,0.0016336826150273602
bvk2-fixed-stiffness-figure6-root-v1,f0.35_chiN29,0.35,29.0,bvk2_fixed,false,0.16,256,2,12.0,4.220930014745705,155,0.603515625,0.0017374955996534776
bvk2-fixed-stiffness-figure6-root-v1,f0.35_chiN29,0.35,29.0,bvk2_fixed,false,0.16,256,2,12.0,4.220930014745705,156,0.607421875,0.0018517225775272832
bvk2-fixed-stiffness-figure6-root-v1,f0.35_chiN29,0.35,29.0,bvk2_fixed,false,0.16,256,2,12.0,4.220930014745705,157,0.611328125,0.0019774907395056565
bvk2-fixed-stiffness-figure6-root-v1,f0.35_chiN29,0.35,29.0,bvk2_fixed,false,0.16,256,2,12.0,4.220930014745705,158,0.615234375,0.0021160685236655398
bvk2-fixed-stiffness-figure6-root-v1,f0.35_chiN29,0.35,29.0,bvk2_fixed,false,0.16,256,2,12.0,4.220930014745705,159,0.619140625,0.002268884539354446
bvk2-fixed-stiffness-figure6-root-v1,f0.35_chiN29,0.35,29.0,bvk2_fixed,false,0.16,256,2,12.0,4.220930014745705,160,0.623046875,0.002437549223765312
bvk2-fixed-stiffness-figure6-root-v1,f0.35_chiN29,0.35,29.0,bvk2_fixed,false,0.16,256,2,12.0,4.220930014745705,161,0.626953125,0.002623879641568929
bvk2-fixed-stiffness-figure6-root-v1,f0.35_chiN29,0.35,29.0,bvk2_fixed,false,0.16,256,2,12.0,4.220930014745705,162,0.630859375,0.0028299279014534742
bvk2-fixed-stiffness-figure6-root-v1,f0.35_chiN29,0.35,29.0,bvk2_fixed,false,0.16,256,2,12.0,4.220930014745705,163,0.634765625,0.003058013736073576
bvk2-fixed-stiffness-figure6-root-v1,f0.35_chiN29,0.35,29.0,bvk2_fixed,false,0.16,256,2,12.0,4.220930014745705,164,0.638671875,0.0033107618756824855
bvk2-fixed-stiffness-figure6-root-v1,f0.35_chiN29,0.35,29.0,bvk2_fixed,false,0.16,256,2,12.0,4.220930014745705,165,0.642578125,0.003591144941394275
bvk2-fixed-stiffness-figure6-root-v1,f0.35_chiN29,0.35,29.0,bvk2_fixed,false,0.16,256,2,12.0,4.220930014745705,166,0.646484375,0.003902532693863241
bvk2-fixed-stiffness-figure6-root-v1,f0.35_chiN29,0.35,29.0,bvk2_fixed,false,0.16,256,2,12.0,4.220930014745705,167,0.650390625,0.004248748597810232
bvk2-fixed-stiffness-figure6-root-v1,f0.35_chiN29,0.35,29.0,bvk2_fixed,false,0.16,256,2,12.0,4.220930014745705,168,0.654296875,0.004634134804825225
bvk2-fixed-stiffness-figure6-root-v1,f0.35_chiN29,0.35,29.0,bvk2_fixed,false,0.16,256,2,12.0,4.220930014745705,169,0.658203125,0.005063626816574592
bvk2-fixed-stiffness-figure6-root-v1,f0.35_chiN29,0.35,29.0,bvk2_fixed,false,0.16,256,2,12.0,4.220930014745705,170,0.662109375,0.00554283927018285
bvk2-fixed-stiffness-figure6-root-v1,f0.35_chiN29,0.35,29.0,bvk2_fixed,false,0.16,256,2,12.0,4.220930014745705,171,0.666015625,0.006078164486849867
bvk2-fixed-stiffness-figure6-root-v1,f0.35_chiN29,0.35,29.0,bvk2_fixed,false,0.16,256,2,12.0,4.220930014745705,172,0.669921875,0.0066768856444043125
bvk2-fixed-stiffness-figure6-root-v1,f0.35_chiN29,0.35,29.0,bvk2_fixed,false,0.16,256,2,12.0,4.220930014745705,173,0.673828125,0.007347306672670871
bvk2-fixed-stiffness-figure6-root-v1,f0.35_chiN29,0.35,29.0,bvk2_fixed,false,0.16,256,2,12.0,4.220930014745705,174,0.677734375,0.008098901224231804
bvk2-fixed-stiffness-figure6-root-v1,f0.35_chiN29,0.35,29.0,bvk2_fixed,false,0.16,256,2,12.0,4.220930014745705,175,0.681640625,0.0089424833368999
bvk2-fixed-stiffness-figure6-root-v1,f0.35_chiN29,0.35,29.0,bvk2_fixed,false,0.16,256,2,12.0,4.220930014745705,176,0.685546875,0.009890402667660437
bvk2-fixed-stiffness-figure6-root-v1,f0.35_chiN29,0.35,29.0,bvk2_fixed,false,0.16,256,2,12.0,4.220930014745705,177,0.689453125,0.010956767427315866
bvk2-fixed-stiffness-figure6-root-v1,f0.35_chiN29,0.35,29.0,bvk2_fixed,false,0.16,256,2,12.0,4.220930014745705,178,0.693359375,0.012157698356858567
bvk2-fixed-stiffness-figure6-root-v1,f0.35_chiN29,0.35,29.0,bvk2_fixed,false,0.16,256,2,12.0,4.220930014745705,179,0.697265625,0.013511617230553002
bvk2-fixed-stiffness-figure6-root-v1,f0.35_chiN29,0.35,29.0,bvk2_fixed,false,0.16,256,2,12.0,4.220930014745705,180,0.701171875,0.015039573399621274
bvk2-fixed-stiffness-figure6-root-v1,f0.35_chiN29,0.35,29.0,bvk2_fixed,false,0.16,256,2,12.0,4.220930014745705,181,0.705078125,0.01676561174373333
bvk2-fixed-stiffness-figure6-root-v1,f0.35_chiN29,0.35,29.0,bvk2_fixed,false,0.16,256,2,12.0,4.220930014745705,182,0.708984375,0.018717184988374755
bvk2-fixed-stiffness-figure6-root-v1,f0.35_chiN29,0.35,29.0,bvk2_fixed,false,0.16,256,2,12.0,4.220930014745705,183,0.712890625,0.020925612562514673
bvk2-fixed-stiffness-figure6-root-v1,f0.35_chiN29,0.35,29.0,bvk2_fixed,false,0.16,256,2,12.0,4.220930014745705,184,0.716796875,0.023426586862946918
bvk2-fixed-stiffness-figure6-root-v1,f0.35_chiN29,0.35,29.0,bvk2_fixed,false,0.16,256,2,12.0,4.220930014745705,185,0.720703125,0.02626072576821866
bvk2-fixed-stiffness-figure6-root-v1,f0.35_chiN29,0.35,29.0,bvk2_fixed,false,0.16,256,2,12.0,4.220930014745705,186,0.724609375,0.029474167265896186
bvk2-fixed-stiffness-figure6-root-v1,f0.35_chiN29,0.35,29.0,bvk2_fixed,false,0.16,256,2,12.0,4.220930014745705,187,0.728515625,0.03311919782725758
bvk2-fixed-stiffness-figure6-root-v1,f0.35_chiN29,0.35,29.0,bvk2_fixed,false,0.16,256,2,12.0,4.220930014745705,188,0.732421875,0.03725490033830064
bvk2-fixed-stiffness-figure6-root-v1,f0.35_chiN29,0.35,29.0,bvk2_fixed,false,0.16,256,2,12.0,4.220930014745705,189,0.736328125,0.0419477995843112
bvk2-fixed-stiffness-figure6-root-v1,f0.35_chiN29,0.35,29.0,bvk2_fixed,false,0.16,256,2,12.0,4.220930014745705,190,0.740234375,0.04727247308495211
bvk2-fixed-stiffness-figure6-root-v1,f0.35_chiN29,0.35,29.0,bvk2_fixed,false,0.16,256,2,12.0,4.220930014745705,191,0.744140625,0.0533120821155988
bvk2-fixed-stiffness-figure6-root-v1,f0.35_chiN29,0.35,29.0,bvk2_fixed,false,0.16,256,2,12.0,4.220930014745705,192,0.748046875,0.06015876178637491
bvk2-fixed-stiffness-figure6-root-v1,f0.35_chiN29,0.35,29.0,bvk2_fixed,false,0.16,256,2,12.0,4.220930014745705,193,0.751953125,0.06791379009666083
bvk2-fixed-stiffness-figure6-root-v1,f0.35_chiN29,0.35,29.0,bvk2_fixed,false,0.16,256,2,12.0,4.220930014745705,194,0.755859375,0.076687434426226
bvk2-fixed-stiffness-figure6-root-v1,f0.35_chiN29,0.35,29.0,bvk2_fixed,false,0.16,256,2,12.0,4.220930014745705,195,0.759765625,0.08659835118379146
bvk2-fixed-stiffness-figure6-root-v1,f0.35_chiN29,0.35,29.0,bvk2_fixed,false,0.16,256,2,12.0,4.220930014745705,196,0.763671875,0.09777239261629878
bvk2-fixed-stiffness-figure6-root-v1,f0.35_chiN29,0.35,29.0,bvk2_fixed,false,0.16,256,2,12.0,4.220930014745705,197,0.767578125,0.11034065783730909
bvk2-fixed-stiffness-figure6-root-v1,f0.35_chiN29,0.35,29.0,bvk2_fixed,false,0.16,256,2,12.0,4.220930014745705,198,0.771484375,0.12443661848325821
bvk2-fixed-stiffness-figure6-root-v1,f0.35_chiN29,0.35,29.0,bvk2_fixed,false,0.16,256,2,12.0,4.220930014745705,199,0.775390625,0.14019216044850616
bvk2-fixed-stiffness-figure6-root-v1,f0.35_chiN29,0.35,29.0,bvk2_fixed,false,0.16,256,2,12.0,4.220930014745705,200,0.779296875,0.15773242083915479
bvk2-fixed-stiffness-figure6-root-v1,f0.35_chiN29,0.35,29.0,bvk2_fixed,false,0.16,256,2,12.0,4.220930014745705,201,0.783203125,0.17716937307083272
bvk2-fixed-stiffness-figure6-root-v1,f0.35_chiN29,0.35,29.0,bvk2_fixed,false,0.16,256,2,12.0,4.220930014745705,202,0.787109375,0.1985942307731065
bvk2-fixed-stiffness-figure6-root-v1,f0.35_chiN29,0.35,29.0,bvk2_fixed,false,0.16,256,2,12.0,4.220930014745705,203,0.791015625,0.2220689058461441
bvk2-fixed-stiffness-figure6-root-v1,f0.35_chiN29,0.35,29.0,bvk2_fixed,false,0.16,256,2,12.0,4.220930014745705,204,0.794921875,0.2476169615506272
bvk2-fixed-stiffness-figure6-root-v1,f0.35_chiN29,0.35,29.0,bvk2_fixed,false,0.16,256,2,12.0,4.220930014745705,205,0.798828125,0.2752147284387584
bvk2-fixed-stiffness-figure6-root-v1,f0.35_chiN29,0.35,29.0,bvk2_fixed,false,0.16,256,2,12.0,4.220930014745705,206,0.802734375,0.3047834637551249
bvk2-fixed-stiffness-figure6-root-v1,f0.35_chiN29,0.35,29.0,bvk2_fixed,false,0.16,256,2,12.0,4.220930014745705,207,0.806640625,0.33618358342756743
bvk2-fixed-stiffness-figure6-root-v1,f0.35_chiN29,0.35,29.0,bvk2_fixed,false,0.16,256,2,12.0,4.220930014745705,208,0.810546875,0.36921202245848106
bvk2-fixed-stiffness-figure6-root-v1,f0.35_chiN29,0.35,29.0,bvk2_fixed,false,0.16,256,2,12.0,4.220930014745705,209,0.814453125,0.40360363412842526
bvk2-fixed-stiffness-figure6-root-v1,f0.35_chiN29,0.35,29.0,bvk2_fixed,false,0.16,256,2,12.0,4.220930014745705,210,0.818359375,0.43903719694195625
bvk2-fixed-stiffness-figure6-root-v1,f0.35_chiN29,0.35,29.0,bvk2_fixed,false,0.16,256,2,12.0,4.220930014745705,211,0.822265625,0.47514608083060716
bvk2-fixed-stiffness-figure6-root-v1,f0.35_chiN29,0.35,29.0,bvk2_fixed,false,0.16,256,2,12.0,4.220930014745705,212,0.826171875,0.5115330032290101
bvk2-fixed-stiffness-figure6-root-v1,f0.35_chiN29,0.35,29.0,bvk2_fixed,false,0.16,256,2,12.0,4.220930014745705,213,0.830078125,0.547787697181039
bvk2-fixed-stiffness-figure6-root-v1,f0.35_chiN29,0.35,29.0,bvk2_fixed,false,0.16,256,2,12.0,4.220930014745705,214,0.833984375,0.583505849710033
bvk2-fixed-stiffness-figure6-root-v1,f0.35_chiN29,0.35,29.0,bvk2_fixed,false,0.16,256,2,12.0,4.220930014745705,215,0.837890625,0.618307458995918
bvk2-fixed-stiffness-figure6-root-v1,f0.35_chiN29,0.35,29.0,bvk2_fixed,false,0.16,256,2,12.0,4.220930014745705,216,0.841796875,0.6518528551579725
bvk2-fixed-stiffness-figure6-root-v1,f0.35_chiN29,0.35,29.0,bvk2_fixed,false,0.16,256,2,12.0,4.220930014745705,217,0.845703125,0.6838550077712033
bvk2-fixed-stiffness-figure6-root-v1,f0.35_chiN29,0.35,29.0,bvk2_fixed,false,0.16,256,2,12.0,4.220930014745705,218,0.849609375,0.7140873123693794
bvk2-fixed-stiffness-figure6-root-v1,f0.35_chiN29,0.35,29.0,bvk2_fixed,false,0.16,256,2,12.0,4.220930014745705,219,0.853515625,0.7423866797429354
bvk2-fixed-stiffness-figure6-root-v1,f0.35_chiN29,0.35,29.0,bvk2_fixed,false,0.16,256,2,12.0,4.220930014745705,220,0.857421875,0.7686523197063662
bvk2-fixed-stiffness-figure6-root-v1,f0.35_chiN29,0.35,29.0,bvk2_fixed,false,0.16,256,2,12.0,4.220930014745705,221,0.861328125,0.792841024203115
bvk2-fixed-stiffness-figure6-root-v1,f0.35_chiN29,0.35,29.0,bvk2_fixed,false,0.16,256,2,12.0,4.220930014745705,222,0.865234375,0.8149599733698559
bvk2-fixed-stiffness-figure6-root-v1,f0.35_chiN29,0.35,29.0,bvk2_fixed,false,0.16,256,2,12.0,4.220930014745705,223,0.869140625,0.8350581215711245
bvk2-fixed-stiffness-figure6-root-v1,f0.35_chiN29,0.35,29.0,bvk2_fixed,false,0.16,256,2,12.0,4.220930014745705,224,0.873046875,0.8532171111413149
bvk2-fixed-stiffness-figure6-root-v1,f0.35_chiN29,0.35,29.0,bvk2_fixed,false,0.16,256,2,12.0,4.220930014745705,225,0.876953125,0.8695424664395298
bvk2-fixed-stiffness-figure6-root-v1,f0.35_chiN29,0.35,29.0,bvk2_fixed,false,0.16,256,2,12.0,4.220930014745705,226,0.880859375,0.8841555940734253
bvk2-fixed-stiffness-figure6-root-v1,f0.35_chiN29,0.35,29.0,bvk2_fixed,false,0.16,256,2,12.0,4.220930014745705,227,0.884765625,0.8971868983050142
bvk2-fixed-stiffness-figure6-root-v1,f0.35_chiN29,0.35,29.0,bvk2_fixed,false,0.16,256,2,12.0,4.220930014745705,228,0.888671875,0.9087701390903226
bvk2-fixed-stiffness-figure6-root-v1,f0.35_chiN29,0.35,29.0,bvk2_fixed,false,0.16,256,2,12.0,4.220930014745705,229,0.892578125,0.9190380246172627
bvk2-fixed-stiffness-figure6-root-v1,f0.35_chiN29,0.35,29.0,bvk2_fixed,false,0.16,256,2,12.0,4.220930014745705,230,0.896484375,0.9281189405042777
bvk2-fixed-stiffness-figure6-root-v1,f0.35_chiN29,0.35,29.0,bvk2_fixed,false,0.16,256,2,12.0,4.220930014745705,231,0.900390625,0.9361346675434756
bvk2-fixed-stiffness-figure6-root-v1,f0.35_chiN29,0.35,29.0,bvk2_fixed,false,0.16,256,2,12.0,4.220930014745705,232,0.904296875,0.9431989198538528
bvk2-fixed-stiffness-figure6-root-v1,f0.35_chiN29,0.35,29.0,bvk2_fixed,false,0.16,256,2,12.0,4.220930014745705,233,0.908203125,0.94941653623603
bvk2-fixed-stiffness-figure6-root-v1,f0.35_chiN29,0.35,29.0,bvk2_fixed,false,0.16,256,2,12.0,4.220930014745705,234,0.912109375,0.9548831713269135
bvk2-fixed-stiffness-figure6-root-v1,f0.35_chiN29,0.35,29.0,bvk2_fixed,false,0.16,256,2,12.0,4.220930014745705,235,0.916015625,0.9596853536047709
bvk2-fixed-stiffness-figure6-root-v1,f0.35_chiN29,0.35,29.0,bvk2_fixed,false,0.16,256,2,12.0,4.220930014745705,236,0.919921875,0.9639007999983357
bvk2-fixed-stiffness-figure6-root-v1,f0.35_chiN29,0.35,29.0,bvk2_fixed,false,0.16,256,2,12.0,4.220930014745705,237,0.923828125,0.9675988989984592
bvk2-fixed-stiffness-figure6-root-v1,f0.35_chiN29,0.35,29.0,bvk2_fixed,false,0.16,256,2,12.0,4.220930014745705,238,0.927734375,0.9708412941676323
bvk2-fixed-stiffness-figure6-root-v1,f0.35_chiN29,0.35,29.0,bvk2_fixed,false,0.16,256,2,12.0,4.220930014745705,239,0.931640625,0.9736825170638329
bvk2-fixed-stiffness-figure6-root-v1,f0.35_chiN29,0.35,29.0,bvk2_fixed,false,0.16,256,2,12.0,4.220930014745705,240,0.935546875,0.9761706326752536
bvk2-fixed-stiffness-figure6-root-v1,f0.35_chiN29,0.35,29.0,bvk2_fixed,false,0.16,256,2,12.0,4.220930014745705,241,0.939453125,0.9783478716656141
bvk2-fixed-stiffness-figure6-root-v1,f0.35_chiN29,0.35,29.0,bvk2_fixed,false,0.16,256,2,12.0,4.220930014745705,242,0.943359375,0.9802512323924432
bvk2-fixed-stiffness-figure6-root-v1,f0.35_chiN29,0.35,29.0,bvk2_fixed,false,0.16,256,2,12.0,4.220930014745705,243,0.947265625,0.9819130421800788
bvk2-fixed-stiffness-figure6-root-v1,f0.35_chiN29,0.35,29.0,bvk2_fixed,false,0.16,256,2,12.0,4.220930014745705,244,0.951171875,0.9833614721058238
bvk2-fixed-stiffness-figure6-root-v1,f0.35_chiN29,0.35,29.0,bvk2_fixed,false,0.16,256,2,12.0,4.220930014745705,245,0.955078125,0.9846210029539605
bvk2-fixed-stiffness-figure6-root-v1,f0.35_chiN29,0.35,29.0,bvk2_fixed,false,0.16,256,2,12.0,4.220930014745705,246,0.958984375,0.985712842323879
bvk2-fixed-stiffness-figure6-root-v1,f0.35_chiN29,0.35,29.0,bvk2_fixed,false,0.16,256,2,12.0,4.220930014745705,247,0.962890625,0.9866552944036494
bvk2-fixed-stiffness-figure6-root-v1,f0.35_chiN29,0.35,29.0,bvk2_fixed,false,0.16,256,2,12.0,4.220930014745705,248,0.966796875,0.9874640848491669
bvk2-fixed-stiffness-figure6-root-v1,f0.35_chiN29,0.35,29.0,bvk2_fixed,false,0.16,256,2,12.0,4.220930014745705,249,0.970703125,0.9881526437036476
bvk2-fixed-stiffness-figure6-root-v1,f0.35_chiN29,0.35,29.0,bvk2_fixed,false,0.16,256,2,12.0,4.220930014745705,250,0.974609375,0.9887323494790612
bvk2-fixed-stiffness-figure6-root-v1,f0.35_chiN29,0.35,29.0,bvk2_fixed,false,0.16,256,2,12.0,4.220930014745705,251,0.978515625,0.989212737493304
bvk2-fixed-stiffness-figure6-root-v1,f0.35_chiN29,0.35,29.0,bvk2_fixed,false,0.16,256,2,12.0,4.220930014745705,252,0.982421875,0.9896016753844796
bvk2-fixed-stiffness-figure6-root-v1,f0.35_chiN29,0.35,29.0,bvk2_fixed,false,0.16,256,2,12.0,4.220930014745705,253,0.986328125,0.9899055084561856
bvk2-fixed-stiffness-figure6-root-v1,f0.35_chiN29,0.35,29.0,bvk2_fixed,false,0.16,256,2,12.0,4.220930014745705,254,0.990234375,0.9901291771806747
bvk2-fixed-stiffness-figure6-root-v1,f0.35_chiN29,0.35,29.0,bvk2_fixed,false,0.16,256,2,12.0,4.220930014745705,255,0.994140625,0.9902763088242252
bvk2-fixed-stiffness-figure6-root-v1,f0.35_chiN29,0.35,29.0,bvk2_fixed,false,0.16,256,2,12.0,4.220930014745705,256,0.998046875,0.9903492847768794
