schema,claim_kind,case_id,f,chiN,model,model_label,status,period_rg,scft_period_rg,signed_period_error,abs_period_error,profile_rms,grid_count,oversample_factor,sensor_filter_ratio,projected_force_norm,projected_force_maxabs,stress_norm
bvk-strong-segregation-extension-v1,stress_free_lamellar_observable,f0.2_chiN36,0.2,36.0,bvk2_fixed,PRM,accepted,4.127836983427021,4.421992325929138,-0.06652099796222732,0.06652099796222732,0.006665713337211126,256,2,12.0,2.2491186638476645e-09,5.648792079828789e-09,-1.002167044905633e-07
bvk-strong-segregation-extension-v1,stress_free_lamellar_observable,f0.2_chiN37,0.2,37.0,bvk2_fixed,PRM,accepted,4.169914640783195,4.462812711696165,-0.06563082294386702,0.06563082294386702,0.006813959644769779,256,2,12.0,9.558398580942058e-09,3.119059616697926e-08,-2.4039417501064975e-07
bvk-strong-segregation-extension-v1,stress_free_lamellar_observable,f0.2_chiN38,0.2,38.0,bvk2_fixed,PRM,accepted,4.2098606500935265,4.501676642299071,-0.06482384573417732,0.06482384573417732,0.007188025282842327,256,2,12.0,6.015884853349859e-10,1.4022273087528456e-09,-9.866255812340796e-09
bvk-strong-segregation-extension-v1,stress_free_lamellar_observable,f0.2_chiN39,0.2,39.0,bvk2_fixed,PRM,accepted,4.247889124145152,4.538826215080945,-0.06409963218444248,0.06409963218444248,0.007400623402804008,256,2,12.0,3.5473586937920468e-09,8.584046008448005e-09,-2.2182637726686494e-08
bvk-strong-segregation-extension-v1,stress_free_lamellar_observable,f0.2_chiN40,0.2,40.0,bvk2_fixed,PRM,accepted,4.2841781830684695,4.574447022046091,-0.06345441046288214,0.06345441046288214,0.007612789091153897,256,2,12.0,9.96168354326448e-10,2.277718403392096e-09,-2.068668725208056e-08
bvk-strong-segregation-extension-v1,stress_free_lamellar_observable,f0.2_chiN41,0.2,41.0,bvk2_fixed,PRM,accepted,4.318878242378889,4.608706271522261,-0.0628870689664589,0.0628870689664589,0.007905633493592443,256,2,12.0,2.4620253681432684e-06,6.360478173741805e-06,3.7764742266688245e-07
bvk-strong-segregation-extension-v1,stress_free_lamellar_observable,f0.2_chiN42,0.2,42.0,bvk2_fixed,PRM,accepted,4.352118561213725,4.641728527925912,-0.06239269810154002,0.06239269810154002,0.008091859342685918,256,2,12.0,3.01473501384566e-09,8.81746893693469e-09,-5.411334136340429e-08
bvk-strong-segregation-extension-v1,stress_free_lamellar_observable,f0.2_chiN43,0.2,43.0,bvk2_fixed,PRM,accepted,4.384011960051417,4.673623436502598,-0.06196722529872989,0.06196722529872989,0.0082891385411247,256,2,12.0,2.228567305626709e-09,5.253641096071848e-09,-1.7414709763130531e-07
bvk-strong-segregation-extension-v1,stress_free_lamellar_observable,f0.2_chiN44,0.2,44.0,bvk2_fixed,PRM,accepted,4.414658279023511,4.704481015171917,-0.06160567663334804,0.06160567663334804,0.008458834982688483,256,2,12.0,7.787516927771658e-11,2.2814377151312633e-10,-3.4104545854063417e-09
bvk-strong-segregation-extension-v1,stress_free_lamellar_observable,f0.2_chiN45,0.2,45.0,bvk2_fixed,PRM,accepted,4.444146004958121,4.734383459767103,-0.06130417134045574,0.06130417134045574,0.008662410803922356,256,2,12.0,1.5206155735459626e-09,3.778874066095817e-09,-1.2111516234369901e-08
bvk-strong-segregation-extension-v1,stress_free_lamellar_observable,f0.2_chiN46,0.2,46.0,bvk2_fixed,PRM,accepted,4.472555113904859,4.76342119718422,-0.061062432071155026,0.061062432071155026,0.0089034568289105,256,2,12.0,1.5940551140244664e-09,3.8877012374513935e-09,-1.4213522359085573e-08
bvk-strong-segregation-extension-v1,stress_free_lamellar_observable,f0.2_chiN47,0.2,47.0,bvk2_fixed,PRM,accepted,4.499957864431369,4.791635370173899,-0.06087222486880173,0.06087222486880173,0.009150100899138145,256,2,12.0,1.1662609751454611e-09,2.5804705418362266e-09,-2.0214989238098724e-08
bvk-strong-segregation-extension-v1,stress_free_lamellar_observable,f0.2_chiN48,0.2,48.0,bvk2_fixed,PRM,accepted,4.526420022972056,4.819093778478185,-0.060732114575813845,0.060732114575813845,0.009219586142003262,256,2,12.0,5.779227256900921e-10,1.318976528542954e-09,-1.1964883306347929e-08
bvk-strong-segregation-extension-v1,stress_free_lamellar_observable,f0.2_chiN49,0.2,49.0,bvk2_fixed,PRM,accepted,4.55200166980887,4.845834964346088,-0.060636257053559905,0.060636257053559905,0.009319903258925302,256,2,12.0,4.168509250665518e-06,9.654903546368992e-06,3.46706898746163e-07
bvk-strong-segregation-extension-v1,stress_free_lamellar_observable,f0.2_chiN50,0.2,50.0,bvk2_fixed,PRM,accepted,4.576757859398204,4.871769926333648,-0.06055541854322777,0.06055541854322777,0.009183969855303259,256,2,12.0,2.1886054572982097e-09,5.0814399214026454e-09,-5.031635019747682e-08
bvk-strong-segregation-extension-v1,stress_free_lamellar_observable,f0.25_chiN36,0.25,36.0,bvk2_fixed,PRM,accepted,4.3141751370715316,4.55065442398967,-0.05196599541188873,0.05196599541188873,0.0115614873978253,256,2,12.0,6.974242052747114e-10,1.4968000439279956e-09,-1.3917515140349224e-08
bvk-strong-segregation-extension-v1,stress_free_lamellar_observable,f0.25_chiN37,0.25,37.0,bvk2_fixed,PRM,accepted,4.345678803629082,4.584425312267988,-0.05207773982052166,0.05207773982052166,0.011818574165816147,256,2,12.0,1.6298859714290708e-09,5.1933424680665474e-09,-2.0098504194265843e-08
bvk-strong-segregation-extension-v1,stress_free_lamellar_observable,f0.25_chiN38,0.25,38.0,bvk2_fixed,PRM,accepted,4.375922335213816,4.61700974496047,-0.05221721916654043,0.05221721916654043,0.011971910464168472,256,2,12.0,6.615511709394586e-10,1.9318240494621466e-09,-2.343389349235281e-08
bvk-strong-segregation-extension-v1,stress_free_lamellar_observable,f0.25_chiN39,0.25,39.0,bvk2_fixed,PRM,accepted,4.40500155714136,4.64850458317498,-0.052383088297894065,0.052383088297894065,0.01209474811076293,256,2,12.0,4.4145834183499487e-10,1.181929878121051e-09,-2.1592329702002644e-08
bvk-strong-segregation-extension-v1,stress_free_lamellar_observable,f0.25_chiN40,0.25,40.0,bvk2_fixed,PRM,accepted,4.433003242440024,4.6790204253022285,-0.05257877942396749,0.05257877942396749,0.011742197308971362,256,2,12.0,7.998739936328079e-12,3.297138465643216e-11,5.443154078577095e-07
bvk-strong-segregation-extension-v1,stress_free_lamellar_observable,f0.25_chiN41,0.25,41.0,bvk2_fixed,PRM,accepted,4.460004500706769,4.708572796174686,-0.05279058139864756,0.05279058139864756,0.012408791863170034,256,2,12.0,5.490346809683396e-06,1.2431773679063904e-05,2.911537566596678e-07
bvk-strong-segregation-extension-v1,stress_free_lamellar_observable,f0.25_chiN42,0.25,42.0,bvk2_fixed,PRM,accepted,4.486077284300812,4.737281796193267,-0.0530271414494099,0.0530271414494099,0.012450294484824686,256,2,12.0,5.668062167129471e-06,1.4703829096634998e-05,2.356372146294916e-07
bvk-strong-segregation-extension-v1,stress_free_lamellar_observable,f0.25_chiN43,0.25,43.0,bvk2_fixed,PRM,accepted,4.511285649320684,4.765196898233107,-0.05328452408893547,0.05328452408893547,0.012460216712431851,256,2,12.0,4.258206718661234e-10,1.1187551439705112e-09,-4.2175744674466387e-08
bvk-strong-segregation-extension-v1,stress_free_lamellar_observable,f0.25_chiN44,0.25,44.0,bvk2_fixed,PRM,accepted,4.535688325402563,4.792368949977366,-0.053560280365311796,0.053560280365311796,0.012481935826493751,256,2,12.0,6.5062023593276986e-12,2.1955913108033695e-11,-3.7334579872094764e-12
bvk-strong-segregation-extension-v1,stress_free_lamellar_observable,f0.25_chiN45,0.25,45.0,bvk2_fixed,PRM,accepted,4.55933870704064,4.818868156209878,-0.053856930871784336,0.053856930871784336,0.01251726926326568,256,2,12.0,4.0859442081916746e-11,9.389101684341183e-11,-1.0060472455108993e-09
bvk-strong-segregation-extension-v1,stress_free_lamellar_observable,f0.25_chiN46,0.25,46.0,bvk2_fixed,PRM,accepted,4.582285640148036,4.84468615227066,-0.054162540952139904,0.054162540952139904,0.012517569157636445,256,2,12.0,4.308550480633415e-11,1.2642478755353843e-10,-2.40838371468044e-09
bvk-strong-segregation-extension-v1,stress_free_lamellar_observable,f0.25_chiN47,0.25,47.0,bvk2_fixed,PRM,accepted,4.604573753315642,4.869937608076919,-0.05449019599782223,0.05449019599782223,0.012517609038674068,256,2,12.0,1.0674621467396286e-10,2.5734697420612774e-10,-4.095815242521894e-09
bvk-strong-segregation-extension-v1,stress_free_lamellar_observable,f0.25_chiN48,0.25,48.0,bvk2_fixed,PRM,accepted,4.626243894812484,4.89457074080832,-0.05482132350415736,0.05482132350415736,0.012509544737752634,256,2,12.0,1.6410741936028317e-09,3.544909714191333e-09,-6.006176889172821e-09
bvk-strong-segregation-extension-v1,stress_free_lamellar_observable,f0.25_chiN49,0.25,49.0,bvk2_fixed,PRM,accepted,4.647333499184337,4.9186917348773305,-0.055168782741323974,0.055168782741323974,0.012493162821734072,256,2,12.0,2.314664585945027e-09,6.0683994010796685e-09,-7.263752710429117e-09
bvk-strong-segregation-extension-v1,stress_free_lamellar_observable,f0.25_chiN50,0.25,50.0,bvk2_fixed,PRM,accepted,4.667876912963716,4.942595367316484,-0.055581821682061494,0.055581821682061494,0.01171300868512444,256,2,12.0,3.2220281244811556e-09,7.848793546588344e-09,-8.848939803129952e-09
bvk-strong-segregation-extension-v1,stress_free_lamellar_observable,f0.3_chiN36,0.3,36.0,bvk2_fixed,PRM,accepted,4.389313152738088,4.61063956674493,-0.04800340837813444,0.04800340837813444,0.014652211083113672,256,2,12.0,4.064185273968742e-06,7.4750833755143635e-06,2.155490141930727e-07
bvk-strong-segregation-extension-v1,stress_free_lamellar_observable,f0.3_chiN37,0.3,37.0,bvk2_fixed,PRM,accepted,4.416471845192508,4.641663702867821,-0.04851533245206463,0.04851533245206463,0.01470566999453364,256,2,12.0,6.632168271865712e-12,2.0606726387111984e-11,2.465987414268511e-10
bvk-strong-segregation-extension-v1,stress_free_lamellar_observable,f0.3_chiN38,0.3,38.0,bvk2_fixed,PRM,accepted,4.442713684931461,4.671754322206955,-0.04902668708128777,0.04902668708128777,0.01466720077292045,256,2,12.0,7.987304546458896e-10,1.916385948374781e-09,-2.2663940058009757e-08
bvk-strong-segregation-extension-v1,stress_free_lamellar_observable,f0.3_chiN39,0.3,39.0,bvk2_fixed,PRM,accepted,4.468104444913478,4.7009839059810385,-0.049538451040274656,0.049538451040274656,0.014693843780471208,256,2,12.0,8.515541138879324e-12,3.22188754879549e-11,-1.638245095136881e-12
bvk-strong-segregation-extension-v1,stress_free_lamellar_observable,f0.3_chiN40,0.3,40.0,bvk2_fixed,PRM,accepted,4.49270351613583,4.729413397671084,-0.050050579560631636,0.050050579560631636,0.014612604714421072,256,2,12.0,5.35107505173877e-11,1.6131956492108606e-10,-8.83022543973766e-11
bvk-strong-segregation-extension-v1,stress_free_lamellar_observable,f0.3_chiN41,0.3,41.0,bvk2_fixed,PRM,accepted,4.5165647325425935,4.757100416339315,-0.0505635077558062,0.0505635077558062,0.014644312097534397,256,2,12.0,1.3773025384593053e-10,3.0288165536523945e-10,-3.1749713969020377e-10
bvk-strong-segregation-extension-v1,stress_free_lamellar_observable,f0.3_chiN42,0.3,42.0,bvk2_fixed,PRM,accepted,4.539736904693607,4.78410154895182,-0.05107848187540098,0.05107848187540098,0.01450827282844148,256,2,12.0,1.6000167807949298e-10,4.1260279689093275e-10,-1.3256666875349765e-09
bvk-strong-segregation-extension-v1,stress_free_lamellar_observable,f0.3_chiN43,0.3,43.0,bvk2_fixed,PRM,accepted,4.562264369741451,4.810444969413289,-0.05159202552983522,0.05159202552983522,0.01452300757566416,256,2,12.0,2.9076549230950997e-10,7.294996413751979e-10,-2.022984446625742e-09
bvk-strong-segregation-extension-v1,stress_free_lamellar_observable,f0.3_chiN44,0.3,44.0,bvk2_fixed,PRM,accepted,4.5841874625598,4.836192187003894,-0.0521080872512254,0.0521080872512254,0.014435307504463157,256,2,12.0,8.357762066238998e-10,2.2607764764187432e-09,-4.0561256575699645e-09
bvk-strong-segregation-extension-v1,stress_free_lamellar_observable,f0.3_chiN45,0.3,45.0,bvk2_fixed,PRM,accepted,4.605542940619582,4.861370137248187,-0.05262450490417048,0.05262450490417048,0.014344080673933095,256,2,12.0,1.7173399934574453e-09,5.749039239481172e-09,-4.100504380488701e-09
bvk-strong-segregation-extension-v1,stress_free_lamellar_observable,f0.3_chiN46,0.3,46.0,bvk2_fixed,PRM,accepted,4.626364350495954,4.886019697349899,-0.053142509227864565,0.053142509227864565,0.014241368109193893,256,2,12.0,2.576555382427577e-09,7.162848799104932e-09,-4.962625865800874e-09
bvk-strong-segregation-extension-v1,stress_free_lamellar_observable,f0.3_chiN47,0.3,47.0,bvk2_fixed,PRM,accepted,4.646682365646301,4.910147943448713,-0.0536573603966326,0.0536573603966326,0.014140213905946719,256,2,12.0,3.0110732584316193e-09,6.701645156100959e-09,-4.6303774148270804e-09
bvk-strong-segregation-extension-v1,stress_free_lamellar_observable,f0.3_chiN48,0.3,48.0,bvk2_fixed,PRM,accepted,4.666525074133542,4.934031301109509,-0.05421656464072555,0.05421656464072555,0.013748826832716747,256,2,12.0,2.7007287207762417e-09,7.1898315156587915e-09,-7.43194394914326e-09
bvk-strong-segregation-extension-v1,stress_free_lamellar_observable,f0.3_chiN49,0.3,49.0,bvk2_fixed,PRM,accepted,4.685918248320374,4.957310202351636,-0.05474580830195375,0.05474580830195375,0.013641376919522549,256,2,12.0,1.2042551537502153e-09,2.93121986863331e-09,-1.0257930949109095e-08
bvk-strong-segregation-extension-v1,stress_free_lamellar_observable,f0.3_chiN50,0.3,50.0,bvk2_fixed,PRM,accepted,4.704885573237781,4.980186896815921,-0.05527931567270172,0.05527931567270172,0.013532741497951396,256,2,12.0,7.630684047306632e-10,1.7178470127904056e-09,-9.647559640058034e-09
bvk-strong-segregation-extension-v1,stress_free_lamellar_observable,f0.35_chiN36,0.35,36.0,bvk2_fixed,PRM,accepted,4.4237822226143155,4.643039792555906,-0.04722284962819445,0.04722284962819445,0.016056393776542565,256,2,12.0,8.94182388576746e-12,2.9052532478174184e-11,5.844214001626824e-13
bvk-strong-segregation-extension-v1,stress_free_lamellar_observable,f0.35_chiN37,0.35,37.0,bvk2_fixed,PRM,accepted,4.449000044974986,4.67289994818811,-0.0479145510701422,0.0479145510701422,0.016211124104315428,256,2,12.0,1.5598853558115154e-11,4.607540988012698e-11,-6.874367741716014e-11
bvk-strong-segregation-extension-v1,stress_free_lamellar_observable,f0.35_chiN38,0.35,38.0,bvk2_fixed,PRM,accepted,4.473471644875118,4.70193100503491,-0.04858841184933471,0.04858841184933471,0.016060013448271876,256,2,12.0,4.267621994359776e-11,1.103932860573078e-10,-2.567537293884925e-10
bvk-strong-segregation-extension-v1,stress_free_lamellar_observable,f0.35_chiN39,0.35,39.0,bvk2_fixed,PRM,accepted,4.497246288893543,4.730206179200245,-0.04924941566629315,0.04924941566629315,0.0159458308322287,256,2,12.0,8.009184778048842e-11,1.8204576970436225e-10,-9.161555958314693e-10
bvk-strong-segregation-extension-v1,stress_free_lamellar_observable,f0.35_chiN40,0.35,40.0,bvk2_fixed,PRM,accepted,4.520368571680475,4.757817267745058,-0.0499070650893495,0.0499070650893495,0.015825372757135164,256,2,12.0,8.613585789122163e-11,2.1456535249219503e-10,-1.4296057671003837e-09
bvk-strong-segregation-extension-v1,stress_free_lamellar_observable,f0.35_chiN41,0.35,41.0,bvk2_fixed,PRM,accepted,4.5428789366046844,4.784685191008962,-0.050537547351843015,0.050537547351843015,0.01580599249201719,256,2,12.0,1.429414920188422e-10,3.3190960531566354e-10,-2.151420819274108e-09
bvk-strong-segregation-extension-v1,stress_free_lamellar_observable,f0.35_chiN42,0.35,42.0,bvk2_fixed,PRM,accepted,4.564814136631212,4.810967505611719,-0.05116504501295904,0.05116504501295904,0.015628721043380946,256,2,12.0,9.500122323795924e-10,2.395394732397894e-09,-3.059994480025807e-09
bvk-strong-segregation-extension-v1,stress_free_lamellar_observable,f0.35_chiN43,0.35,43.0,bvk2_fixed,PRM,accepted,4.586207639772902,4.836671111341854,-0.051784267692219554,0.051784267692219554,0.015459640536305715,256,2,12.0,6.245849202950142e-10,1.3099908945275472e-09,-3.896019062921141e-09
bvk-strong-segregation-extension-v1,stress_free_lamellar_observable,f0.35_chiN44,0.35,44.0,bvk2_fixed,PRM,accepted,4.607089985433382,4.861824662998064,-0.052394871313108715,0.052394871313108715,0.015415101419334776,256,2,12.0,1.173483723710197e-09,2.9508740389360397e-09,-5.9299636312459825e-09
bvk-strong-segregation-extension-v1,stress_free_lamellar_observable,f0.35_chiN45,0.35,45.0,bvk2_fixed,PRM,accepted,4.62748910286924,4.886481031367305,-0.05300172595279584,0.05300172595279584,0.01532465118502926,256,2,12.0,1.3867251792714996e-09,3.0110173783500813e-09,-6.1278906393624766e-09
bvk-strong-segregation-extension-v1,stress_free_lamellar_observable,f0.35_chiN46,0.35,46.0,bvk2_fixed,PRM,accepted,4.647430583643075,4.910586611057311,-0.053589529776682854,0.053589529776682854,0.015082505869439844,256,2,12.0,1.7280695506458224e-09,4.030029152571203e-09,-6.126438467646267e-09
bvk-strong-segregation-extension-v1,stress_free_lamellar_observable,f0.35_chiN47,0.35,47.0,bvk2_fixed,PRM,accepted,4.666937928827913,4.934407671879057,-0.05420503550516109,0.05420503550516109,0.01467789188308902,256,2,12.0,7.466887157356913e-10,2.002112225438576e-09,-8.381897398379579e-09
bvk-strong-segregation-extension-v1,stress_free_lamellar_observable,f0.35_chiN48,0.35,48.0,bvk2_fixed,PRM,accepted,4.686032768686115,4.957671565277458,-0.05479160791808946,0.05479160791808946,0.01454045054061237,256,2,12.0,1.925383359288286e-09,4.614095802596243e-09,-1.0200910782742767e-08
bvk-strong-segregation-extension-v1,stress_free_lamellar_observable,f0.35_chiN49,0.35,49.0,bvk2_fixed,PRM,accepted,4.704735048879924,4.980522139086187,-0.05537312805859007,0.05537312805859007,0.014447625740551856,256,2,12.0,8.148919465223372e-10,2.2568868885933492e-09,-1.1760278972872129e-08
bvk-strong-segregation-extension-v1,stress_free_lamellar_observable,f0.35_chiN50,0.35,50.0,bvk2_fixed,PRM,accepted,4.72306320131384,5.003099619354565,-0.05597258486666934,0.05597258486666934,0.013780565680541666,256,2,12.0,7.680002556801411e-10,2.1855592362770797e-09,-1.2566452767259761e-08
bvk-strong-segregation-extension-v1,stress_free_lamellar_observable,f0.4_chiN36,0.4,36.0,bvk2_fixed,PRM,accepted,4.440875946968,4.6619527768564035,-0.04742150778229837,0.04742150778229837,0.016878550994559573,256,2,12.0,1.292149534028321e-11,3.648895666377125e-11,-3.3051072989565e-10
bvk-strong-segregation-extension-v1,stress_free_lamellar_observable,f0.4_chiN37,0.4,37.0,bvk2_fixed,PRM,accepted,4.465206286055734,4.691324307617946,-0.04819918784873456,0.04819918784873456,0.01691664578153126,256,2,12.0,1.809527820200768e-11,4.3309903964896936e-11,-6.440830091491989e-10
bvk-strong-segregation-extension-v1,stress_free_lamellar_observable,f0.4_chiN38,0.4,38.0,bvk2_fixed,PRM,accepted,4.488874423891689,4.719928106290993,-0.048952796990984426,0.048952796990984426,0.016795271942818192,256,2,12.0,3.1275640534092515e-11,8.368907999585505e-11,-1.1050866888240307e-09
bvk-strong-segregation-extension-v1,stress_free_lamellar_observable,f0.4_chiN39,0.4,39.0,bvk2_fixed,PRM,accepted,4.511920603947672,4.747830364883139,-0.04968790854036198,0.04968790854036198,0.016625436120688113,256,2,12.0,5.130561857680626e-11,1.1361363672382902e-10,-1.709027142027253e-09
bvk-strong-segregation-extension-v1,stress_free_lamellar_observable,f0.4_chiN40,0.4,40.0,bvk2_fixed,PRM,accepted,4.534381382413568,4.775065553487122,-0.0504043700295983,0.0504043700295983,0.01647866808347454,256,2,12.0,7.722521360799374e-11,1.9352087183191207e-10,-2.4271331611203095e-09
bvk-strong-segregation-extension-v1,stress_free_lamellar_observable,f0.4_chiN41,0.4,41.0,bvk2_fixed,PRM,accepted,4.556290045929144,4.801612673207055,-0.051091715216183275,0.051091715216183275,0.016084024194876183,256,2,12.0,1.2187513232210284e-10,2.5583364847247933e-10,-3.255685943059916e-09
bvk-strong-segregation-extension-v1,stress_free_lamellar_observable,f0.4_chiN42,0.4,42.0,bvk2_fixed,PRM,accepted,4.57767697766461,4.8276945876417425,-0.0517881994062227,0.0517881994062227,0.016136074887372176,256,2,12.0,2.7611791984452e-10,7.027551163630358e-10,-4.277598275592709e-09
bvk-strong-segregation-extension-v1,stress_free_lamellar_observable,f0.4_chiN43,0.4,43.0,bvk2_fixed,PRM,accepted,4.598569978401584,4.853151189875319,-0.05245688863039,0.05245688863039,0.015975192340759396,256,2,12.0,3.5419868471219725e-10,8.922473964903412e-10,-5.21619902826842e-09
bvk-strong-segregation-extension-v1,stress_free_lamellar_observable,f0.4_chiN44,0.4,44.0,bvk2_fixed,PRM,accepted,4.618994547152652,4.8781149704043765,-0.0531189659989183,0.0531189659989183,0.015814595044436837,256,2,12.0,5.379244660220253e-10,1.3285906734464234e-09,-6.306965172342416e-09
bvk-strong-segregation-extension-v1,stress_free_lamellar_observable,f0.4_chiN45,0.4,45.0,bvk2_fixed,PRM,accepted,4.638974128195648,4.9023755444972466,-0.0537293428279394,0.0537293428279394,0.015423034221924061,256,2,12.0,3.7912747240242606e-10,1.0021437553931191e-09,-7.437213067618131e-09
bvk-strong-segregation-extension-v1,stress_free_lamellar_observable,f0.4_chiN46,0.4,46.0,bvk2_fixed,PRM,accepted,4.65853032710264,4.926307257253816,-0.054356522272719365,0.054356522272719365,0.015260003136185233,256,2,12.0,5.338902211016019e-10,1.1314457800101694e-09,-8.600285816839914e-09
bvk-strong-segregation-extension-v1,stress_free_lamellar_observable,f0.4_chiN47,0.4,47.0,bvk2_fixed,PRM,accepted,4.67768310073871,4.949789731974666,-0.05497337179359374,0.05497337179359374,0.015098706823409188,256,2,12.0,1.6028943016172963e-09,4.450753167674411e-09,-9.841683024092163e-09
bvk-strong-segregation-extension-v1,stress_free_lamellar_observable,f0.4_chiN48,0.4,48.0,bvk2_fixed,PRM,accepted,4.696450924329136,4.9728514461755084,-0.05558189799917401,0.05558189799917401,0.014939316548927974,256,2,12.0,5.882917373009485e-10,1.1354310045429026e-09,-1.1221496620805738e-08
bvk-strong-segregation-extension-v1,stress_free_lamellar_observable,f0.4_chiN49,0.4,49.0,bvk2_fixed,PRM,accepted,4.714850938729295,4.995481244100122,-0.056176830951425005,0.056176830951425005,0.014782447704154097,256,2,12.0,8.0537490857055e-10,2.1984537181583775e-09,-1.2520007697247593e-08
bvk-strong-segregation-extension-v1,stress_free_lamellar_observable,f0.4_chiN50,0.4,50.0,bvk2_fixed,PRM,accepted,4.732899079853605,5.018280991059233,-0.05686845987980249,0.05686845987980249,0.014629438015417091,256,2,12.0,5.245677443841281e-10,1.0198118301506361e-09,-1.375521518909295e-08
bvk-strong-segregation-extension-v1,stress_free_lamellar_observable,f0.45_chiN36,0.45,36.0,bvk2_fixed,PRM,accepted,4.449079507240897,4.672152390947934,-0.047745207142478985,0.047745207142478985,0.01728476967076344,256,2,12.0,9.181465631221965e-12,2.6948347929049333e-11,-4.312479262580382e-10
bvk-strong-segregation-extension-v1,stress_free_lamellar_observable,f0.45_chiN37,0.45,37.0,bvk2_fixed,PRM,accepted,4.473021797309423,4.70130164962074,-0.04855673371431779,0.04855673371431779,0.017314259093801833,256,2,12.0,1.1984476223675106e-11,3.0619284020849275e-11,-7.878258045934672e-10
bvk-strong-segregation-extension-v1,stress_free_lamellar_observable,f0.45_chiN38,0.45,38.0,bvk2_fixed,PRM,accepted,4.496340113414075,4.729714154002381,-0.04934210250123061,0.04934210250123061,0.017215442854945178,256,2,12.0,2.1413265751654093e-11,5.4465864748215364e-11,-1.277820071976521e-09
bvk-strong-segregation-extension-v1,stress_free_lamellar_observable,f0.45_chiN39,0.45,39.0,bvk2_fixed,PRM,accepted,4.519070252278528,4.757431447274903,-0.050102917433084704,0.050102917433084704,0.01697629822325292,256,2,12.0,3.672155980266912e-11,7.891818246139092e-11,-1.867410670541858e-09
bvk-strong-segregation-extension-v1,stress_free_lamellar_observable,f0.45_chiN40,0.45,40.0,bvk2_fixed,PRM,accepted,4.541244851138691,4.784493722577174,-0.05084108905622242,0.05084108905622242,0.016771177667224586,256,2,12.0,5.6127957974497073e-11,1.0395775801760824e-10,-2.5118143121005687e-09
bvk-strong-segregation-extension-v1,stress_free_lamellar_observable,f0.45_chiN41,0.45,41.0,bvk2_fixed,PRM,accepted,4.562893745274924,4.810945819190921,-0.051559939196678006,0.051559939196678006,0.016642451059113092,256,2,12.0,8.42175339104653e-11,1.461857598634874e-10,-3.3326590376248078e-09
bvk-strong-segregation-extension-v1,stress_free_lamellar_observable,f0.45_chiN42,0.45,42.0,bvk2_fixed,PRM,accepted,4.584044280392026,4.836845457317249,-0.052265713088430865,0.052265713088430865,0.01651901184690782,256,2,12.0,1.201036267014745e-10,1.922431107990713e-10,-4.2098386998645765e-09
bvk-strong-segregation-extension-v1,stress_free_lamellar_observable,f0.45_chiN43,0.45,43.0,bvk2_fixed,PRM,accepted,4.60472158483134,4.862176422121565,-0.05295053386357518,0.05295053386357518,0.016353811853147805,256,2,12.0,1.238209660178421e-10,2.710466794218077e-10,-5.254785051533872e-09
bvk-strong-segregation-extension-v1,stress_free_lamellar_observable,f0.45_chiN44,0.45,44.0,bvk2_fixed,PRM,accepted,4.62494880796699,4.886982905703628,-0.053618787458989625,0.053618787458989625,0.016090559648964185,256,2,12.0,1.7204821937998392e-10,3.5305339008827546e-10,-6.196246182810228e-09
bvk-strong-segregation-extension-v1,stress_free_lamellar_observable,f0.45_chiN45,0.45,45.0,bvk2_fixed,PRM,accepted,4.644747327765764,4.911272726139261,-0.0542680916404763,0.0542680916404763,0.015657117830966558,256,2,12.0,2.1065717719496646e-10,4.773285512067649e-10,-7.332049190011958e-09
bvk-strong-segregation-extension-v1,stress_free_lamellar_observable,f0.45_chiN46,0.45,46.0,bvk2_fixed,PRM,accepted,4.66413693367101,4.935170476504401,-0.05491878023742858,0.05491878023742858,0.01580744541457685,256,2,12.0,3.032240150342086e-10,8.150149876915297e-10,-8.38070679520797e-09
bvk-strong-segregation-extension-v1,stress_free_lamellar_observable,f0.45_chiN47,0.45,47.0,bvk2_fixed,PRM,accepted,4.683135985746806,4.958531564620598,-0.0555397450403976,0.0555397450403976,0.015314670554106423,256,2,12.0,3.4142710553378943e-10,6.924343903215783e-10,-9.561106573130473e-09
bvk-strong-segregation-extension-v1,stress_free_lamellar_observable,f0.45_chiN48,0.45,48.0,bvk2_fixed,PRM,accepted,4.701761555554143,4.981467546536887,-0.05614931511040255,0.05614931511040255,0.014695240762454436,256,2,12.0,4.1558056393005285e-10,8.62696429925915e-10,-1.065894705831738e-08
bvk-strong-segregation-extension-v1,stress_free_lamellar_observable,f0.45_chiN49,0.45,49.0,bvk2_fixed,PRM,accepted,4.720029549246577,5.004099552160322,-0.05676745635308322,0.05676745635308322,0.014970845575096972,256,2,12.0,4.996117918169748e-10,8.770887176559043e-10,-1.177286357290086e-08
bvk-strong-segregation-extension-v1,stress_free_lamellar_observable,f0.45_chiN50,0.45,50.0,bvk2_fixed,PRM,accepted,4.737954816756592,5.026308765234334,-0.05736892856089748,0.05736892856089748,0.014918528368948412,256,2,12.0,5.057077442696213e-10,1.194017609506054e-09,-1.2847023889150933e-08
bvk-strong-segregation-extension-v1,stress_free_lamellar_observable,f0.5_chiN36,0.5,36.0,bvk2_fixed,PRM,accepted,4.4515424969554935,4.6754639211482685,-0.04789287821897703,0.04789287821897703,0.01740460103621809,256,2,12.0,8.659619513123892e-12,2.3170089568800087e-11,-3.929443437300506e-10
bvk-strong-segregation-extension-v1,stress_free_lamellar_observable,f0.5_chiN37,0.5,37.0,bvk2_fixed,PRM,accepted,4.475375104888043,4.7045511527994694,-0.0487136903113603,0.0487136903113603,0.017434477799374713,256,2,12.0,1.14130217983536e-11,2.862473110804722e-11,-6.832934218437003e-10
bvk-strong-segregation-extension-v1,stress_free_lamellar_observable,f0.5_chiN38,0.5,38.0,bvk2_fixed,PRM,accepted,4.4985947025130875,4.732909256770043,-0.04950751040108947,0.04950751040108947,0.0173307669970034,256,2,12.0,1.8754883435994636e-11,4.127002841554988e-11,-1.121242654278376e-09
bvk-strong-segregation-extension-v1,stress_free_lamellar_observable,f0.5_chiN39,0.5,39.0,bvk2_fixed,PRM,accepted,4.521235755161269,4.760582421307615,-0.05027676132127612,0.05027676132127612,0.017073128371387577,256,2,12.0,3.0745597758922446e-11,6.938758122373872e-11,-1.6475936170934347e-09
bvk-strong-segregation-extension-v1,stress_free_lamellar_observable,f0.5_chiN40,0.5,40.0,bvk2_fixed,PRM,accepted,4.543329734235194,4.787650944236969,-0.05103154194978876,0.05103154194978876,0.016305480712229484,256,2,12.0,4.863654058313664e-11,8.808644688300619e-11,-2.307541713264527e-09
bvk-strong-segregation-extension-v1,stress_free_lamellar_observable,f0.5_chiN41,0.5,41.0,bvk2_fixed,PRM,accepted,4.564905455268796,4.814004762077151,-0.05174471549564341,0.05174471549564341,0.016689409965963634,256,2,12.0,7.280971968974297e-11,1.195128290593126e-10,-3.013331362211602e-09
bvk-strong-segregation-extension-v1,stress_free_lamellar_observable,f0.5_chiN42,0.5,42.0,bvk2_fixed,PRM,accepted,4.585989372252588,4.839839709740079,-0.05245015387113372,0.05245015387113372,0.016546343842845937,256,2,12.0,1.0414157668421084e-10,1.7114235534287806e-10,-3.867315356842482e-09
bvk-strong-segregation-extension-v1,stress_free_lamellar_observable,f0.5_chiN43,0.5,43.0,bvk2_fixed,PRM,accepted,4.606605834670337,4.865113438206891,-0.053134959096006296,0.053134959096006296,0.01633495611644194,256,2,12.0,1.4249212212825375e-10,2.208245497150383e-10,-4.749874271681165e-09
bvk-strong-segregation-extension-v1,stress_free_lamellar_observable,f0.5_chiN44,0.5,44.0,bvk2_fixed,PRM,accepted,4.6267773113466495,4.8898589678198565,-0.05380148143423902,0.05380148143423902,0.016154857299980212,256,2,12.0,1.3359946310518337e-10,2.2871563996443325e-10,-5.733773456029212e-09
bvk-strong-segregation-extension-v1,stress_free_lamellar_observable,f0.5_chiN45,0.5,45.0,bvk2_fixed,PRM,accepted,4.646524586440785,4.914138637860408,-0.0544579775095928,0.0544579775095928,0.01598812496290805,256,2,12.0,1.7417460192059243e-10,2.972044380392105e-10,-6.749874881251117e-09
bvk-strong-segregation-extension-v1,stress_free_lamellar_observable,f0.5_chiN46,0.5,46.0,bvk2_fixed,PRM,accepted,4.665866930628655,4.9379005928790205,-0.05509095558599675,0.05509095558599675,0.015811590845524026,256,2,12.0,2.2163137599967244e-10,3.7706007184206416e-10,-7.801986612321343e-09
bvk-strong-segregation-extension-v1,stress_free_lamellar_observable,f0.5_chiN47,0.5,47.0,bvk2_fixed,PRM,accepted,4.6848222513594555,4.961607613211858,-0.05578541945061788,0.05578541945061788,0.015357875310171552,256,2,12.0,2.760904658631507e-10,4.527419394313829e-10,-8.848833221719588e-09
bvk-strong-segregation-extension-v1,stress_free_lamellar_observable,f0.5_chiN48,0.5,48.0,bvk2_fixed,PRM,accepted,4.703407224688757,4.984262309947817,-0.05634837570617357,0.05634837570617357,0.015242245074250453,256,2,12.0,3.376128004112088e-10,5.621866350661976e-10,-9.942321632649964e-09
bvk-strong-segregation-extension-v1,stress_free_lamellar_observable,f0.5_chiN49,0.5,49.0,bvk2_fixed,PRM,accepted,4.721637411470061,5.006769649757526,-0.0569493422373194,0.0569493422373194,0.01506307014854783,256,2,12.0,3.835571411487391e-10,7.120083192039975e-10,-1.1118295617507101e-08
bvk-strong-segregation-extension-v1,stress_free_lamellar_observable,f0.5_chiN50,0.5,50.0,bvk2_fixed,PRM,accepted,4.7395273598283385,5.029062492138277,-0.05757238705276724,0.05757238705276724,0.014541254203821649,256,2,12.0,3.739064382287373e-10,6.551881220850566e-10,-1.2397887161341714e-08
