schema,f,chiN,canonical_grid_count,refined_grid_count,canonical_spacing_rg,refined_spacing_rg,canonical_contour_step,refined_contour_step,canonical_period_rg,refined_period_rg,relative_period_change,profile_rms,alignment_shift_fraction,two_start_period_spread,refined_residual_norm,refined_stress_norm,solver_gate_pass,start_gate_pass,period_gate_pass,profile_gate_pass,accepted
scft-low-fa-resolution-audit-v1,0.2,25,36,70,0.09415920567103754,0.04824687964629848,0.01,0.005,3.3897314041573514,3.3772815752408936,0.0036728069077062164,0.0015168376008969228,0.0,6.520810627863582e-05,2.7749786243551053e-07,6.00654798491482e-06,True,True,False,False,False
scft-low-fa-resolution-audit-v1,0.2,26,36,72,0.1023137823163361,0.051005626429515914,0.01,0.005,3.6832961633881,3.6724051029251457,0.0029568788334782825,0.0007022279221800598,0.0,4.369786170710377e-05,8.497203602626093e-07,8.826541761063931e-06,True,True,False,True,False
scft-low-fa-resolution-audit-v1,0.2,27,36,80,0.10661560323594076,0.047853647468523657,0.01,0.005,3.8381617164938673,3.8282917974818926,0.0025715224477280696,0.0009203372960593101,0.0,1.3409265853248087e-07,3.8053939741227685e-07,2.112741368006556e-07,True,True,False,True,False
scft-low-fa-resolution-audit-v1,0.25,19,36,70,0.09254630282362204,0.047553263551559886,0.01,0.005,3.3316669016503937,3.328728448609192,0.0008819768386048032,0.0003487669862769169,0.0,5.027836560200782e-06,9.45751215020619e-07,3.049070231735104e-07,True,True,True,True,True
scft-low-fa-resolution-audit-v1,0.25,20,36,72,0.09839451419613951,0.049151338645639274,0.01,0.005,3.5422025110610225,3.5388963824860276,0.0009333539131857194,0.0005272139810102896,0.0,2.9761043097265016e-05,8.461489552759486e-07,9.063825873662709e-06,True,True,True,True,True
scft-low-fa-resolution-audit-v1,0.25,21,36,80,0.10246829419835546,0.0460681949328086,0.01,0.005,3.6888585911407965,3.6854555946246883,0.0009225066323444997,0.0008451378390653142,0.0,1.8765230680450884e-07,8.108299953481139e-07,1.6342791982601186e-07,True,True,True,True,True
scft-low-fa-resolution-audit-v1,0.3,15,36,70,0.08922920031484514,0.04587982404229579,0.01,0.005,3.2122512113344253,3.2115876829607055,0.0002065617942266229,0.0001908913408625763,0.0,5.742077797910028e-06,6.474943826854411e-07,6.863014318859884e-07,True,True,True,True,True
scft-low-fa-resolution-audit-v1,0.3,16,36,70,0.09459620139195139,0.04863371822486639,0.01,0.005,3.40546325011025,3.4043602757406473,0.00032388379747361196,0.0004174175759251891,0.0,7.708627602465157e-06,4.5849612588845525e-07,3.085982073779241e-06,True,True,True,True,True
scft-low-fa-resolution-audit-v1,0.3,17,36,70,0.0987059127412064,0.050745457556299174,0.01,0.005,3.5534128586834304,3.5521820289409423,0.0003463796050268142,0.0006536927189833135,0.0,1.1514070386020592e-07,5.017197049700662e-07,3.75830681760095e-07,True,True,True,True,True
