transition,chiN,raw_fA,corrected_fA,richardson,shift,slope,boundary_energy,phaseA,gridA_coarse,gridA_fine,cellA_Rg,EA_campaign,EA_inf,corrA,methodA,phaseB,gridB_coarse,gridB_fine,cellB_Rg,EB_campaign,EB_inf,corrB,methodB
C/L,42.0,0.37891,0.37054,yes,-0.00837,1.9397,-4.40963,CYL,48x84,128x224,2.2529,-4.40962,-4.37114,0.03848,cyl_resolved_96_128,LAM,64,1024,1.9618,-4.40964,-4.3874,0.02224,lam_direct_1024
C/L,45.0,0.3793,0.36971,yes,-0.00959,1.9765,-4.98193,CYL,48x84,128x224,2.2885,-4.98192,-4.9368,0.04512,cyl_resolved_96_128,LAM,64,1024,1.9923,-4.98195,-4.95578,0.02616,lam_direct_1024
C/L,48.0,0.37982,0.36889,yes,-0.01093,2.0066,-5.56418,CYL,48x84,128x224,2.324,-5.56417,-5.51168,0.05249,cyl_resolved_96_128,LAM,64,1024,2.0243,-5.56419,-5.53364,0.03056,lam_direct_1024
C/L,51.0,0.38046,0.36786,yes,-0.0126,2.0273,-6.15588,CYL,48x84,128x224,2.3559,-6.15587,-6.09538,0.0605,cyl_resolved_96_128,LAM,64,1024,2.0486,-6.15588,-6.12092,0.03496,lam_direct_1024
C/L,54.0,0.3811,0.36665,yes,-0.01446,2.0327,-6.75501,CYL,48x84,128x224,2.3874,-6.75517,-6.68586,0.06931,cyl_resolved_96_128,LAM,64,1024,2.0743,-6.75485,-6.71493,0.03992,lam_direct_1024
C/L,57.0,0.38175,0.35924,yes,-0.0225,2.0685,-7.36183,CYL,48x84,128x224,2.4169,-7.36156,-7.2826,0.07896,cyl_resolved_96_128,LAM,64,1024,2.0953,-7.3621,-7.32969,0.03241,lam_direct_1024
C/L,60.0,0.38226,0.34997,yes,-0.03229,1.6005,-7.97307,CYL,48x84,128x224,2.443,-7.97301,-7.88363,0.08938,cyl_resolved_96_128,LAM,64,1024,2.1169,-7.97314,-7.93544,0.0377,lam_direct_1024
G/C,12.0,0.41971,0.42342,yes,0.00371,-0.0455,-0.01617,GYR,64x64x64,96x96x96,3.485,-0.01617,-0.0158,0.00037,cached_pair,CYL,48x84,128x224,1.6288,-0.01617,-0.01597,0.0002,cyl_resolved_96_128
G/C,13.0,0.39696,0.40062,yes,0.00366,-0.0891,-0.04353,GYR,64x64x64,96x96x96,3.5323,-0.04352,-0.0428,0.00072,cached_pair,CYL,48x84,128x224,1.6484,-0.04353,-0.04313,0.0004,cyl_resolved_96_128
G/C,14.0,0.38148,0.38548,yes,0.004,-0.1321,-0.08375,GYR,64x64x64,96x96x96,3.5759,-0.08374,-0.08257,0.00117,cached_pair,CYL,48x84,128x224,1.6678,-0.08376,-0.08312,0.00065,cyl_resolved_96_128
G/C,16.0,0.36233,0.36752,yes,0.00519,-0.209,-0.20212,GYR,64x64x64,96x96x96,3.6639,-0.20211,-0.19969,0.00243,cached_pair,CYL,48x84,128x224,1.7086,-0.20212,-0.20078,0.00134,cyl_resolved_96_128
G/C,18.0,0.35126,0.35813,yes,0.00687,-0.2725,-0.36544,GYR,64x64x64,96x96x96,3.7529,-0.36544,-0.36124,0.0042,cached_pair,CYL,48x84,128x224,1.7502,-0.36545,-0.36312,0.00233,cyl_resolved_96_128
G/C,20.0,0.34438,0.35322,yes,0.00884,-0.3238,-0.56578,GYR,64x64x64,96x96x96,3.8403,-0.56576,-0.55929,0.00647,cached_pair,CYL,48x84,128x224,1.7913,-0.56579,-0.56219,0.00361,cyl_resolved_96_128
G/C,22.0,0.33992,0.35215,yes,0.01224,-0.3672,-0.79588,GYR,64x64x64,96x96x96,3.9258,-0.79587,-0.7866,0.00927,cached_pair,CYL,48x84,128x224,1.8301,-0.79589,-0.79111,0.00478,cyl_resolved_96_128
G/C,25.0,0.33533,0.35115,yes,0.01582,-0.4201,-1.18065,GYR,64x64x64,96x96x96,4.0461,-1.18064,-1.16629,0.01435,cached_pair,CYL,48x84,128x224,1.8857,-1.18065,-1.17294,0.00771,cyl_resolved_96_128
G/C,27.0,0.33284,0.35143,yes,0.01859,-0.4504,-1.4549,GYR,64x64x64,96x96x96,4.1197,-1.4549,-1.43666,0.01824,cached_pair,CYL,48x84,128x224,1.9194,-1.45491,-1.44504,0.00987,cyl_resolved_96_128
G/C,30.0,0.329,0.35215,yes,0.02315,-0.4875,-1.88005,GYR,64x64x64,96x96x96,4.2189,-1.87996,-1.8553,0.02467,cached_pair,CYL,48x84,128x224,1.9641,-1.88013,-1.86675,0.01338,cyl_resolved_96_128
G/C,32.0,0.32645,0.35291,yes,0.02647,-0.5094,-2.17007,GYR,64x64x64,96x96x96,4.2788,-2.16994,-2.1406,0.02935,cached_pair,CYL,48x84,128x224,1.9892,-2.17019,-2.15433,0.01586,cyl_resolved_96_128
G/C,34.0,0.32389,0.35394,yes,0.03005,-0.5293,-2.46363,GYR,64x64x64,96x96x96,4.3346,-2.4635,-2.42918,0.03432,cached_pair,CYL,48x84,128x224,2.0121,-2.46376,-2.44534,0.01842,cyl_resolved_96_128
G/C,37.0,0.3201,0.35572,yes,0.03561,-0.5567,-2.90884,GYR,64x64x64,96x96x96,4.4112,-2.90883,-2.86645,0.04238,cached_pair,CYL,48x84,128x224,2.0448,-2.90886,-2.8863,0.02255,cyl_resolved_96_128
G/C,40.0,0.31536,0.35697,yes,0.04161,-0.5812,-3.34388,GYR,64x64x64,96x96x96,4.4767,-3.34388,-3.29288,0.051,cached_pair,CYL,48x84,128x224,2.0709,-3.34388,-3.31706,0.02681,cyl_resolved_96_128
G/C,42.0,0.37241,0.35819,yes,-0.01422,-0.5615,-4.34999,GYR,96x96x96,128x128x128,4.7591,-4.34989,-4.32025,0.02964,ok,CYL,48x84,128x224,2.2371,-4.35009,-4.31246,0.03762,cyl_resolved_96_128
G/C,45.0,0.37553,0.3597,yes,-0.01583,-0.5929,-4.94498,GYR,96x96x96,128x128x128,4.8475,-4.94487,-4.90976,0.03511,cached_pair,CYL,48x84,128x224,2.2797,-4.94508,-4.90058,0.0445,cyl_resolved_96_128
G/L,12.0,0.43842,0.43557,yes,-0.00285,0.1038,-0.02245,GYR,64x64x64,96x96x96,3.5197,-0.02246,-0.02201,0.00045,cached_pair,LAM,64,1024,1.4248,-0.02245,-0.02229,0.00015,lam_direct_1024
G/L,13.0,0.42701,0.42394,yes,-0.00307,0.2028,-0.06499,GYR,64x64x64,96x96x96,3.6017,-0.06499,-0.06406,0.00094,cached_pair,LAM,64,1024,1.4563,-0.06499,-0.06468,0.00031,lam_direct_1024
G/L,14.0,0.41936,0.41585,yes,-0.00351,0.3005,-0.12693,GYR,64x64x64,96x96x96,3.675,-0.12693,-0.12535,0.00158,cached_pair,LAM,64,1024,1.4861,-0.12693,-0.12641,0.00052,lam_direct_1024
G/L,16.0,0.41002,0.40526,yes,-0.00477,0.4724,-0.29907,GYR,64x64x64,96x96x96,3.8079,-0.29907,-0.29572,0.00335,cached_pair,LAM,64,1024,1.5418,-0.29907,-0.29797,0.0011,lam_direct_1024
G/L,18.0,0.40502,0.39778,yes,-0.00724,0.6107,-0.52159,GYR,64x64x64,96x96x96,3.9286,-0.5216,-0.51579,0.0058,cached_pair,LAM,64,1024,1.5913,-0.52159,-0.5202,0.00138,lam_direct_1024
G/L,20.0,0.40243,0.39333,yes,-0.0091,0.7221,-0.78186,GYR,64x64x64,96x96x96,4.0399,-0.78186,-0.77296,0.0089,cached_pair,LAM,64,1024,1.6377,-0.78186,-0.77953,0.00233,lam_direct_1024
G/L,22.0,0.40119,0.39,yes,-0.01119,0.8101,-1.07052,GYR,64x64x64,96x96x96,4.1429,-1.07051,-1.05795,0.01256,cached_pair,LAM,64,1024,1.6792,-1.07052,-1.06703,0.00349,lam_direct_1024
G/L,25.0,0.40086,0.38627,yes,-0.01459,0.9086,-1.54337,GYR,64x64x64,96x96x96,4.2851,-1.54337,-1.52435,0.01902,cached_pair,LAM,64,1024,1.7363,-1.54337,-1.53761,0.00576,lam_direct_1024
G/L,27.0,0.40131,0.38422,yes,-0.01709,0.9589,-1.87929,GYR,64x64x64,96x96x96,4.3723,-1.87929,-1.85539,0.02389,cached_pair,LAM,64,1024,1.7733,-1.87929,-1.87179,0.0075,lam_direct_1024
G/L,30.0,0.40269,0.38081,yes,-0.02188,1.0121,-2.40765,GYR,64x64x64,96x96x96,4.4946,-2.40764,-2.37561,0.03203,cached_pair,LAM,64,1024,1.8176,-2.40765,-2.39776,0.00989,lam_direct_1024
G/L,32.0,0.40408,0.3787,yes,-0.02538,1.0363,-2.77438,GYR,64x64x64,96x96x96,4.5715,-2.77434,-2.73632,0.03802,cached_pair,LAM,64,1024,1.8457,-2.77441,-2.7627,0.01172,lam_direct_1024
G/L,34.0,0.40548,0.37604,yes,-0.02944,1.0467,-3.14926,GYR,64x64x64,96x96x96,4.6446,-3.14936,-3.10489,0.04447,cached_pair,LAM,64,1024,1.8721,-3.14917,-3.13552,0.01365,lam_direct_1024
G/L,37.0,0.40898,0.3729,yes,-0.03608,1.0648,-3.73424,GYR,64x64x64,96x96x96,4.7524,-3.73412,-3.67891,0.05521,cached_pair,LAM,64,1024,1.9087,-3.73435,-3.71756,0.01679,lam_direct_1024
G/L,40.0,0.41299,0.36879,yes,-0.04421,1.0664,-4.33768,GYR,64x64x64,96x96x96,4.8551,-4.33755,-4.27025,0.0673,cached_pair,LAM,64,1024,1.943,-4.33782,-4.31767,0.02015,lam_direct_1024
G/L,42.0,0.38164,0.37566,yes,-0.00598,1.3551,-4.43872,GYR,96x96x96,128x128x128,4.7935,-4.43862,-4.40827,0.03034,cached_pair,LAM,64,1024,1.9611,-4.43883,-4.41659,0.02224,lam_direct_1024
G/L,45.0,0.38093,0.37416,yes,-0.00677,1.3901,-5.00052,GYR,96x96x96,128x128x128,4.8693,-5.00039,-4.96483,0.03556,cached_pair,LAM,64,1024,1.9922,-5.00066,-4.97451,0.02615,lam_direct_1024
G/L,48.0,0.38013,0.36767,yes,-0.01246,1.3935,-5.56804,GYR,96x96x96,128x128x128,4.9395,-5.56804,-5.52675,0.04128,cached_pair,LAM,64,1024,2.0207,-5.56804,-5.54412,0.02392,lam_direct_1024
G/L,51.0,0.37952,0.3605,yes,-0.01903,1.4194,-6.14379,GYR,96x96x96,128x128x128,5.0067,-6.14391,-6.09622,0.04769,cached_pair,LAM,64,1024,2.0466,-6.14367,-6.12299,0.02068,lam_direct_1024
G/L,54.0,0.3794,0.35914,yes,-0.02026,1.4404,-6.73136,GYR,96x96x96,128x128x128,5.0702,-6.73135,-6.6768,0.05455,cached_pair,LAM,64,1024,2.0718,-6.73137,-6.706,0.02537,lam_direct_1024
S/C,12.0,0.37595,0.37611,yes,0.00016,0.0473,-0.00187,BCC,48x48x48,64x64x64,1.9342,-0.00188,-0.00181,7e-05,cached_pair,CYL,48x84,128x224,1.5786,-0.00187,-0.00179,7e-05,cyl_resolved_96_128
S/C,13.0,0.34489,0.34497,yes,8e-05,0.1054,-0.00598,BCC,48x48x48,64x64x64,1.9287,-0.00598,-0.00585,0.00014,cached_pair,CYL,48x84,128x224,1.5737,-0.00597,-0.00583,0.00014,cyl_resolved_96_128
S/C,14.0,0.32224,0.32227,yes,3e-05,0.1709,-0.01274,BCC,48x48x48,64x64x64,1.9246,-0.01274,-0.01252,0.00022,cached_pair,CYL,48x84,128x224,1.5703,-0.01274,-0.01251,0.00023,cyl_resolved_96_128
S/C,15.0,0.30453,0.30451,yes,-2e-05,0.2405,-0.02235,BCC,48x48x48,64x64x64,1.9216,-0.02236,-0.02203,0.00033,cached_pair,CYL,48x84,128x224,1.5681,-0.02235,-0.02202,0.00033,cyl_resolved_96_128
S/C,16.0,0.29027,0.29021,yes,-6e-05,0.3072,-0.0352,BCC,48x48x48,64x64x64,1.9201,-0.0352,-0.03474,0.00047,cached_pair,CYL,48x84,128x224,1.5671,-0.0352,-0.03475,0.00045,cyl_resolved_96_128
S/C,18.0,0.26841,0.26628,yes,-0.00214,0.4302,-0.07083,BCC,48x48x48,64x64x64,1.9201,-0.07083,-0.07002,0.00081,cached_pair,CYL,48x84,128x224,1.5643,-0.07083,-0.07094,-0.00011,cyl_resolved_96_128
S/C,20.0,0.25213,0.25,yes,-0.00213,0.5297,-0.11899,BCC,48x48x48,64x64x64,1.92,-0.11912,-0.11835,0.00077,cached_pair,CYL,48x84,128x224,1.5665,-0.11885,-0.1192,-0.00036,cyl_resolved_96_128
S/C,22.0,0.24102,0.23905,yes,-0.00197,0.6064,-0.18823,BCC,48x48x48,64x64x64,1.9312,-0.18821,-0.18701,0.00119,cached_pair,CYL,48x84,128x224,1.5765,-0.18825,-0.18825,-0.0,cyl_resolved_96_128
S/C,25.0,0.22845,0.22629,yes,-0.00216,0.6795,-0.31837,BCC,48x48x48,64x64x64,1.9514,-0.31843,-0.31621,0.00222,cached_pair,CYL,48x84,128x224,1.5941,-0.31831,-0.31756,0.00075,cyl_resolved_96_128
S/C,30.0,0.2173,0.21487,yes,-0.00243,0.7799,-0.63324,BCC,48x48x48,64x64x64,2.0064,-0.63324,-0.62821,0.00503,cached_pair,CYL,48x84,128x224,1.6397,-0.63324,-0.63011,0.00313,cyl_resolved_96_128
S/C,35.0,0.21244,0.20959,yes,-0.00286,0.8182,-1.05569,BCC,48x48x48,64x64x64,2.0743,-1.05568,-1.04639,0.00929,cached_pair,CYL,48x84,128x224,1.6932,-1.05569,-1.04873,0.00695,cyl_resolved_96_128
S/C,40.0,0.21092,0.20887,yes,-0.00205,0.8708,-1.56727,BCC,48x48x48,64x64x64,2.1478,-1.56716,-1.5535,0.01366,cached_pair,CYL,48x84,128x224,1.7513,-1.56739,-1.55552,0.01187,cyl_resolved_96_128
S/C,45.0,0.21174,0.21004,yes,-0.0017,0.9284,-2.16267,BCC,48x48x48,64x64x64,2.2249,-2.16267,-2.14308,0.01959,ok,CYL,48x84,128x224,1.8113,-2.16267,-2.14466,0.01801,cyl_resolved_96_128
S/C,47.5,0.21347,0.2106,yes,-0.00287,0.9543,-2.5063,BCC,48x48x48,64x64x64,2.2672,-2.5063,-2.48189,0.02441,ok,CYL,48x84,128x224,1.8436,-2.50629,-2.48462,0.02167,cyl_resolved_96_128
S/C,50.0,0.20537,0.1918,yes,-0.01357,0.8448,-2.60719,BCC,48x48x48,64x64x64,2.2521,-2.60739,-2.58374,0.02365,ok,CYL,48x84,128x224,1.8387,-2.60699,-2.5948,0.01219,cyl_resolved_96_128
S/C,52.0,0.206,0.19173,yes,-0.01427,0.934,-2.86758,BCC,48x48x48,64x64x64,2.279,-2.86758,-2.8398,0.02778,cached_pair,CYL,48x84,128x224,1.8601,-2.86759,-2.85313,0.01446,cyl_resolved_96_128
S/DIS,11.0,0.42235,0.42235,no (DIS=0 analytic),0.0,nan,0.0,BCC,48x48x48,,nan,0.0,0.0,0.0,ODT: E_BCC=0,DIS,,,nan,0.0,0.0,0.0,analytic 0
S/DIS,11.5,0.38832,0.38832,no (DIS=0 analytic),0.0,nan,0.0,BCC,48x48x48,,nan,0.0,0.0,0.0,ODT: E_BCC=0,DIS,,,nan,0.0,0.0,0.0,analytic 0
S/DIS,12.0,0.36425,0.36425,no (DIS=0 analytic),0.0,nan,0.0,BCC,48x48x48,,nan,0.0,0.0,0.0,ODT: E_BCC=0,DIS,,,nan,0.0,0.0,0.0,analytic 0
S/DIS,12.5,0.34487,0.34487,no (DIS=0 analytic),0.0,nan,0.0,BCC,48x48x48,,nan,0.0,0.0,0.0,ODT: E_BCC=0,DIS,,,nan,0.0,0.0,0.0,analytic 0
S/DIS,13.0,0.3283,0.3283,no (DIS=0 analytic),0.0,nan,0.0,BCC,48x48x48,,nan,0.0,0.0,0.0,ODT: E_BCC=0,DIS,,,nan,0.0,0.0,0.0,analytic 0
S/DIS,13.5,0.31459,0.31459,no (DIS=0 analytic),0.0,nan,0.0,BCC,48x48x48,,nan,0.0,0.0,0.0,ODT: E_BCC=0,DIS,,,nan,0.0,0.0,0.0,analytic 0
S/DIS,14.0,0.30209,0.30209,no (DIS=0 analytic),0.0,nan,0.0,BCC,48x48x48,,nan,0.0,0.0,0.0,ODT: E_BCC=0,DIS,,,nan,0.0,0.0,0.0,analytic 0
S/DIS,14.5,0.29086,0.29086,no (DIS=0 analytic),0.0,nan,0.0,BCC,48x48x48,,nan,0.0,0.0,0.0,ODT: E_BCC=0,DIS,,,nan,0.0,0.0,0.0,analytic 0
S/DIS,15.0,0.28125,0.28125,no (DIS=0 analytic),0.0,nan,0.0,BCC,48x48x48,,nan,0.0,0.0,0.0,ODT: E_BCC=0,DIS,,,nan,0.0,0.0,0.0,analytic 0
S/DIS,15.5,0.2718,0.2718,no (DIS=0 analytic),0.0,nan,0.0,BCC,48x48x48,,nan,0.0,0.0,0.0,ODT: E_BCC=0,DIS,,,nan,0.0,0.0,0.0,analytic 0
S/DIS,16.0,0.26374,0.26374,no (DIS=0 analytic),0.0,nan,0.0,BCC,48x48x48,,nan,0.0,0.0,0.0,ODT: E_BCC=0,DIS,,,nan,0.0,0.0,0.0,analytic 0
S/DIS,17.0,0.24872,0.24872,no (DIS=0 analytic),0.0,nan,0.0,BCC,48x48x48,,nan,0.0,0.0,0.0,ODT: E_BCC=0,DIS,,,nan,0.0,0.0,0.0,analytic 0
S/DIS,18.0,0.23613,0.23613,no (DIS=0 analytic),0.0,nan,0.0,BCC,48x48x48,,nan,0.0,0.0,0.0,ODT: E_BCC=0,DIS,,,nan,0.0,0.0,0.0,analytic 0
S/DIS,19.0,0.22526,0.22526,no (DIS=0 analytic),0.0,nan,0.0,BCC,48x48x48,,nan,0.0,0.0,0.0,ODT: E_BCC=0,DIS,,,nan,0.0,0.0,0.0,analytic 0
S/DIS,20.0,0.21525,0.21525,no (DIS=0 analytic),0.0,nan,0.0,BCC,48x48x48,,nan,0.0,0.0,0.0,ODT: E_BCC=0,DIS,,,nan,0.0,0.0,0.0,analytic 0
S/DIS,21.0,0.20618,0.20618,no (DIS=0 analytic),0.0,nan,0.0,BCC,48x48x48,,nan,0.0,0.0,0.0,ODT: E_BCC=0,DIS,,,nan,0.0,0.0,0.0,analytic 0
S/DIS,25.0,0.17785,0.17785,no (DIS=0 analytic),0.0,nan,0.0,BCC,48x48x48,,nan,0.0,0.0,0.0,ODT: E_BCC=0,DIS,,,nan,0.0,0.0,0.0,analytic 0
S/DIS,30.0,0.15327,0.15327,no (DIS=0 analytic),0.0,nan,0.0,BCC,48x48x48,,nan,0.0,0.0,0.0,ODT: E_BCC=0,DIS,,,nan,0.0,0.0,0.0,analytic 0
S/DIS,35.0,0.13575,0.13575,no (DIS=0 analytic),0.0,nan,0.0,BCC,48x48x48,,nan,0.0,0.0,0.0,ODT: E_BCC=0,DIS,,,nan,0.0,0.0,0.0,analytic 0
S/DIS,40.0,0.12252,0.12252,no (DIS=0 analytic),0.0,nan,0.0,BCC,48x48x48,,nan,0.0,0.0,0.0,ODT: E_BCC=0,DIS,,,nan,0.0,0.0,0.0,analytic 0
S/DIS,45.0,0.11189,0.11189,no (DIS=0 analytic),0.0,nan,0.0,BCC,48x48x48,,nan,0.0,0.0,0.0,ODT: E_BCC=0,DIS,,,nan,0.0,0.0,0.0,analytic 0
S/DIS,50.0,0.10324,0.10324,no (DIS=0 analytic),0.0,nan,0.0,BCC,48x48x48,,nan,0.0,0.0,0.0,ODT: E_BCC=0,DIS,,,nan,0.0,0.0,0.0,analytic 0
S/DIS,55.0,0.09531,0.09531,no (DIS=0 analytic),0.0,nan,0.0,BCC,48x48x48,,nan,0.0,0.0,0.0,ODT: E_BCC=0,DIS,,,nan,0.0,0.0,0.0,analytic 0
S/DIS,60.0,0.08969,0.08969,no (DIS=0 analytic),0.0,nan,0.0,BCC,48x48x48,,nan,0.0,0.0,0.0,ODT: E_BCC=0,DIS,,,nan,0.0,0.0,0.0,analytic 0
S/DIS,nan,0.43,0.43,no (DIS=0 analytic),0.0,nan,0.0,BCC,48x48x48,,nan,0.0,0.0,0.0,ODT: E_BCC=0,DIS,,,nan,0.0,0.0,0.0,analytic 0
S/DIS,nan,0.44,0.44,no (DIS=0 analytic),0.0,nan,0.0,BCC,48x48x48,,nan,0.0,0.0,0.0,ODT: E_BCC=0,DIS,,,nan,0.0,0.0,0.0,analytic 0
S/DIS,nan,0.45,0.45,no (DIS=0 analytic),0.0,nan,0.0,BCC,48x48x48,,nan,0.0,0.0,0.0,ODT: E_BCC=0,DIS,,,nan,0.0,0.0,0.0,analytic 0
S/DIS,nan,0.46,0.46,no (DIS=0 analytic),0.0,nan,0.0,BCC,48x48x48,,nan,0.0,0.0,0.0,ODT: E_BCC=0,DIS,,,nan,0.0,0.0,0.0,analytic 0
S/DIS,nan,0.47,0.47,no (DIS=0 analytic),0.0,nan,0.0,BCC,48x48x48,,nan,0.0,0.0,0.0,ODT: E_BCC=0,DIS,,,nan,0.0,0.0,0.0,analytic 0
S/DIS,nan,0.48,0.48,no (DIS=0 analytic),0.0,nan,0.0,BCC,48x48x48,,nan,0.0,0.0,0.0,ODT: E_BCC=0,DIS,,,nan,0.0,0.0,0.0,analytic 0
S/DIS,nan,0.49,0.49,no (DIS=0 analytic),0.0,nan,0.0,BCC,48x48x48,,nan,0.0,0.0,0.0,ODT: E_BCC=0,DIS,,,nan,0.0,0.0,0.0,analytic 0
