schema,fA,chiN_spinodal,D_star_Rg,k_star_Rg_inv,polyorder_version
polyorder-rpa-ab-diblock-stability-v1,0.05,255.8498854427598,2.3565225414095536,2.6662954403233927,0.31.1
polyorder-rpa-ab-diblock-stability-v1,0.0525,233.9330232019808,2.378066147856401,2.642140679241945,0.31.1
polyorder-rpa-ab-diblock-stability-v1,0.055,214.84941150051128,2.398662437260876,2.6194537462114074,0.31.1
polyorder-rpa-ab-diblock-stability-v1,0.0575,198.12564602499097,2.418390835630083,2.5980851459613548,0.31.1
polyorder-rpa-ab-diblock-stability-v1,0.06,183.38371331687225,2.4373208866004092,2.577906479906884,0.31.1
polyorder-rpa-ab-diblock-stability-v1,0.0625,170.31875989755517,2.455514012766791,2.558806536843951,0.31.1
polyorder-rpa-ab-diblock-stability-v1,0.065,158.68268891763427,2.4730245592559523,2.540688600791728,0.31.1
polyorder-rpa-ab-diblock-stability-v1,0.0675,148.27189984018295,2.4899010306614433,2.523467892822413,0.31.1
polyorder-rpa-ab-diblock-stability-v1,0.07,138.91801569470965,2.5061867342297854,2.507069892822878,0.31.1
polyorder-rpa-ab-diblock-stability-v1,0.0725,130.48079300287088,2.521920587946409,2.491428690185666,0.31.1
polyorder-rpa-ab-diblock-stability-v1,0.075,122.84264566180143,2.537137508203167,2.476485916456857,0.31.1
polyorder-rpa-ab-diblock-stability-v1,0.0775,115.90437564358298,2.5518696116889883,2.4621890077765287,0.31.1
polyorder-rpa-ab-diblock-stability-v1,0.08,109.5818154726692,2.566145431181243,2.4484915121460293,0.31.1
polyorder-rpa-ab-diblock-stability-v1,0.0825,103.8031662491695,2.579991169358053,2.4353514778668615,0.31.1
polyorder-rpa-ab-diblock-stability-v1,0.085,98.50687106435787,2.593430881702148,2.422730966732277,0.31.1
polyorder-rpa-ab-diblock-stability-v1,0.0875,93.63990401657593,2.606486486740933,2.410595772946392,0.31.1
polyorder-rpa-ab-diblock-stability-v1,0.09,89.1563843961455,2.619178011961727,2.398914956709479,0.31.1
polyorder-rpa-ab-diblock-stability-v1,0.0925,85.01644717945959,2.6315240902935306,2.3876601891486904,0.31.1
polyorder-rpa-ab-diblock-stability-v1,0.095,81.1853169703264,2.643541805753325,2.376805728400077,0.31.1
polyorder-rpa-ab-diblock-stability-v1,0.0975,77.63254449590652,2.655246908048187,2.3663280759822882,0.31.1
polyorder-rpa-ab-diblock-stability-v1,0.1,74.33137379432222,2.6666539599545973,2.356205717552706,0.31.1
polyorder-rpa-ab-diblock-stability-v1,0.1025,71.25821509671951,2.6777766730530814,2.346418717590731,0.31.1
polyorder-rpa-ab-diblock-stability-v1,0.105,68.392203665681,2.688627482081086,2.3369490005793567,0.31.1
polyorder-rpa-ab-diblock-stability-v1,0.1075,65.71482890872404,2.6992183616688528,2.3277795514457247,0.31.1
polyorder-rpa-ab-diblock-stability-v1,0.11,63.20962123594261,2.7095600537926248,2.318895017065552,0.31.1
polyorder-rpa-ab-diblock-stability-v1,0.1125,60.86188659273127,2.7196629746819836,2.310280856735307,0.31.1
polyorder-rpa-ab-diblock-stability-v1,0.115,58.65848053402735,2.72953660553782,2.30192381169461,0.31.1
polyorder-rpa-ab-diblock-stability-v1,0.1175,56.58761523690755,2.7391900193338654,2.2938114051348557,0.31.1
polyorder-rpa-ab-diblock-stability-v1,0.12,54.638694065088636,2.748631490703217,2.2859322278855503,0.31.1
polyorder-rpa-ab-diblock-stability-v1,0.1225,52.80216927126659,2.7578691216037936,2.2782753749843296,0.31.1
polyorder-rpa-ab-diblock-stability-v1,0.125,51.06941920422168,2.76691039891084,2.27083078283015,0.31.1
polyorder-rpa-ab-diblock-stability-v1,0.1275,49.432642017889705,2.775762073135656,2.263589292464735,0.31.1
polyorder-rpa-ab-diblock-stability-v1,0.13,47.8847633905638,2.7844310849410165,2.256541862774343,0.31.1
polyorder-rpa-ab-diblock-stability-v1,0.1325,46.419356178442385,2.7929235622050395,2.249680367986495,0.31.1
polyorder-rpa-ab-diblock-stability-v1,0.135,45.03057026793826,2.8012454580938893,2.2429970529804937,0.31.1
polyorder-rpa-ab-diblock-stability-v1,0.1375,43.71307117045294,2.8094023315256247,2.2364846916630663,0.31.1
polyorder-rpa-ab-diblock-stability-v1,0.14,42.46198613350312,2.8173995408408703,2.2301364134191384,0.31.1
polyorder-rpa-ab-diblock-stability-v1,0.1425,41.27285673249331,2.8252420610243094,2.2239458324153567,0.31.1
polyorder-rpa-ab-diblock-stability-v1,0.145,40.141597065508755,2.832934745842908,2.2179068248570246,0.31.1
polyorder-rpa-ab-diblock-stability-v1,0.1475,39.06445680518791,2.8404820335920213,2.2120137472702073,0.31.1
polyorder-rpa-ab-diblock-stability-v1,0.15,38.03798847180136,2.8478884114050627,2.2062610606570963,0.31.1
polyorder-rpa-ab-diblock-stability-v1,0.1525,37.0590183839587,2.8551577532827075,2.200643834812811,0.31.1
polyorder-rpa-ab-diblock-stability-v1,0.155,36.124620820989705,2.8622941871049266,2.195157065086565,0.31.1
polyorder-rpa-ab-diblock-stability-v1,0.1575,35.23209499653773,2.869301335916232,2.189796250582104,0.31.1
polyorder-rpa-ab-diblock-stability-v1,0.16,34.37894449830709,2.8761827742734987,2.1845570328077186,0.31.1
polyorder-rpa-ab-diblock-stability-v1,0.1625,33.56285889591504,2.8829419363532556,2.1794352595000333,0.31.1
polyorder-rpa-ab-diblock-stability-v1,0.165,32.78169725878899,2.889582010069723,2.174427057368058,0.31.1
polyorder-rpa-ab-diblock-stability-v1,0.1675,32.03347336015686,2.8961061266059422,2.1695286817900876,0.31.1
polyorder-rpa-ab-diblock-stability-v1,0.17,31.316342372345122,2.902517238227985,2.1647366032580506,0.31.1
polyorder-rpa-ab-diblock-stability-v1,0.1725,30.628588883597754,2.9088181949295344,2.16004744405547,0.31.1
polyorder-rpa-ab-diblock-stability-v1,0.175,29.968616088111162,2.915011759937279,2.1554579619654017,0.31.1
polyorder-rpa-ab-diblock-stability-v1,0.1775,29.33493601947813,2.921100501919748,2.150965125318446,0.31.1
polyorder-rpa-ab-diblock-stability-v1,0.18,28.726160713700384,2.9270869393154664,2.146566001435196,0.31.1
polyorder-rpa-ab-diblock-stability-v1,0.1825,28.140994201741123,2.9329733764625763,2.1422578730522472,0.31.1
polyorder-rpa-ab-diblock-stability-v1,0.185,27.5782252435598,2.9387622660681276,2.1380379691570215,0.31.1
polyorder-rpa-ab-diblock-stability-v1,0.1875,27.03672072596996,2.9444558038031126,2.1339037587401073,0.31.1
polyorder-rpa-ab-diblock-stability-v1,0.19,26.51541965571087,2.950055982079439,2.1298529062999974,0.31.1
polyorder-rpa-ab-diblock-stability-v1,0.1925,26.01332768701478,2.955564993370183,2.12588297712072,0.31.1
polyorder-rpa-ab-diblock-stability-v1,0.195,25.529512129846083,2.960984714264799,2.1219918079650326,0.31.1
polyorder-rpa-ab-diblock-stability-v1,0.1975,25.06309739102245,2.966317069850234,2.118177241078553,0.31.1
polyorder-rpa-ab-diblock-stability-v1,0.2,24.61326080571855,2.971563884419232,2.1144372295423777,0.31.1
polyorder-rpa-ab-diblock-stability-v1,0.2025,24.179228821500093,2.9767269155938765,2.1107698103794816,0.31.1
polyorder-rpa-ab-diblock-stability-v1,0.205,23.76027350112347,2.981807820403243,2.1071731263787092,0.31.1
polyorder-rpa-ab-diblock-stability-v1,0.2075,23.35570931393943,2.9868083661708313,2.10364527511847,0.31.1
polyorder-rpa-ab-diblock-stability-v1,0.21,22.96489018891923,2.9917299867644265,2.1001846205963552,0.31.1
polyorder-rpa-ab-diblock-stability-v1,0.2125,22.587206805132293,2.9965741768195606,2.096789512431926,0.31.1
polyorder-rpa-ab-diblock-stability-v1,0.215,22.22208409799394,3.0013425343510223,2.093458255852891,0.31.1
polyorder-rpa-ab-diblock-stability-v1,0.2175,21.8689789618086,3.006036441382981,2.0901893339286644,0.31.1
polyorder-rpa-ab-diblock-stability-v1,0.22,21.52737813109329,3.0106571368081383,2.0869813537920634,0.31.1
polyorder-rpa-ab-diblock-stability-v1,0.2225,21.19679622490946,3.01520615191584,2.0838327433058916,0.31.1
polyorder-rpa-ab-diblock-stability-v1,0.225,20.876773939982723,3.0196845801825223,2.0807422564643505,0.31.1
polyorder-rpa-ab-diblock-stability-v1,0.2275,20.56687637977387,3.0240937836955397,2.0777084828041716,0.31.1
polyorder-rpa-ab-diblock-stability-v1,0.23,20.2666915079002,3.028434841990708,2.0747302270004937,0.31.1
polyorder-rpa-ab-diblock-stability-v1,0.2325,19.975828715410493,3.032709046973547,2.0718061673109758,0.31.1
polyorder-rpa-ab-diblock-stability-v1,0.235,19.69391749240609,3.036917406312893,2.0689351953130566,0.31.1
polyorder-rpa-ab-diblock-stability-v1,0.2375,19.42060619538622,3.0410611175610307,2.066116090497642,0.31.1
polyorder-rpa-ab-diblock-stability-v1,0.24,19.155560902491427,3.0451411331130704,2.0633478162492387,0.31.1
polyorder-rpa-ab-diblock-stability-v1,0.2425,18.898464349532777,3.049158468260797,2.0606293089002485,0.31.1
polyorder-rpa-ab-diblock-stability-v1,0.245,18.649014940337604,3.0531141666126693,2.0579595011183534,0.31.1
polyorder-rpa-ab-diblock-stability-v1,0.2475,18.40692582552061,3.0570091584572885,2.055337416898803,0.31.1
polyorder-rpa-ab-diblock-stability-v1,0.25,18.171924044311126,3.060844373873369,2.052762094280697,0.31.1
polyorder-rpa-ab-diblock-stability-v1,0.2525,17.943749724537728,3.0646207099785503,2.0502326068349133,0.31.1
polyorder-rpa-ab-diblock-stability-v1,0.255,17.722155336296602,3.068339039952802,2.0477480569670803,0.31.1
polyorder-rpa-ab-diblock-stability-v1,0.2575,17.506904995214676,3.072000186701058,2.0453075928771143,0.31.1
polyorder-rpa-ab-diblock-stability-v1,0.26,17.297773811566508,3.0756050396430976,2.0429103302252054,0.31.1
polyorder-rpa-ab-diblock-stability-v1,0.2625,17.094547281819274,3.079154304682475,2.0405555179955535,0.31.1
polyorder-rpa-ab-diblock-stability-v1,0.265,16.897020719466465,3.082648846637032,2.0382423103540095,0.31.1
polyorder-rpa-ab-diblock-stability-v1,0.2675,16.704998722270343,3.086089349061455,2.0359699919545218,0.31.1
polyorder-rpa-ab-diblock-stability-v1,0.27,16.518294673269533,3.0894765408998266,2.0337378271043853,0.31.1
polyorder-rpa-ab-diblock-stability-v1,0.2725,16.33673027312259,3.0928112533249696,2.0315450224855334,0.31.1
polyorder-rpa-ab-diblock-stability-v1,0.275,16.160135101554044,3.096093925256231,2.029391051713521,0.31.1
polyorder-rpa-ab-diblock-stability-v1,0.2775,15.98834620584728,3.0993254531987957,2.027275096487446,0.31.1
polyorder-rpa-ab-diblock-stability-v1,0.28,15.821207714491276,3.102506435149943,2.025196543025356,0.31.1
polyorder-rpa-ab-diblock-stability-v1,0.2825,15.65857047423662,3.105637434448564,2.023154807926002,0.31.1
polyorder-rpa-ab-diblock-stability-v1,0.285,15.500291708951124,3.10871913538746,2.021149236563782,0.31.1
polyorder-rpa-ab-diblock-stability-v1,0.2875,15.346234698789914,3.111752112902145,2.0191792531056194,0.31.1
polyorder-rpa-ab-diblock-stability-v1,0.29,15.196268478307713,3.1147369487492833,2.017244284369692,0.31.1
polyorder-rpa-ab-diblock-stability-v1,0.2925,15.05026755224516,3.1176742084990345,2.015343774551911,0.31.1
polyorder-rpa-ab-diblock-stability-v1,0.295,14.908111627815849,3.1205644425610055,2.0134771842824244,0.31.1
polyorder-rpa-ab-diblock-stability-v1,0.2975,14.76968536240823,3.1234081864039163,2.011643990218783,0.31.1
polyorder-rpa-ab-diblock-stability-v1,0.3,14.634878125696675,3.1262059598479524,2.009843685246246,0.31.1
polyorder-rpa-ab-diblock-stability-v1,0.3025,14.5035837752292,3.128958269921707,2.00807577639468,0.31.1
polyorder-rpa-ab-diblock-stability-v1,0.305,14.375700444627586,3.1316656109977115,2.006339784526943,0.31.1
polyorder-rpa-ab-diblock-stability-v1,0.3075,14.25113034359721,3.1343284947760464,2.004635224945856,0.31.1
polyorder-rpa-ab-diblock-stability-v1,0.31,14.129779569001684,3.1369473282887066,2.0029616852404217,0.31.1
polyorder-rpa-ab-diblock-stability-v1,0.3125,14.011557926309854,3.139522510943463,2.0013187627348517,0.31.1
polyorder-rpa-ab-diblock-stability-v1,0.315,13.896378760771631,3.142054675084112,1.9997059112319193,0.31.1
polyorder-rpa-ab-diblock-stability-v1,0.3175,13.784158797723624,3.1445441472271627,1.9981227844169578,0.31.1
polyorder-rpa-ab-diblock-stability-v1,0.32,13.674817991467368,3.146991299800192,1.9965690110355616,0.31.1
polyorder-rpa-ab-diblock-stability-v1,0.3225,13.56827938220093,3.1493966311354233,1.9950441443491247,0.31.1
polyorder-rpa-ab-diblock-stability-v1,0.325,13.464468960520188,3.1517604787186246,1.9935478440081429,0.31.1
polyorder-rpa-ab-diblock-stability-v1,0.3275,13.363315539038615,3.154083225135754,1.9920797451085501,0.31.1
polyorder-rpa-ab-diblock-stability-v1,0.33,13.264750630705004,3.1563653418147712,1.990639430721613,0.31.1
polyorder-rpa-ab-diblock-stability-v1,0.3325,13.168708333426087,3.158607055283108,1.9892266423803135,0.31.1
polyorder-rpa-ab-diblock-stability-v1,0.335,13.075125220627545,3.1608088411405384,1.987840968235326,0.31.1
polyorder-rpa-ab-diblock-stability-v1,0.3375,12.983940237410524,3.162970977277522,1.9864821246598159,0.31.1
polyorder-rpa-ab-diblock-stability-v1,0.34,12.89509460198337,3.1650938030480593,1.985149792757716,0.31.1
polyorder-rpa-ab-diblock-stability-v1,0.3425,12.808531712068982,3.167177696109758,1.9838436330545073,0.31.1
polyorder-rpa-ab-diblock-stability-v1,0.345,12.72419705600733,3.169222954653395,1.9825633592467629,0.31.1
polyorder-rpa-ab-diblock-stability-v1,0.3475,12.642038128290753,3.171229915729538,1.9813086638765978,0.31.1
polyorder-rpa-ab-diblock-stability-v1,0.35,12.562004349286186,3.173198789840257,1.9800793216285988,0.31.1
polyorder-rpa-ab-diblock-stability-v1,0.3525,12.484046988913928,3.1751300158822184,1.9788749675605917,0.31.1
polyorder-rpa-ab-diblock-stability-v1,0.355,12.408119094067098,3.1770238120812464,1.9776953774430526,0.31.1
polyorder-rpa-ab-diblock-stability-v1,0.3575,12.334175419569133,3.1788804361653917,1.976540305101517,0.31.1
polyorder-rpa-ab-diblock-stability-v1,0.36,12.262172362479511,3.180700185797587,1.9754094822376431,0.31.1
polyorder-rpa-ab-diblock-stability-v1,0.3625,12.192067899569142,3.1824833276116467,1.9743026625358375,0.31.1
polyorder-rpa-ab-diblock-stability-v1,0.365,12.123821527798135,3.1842301211000126,1.9732196066938215,0.31.1
polyorder-rpa-ab-diblock-stability-v1,0.3675,12.057394207638515,3.1859407948676717,1.9721600970430333,0.31.1
polyorder-rpa-ab-diblock-stability-v1,0.37,11.992748309094083,3.187615618313189,1.9711238930697985,0.31.1
polyorder-rpa-ab-diblock-stability-v1,0.3725,11.929847560278501,3.1892549016086824,1.970110731509828,0.31.1
polyorder-rpa-ab-diblock-stability-v1,0.375,11.86865699842077,3.190858734494856,1.9691204876151547,0.31.1
polyorder-rpa-ab-diblock-stability-v1,0.3775,11.809142923175353,3.1924273904203133,1.9681529252736882,0.31.1
polyorder-rpa-ab-diblock-stability-v1,0.38,11.751272852120978,3.19396120789049,1.9672077706070297,0.31.1
polyorder-rpa-ab-diblock-stability-v1,0.3825,11.69501547833945,3.195460281467802,1.966284902246843,0.31.1
polyorder-rpa-ab-diblock-stability-v1,0.385,11.640340629971734,3.1969247947057657,1.9653841459094659,0.31.1
polyorder-rpa-ab-diblock-stability-v1,0.3875,11.587219231654798,3.1983550442709467,1.964505259800453,0.31.1
polyorder-rpa-ab-diblock-stability-v1,0.39,11.535623267748123,3.199751130670613,1.9636481246786022,0.31.1
polyorder-rpa-ab-diblock-stability-v1,0.3925,11.485525747264123,3.2011133153041698,1.962812524361562,0.31.1
polyorder-rpa-ab-diblock-stability-v1,0.395,11.436900670421647,3.2024417825594993,1.961998291865232,0.31.1
polyorder-rpa-ab-diblock-stability-v1,0.3975,11.389722996746213,3.2037366158864593,1.9612053238156275,0.31.1
polyorder-rpa-ab-diblock-stability-v1,0.4,11.343968614645187,3.2049981319608962,1.960433375770918,0.31.1
polyorder-rpa-ab-diblock-stability-v1,0.4025,11.299614312389961,3.206226403498221,1.9596823544102138,0.31.1
polyorder-rpa-ab-diblock-stability-v1,0.405,11.25663775044122,3.207421593507495,1.9589521127805878,0.31.1
polyorder-rpa-ab-diblock-stability-v1,0.4075,11.215017435056884,3.2085839315375115,1.9582424649769925,0.31.1
polyorder-rpa-ab-diblock-stability-v1,0.41,11.17473269312574,3.2097134986425124,1.9575533174026094,0.31.1
polyorder-rpa-ab-diblock-stability-v1,0.4125,11.135763648173008,3.2108104906445782,1.9568845079730075,0.31.1
polyorder-rpa-ab-diblock-stability-v1,0.415,11.098091197487056,3.211875002560778,1.9562359376283638,0.31.1
polyorder-rpa-ab-diblock-stability-v1,0.4175,11.061696990319426,3.21290717261257,1.9556074824503644,0.31.1
polyorder-rpa-ab-diblock-stability-v1,0.42,11.026563407112858,3.2139071822258956,1.95499899372575,0.31.1
polyorder-rpa-ab-diblock-stability-v1,0.4225,10.992673539714746,3.2148751361479593,1.9544103708824145,0.31.1
polyorder-rpa-ab-diblock-stability-v1,0.425,10.96001117253562,3.215811158671474,1.9538415028621627,0.31.1
polyorder-rpa-ab-diblock-stability-v1,0.4275,10.928560764614888,3.216715369373354,1.953292282867915,0.31.1
polyorder-rpa-ab-diblock-stability-v1,0.43,10.898307432557665,3.217587883465375,1.95276260812262,0.31.1
polyorder-rpa-ab-diblock-stability-v1,0.4325,10.869236934309182,3.2184288117889506,1.9522523798458986,0.31.1
polyorder-rpa-ab-diblock-stability-v1,0.435,10.841335653734692,3.219238260718205,1.9517615032873712,0.31.1
polyorder-rpa-ab-diblock-stability-v1,0.4375,10.814590585974917,3.2200163324279703,1.9512898875397668,0.31.1
polyorder-rpa-ab-diblock-stability-v1,0.44,10.788989323548671,3.2207631245885575,1.9508374457007742,0.31.1
polyorder-rpa-ab-diblock-stability-v1,0.4425,10.764520043176073,3.221478731054373,1.9504040944337178,0.31.1
polyorder-rpa-ab-diblock-stability-v1,0.445,10.741171493297152,3.2221632412622143,1.9499897543112314,0.31.1
polyorder-rpa-ab-diblock-stability-v1,0.4475,10.718932982262313,3.222816740556824,1.949594349598049,0.31.1
polyorder-rpa-ab-diblock-stability-v1,0.45,10.69779436717257,3.2234392862203625,1.9492178227271415,0.31.1
polyorder-rpa-ab-diblock-stability-v1,0.4525,10.677746043348552,3.2240310516226782,1.9488600471193394,0.31.1
polyorder-rpa-ab-diblock-stability-v1,0.455,10.658778934408968,3.224591989777912,1.9485210305978369,0.31.1
polyorder-rpa-ab-diblock-stability-v1,0.4575,10.64088448294013,3.2251221942999098,1.9482006971036652,0.31.1
polyorder-rpa-ab-diblock-stability-v1,0.46,10.624054641739574,3.2256218023306387,1.9478989454497542,0.31.1
polyorder-rpa-ab-diblock-stability-v1,0.4625,10.608281865617741,3.226090755333468,1.9476157937565892,0.31.1
polyorder-rpa-ab-diblock-stability-v1,0.465,10.593559103742928,3.2265292551028946,1.9473511040516551,0.31.1
polyorder-rpa-ab-diblock-stability-v1,0.4675,10.579879792515783,3.2269372833520746,1.947104872349036,0.31.1
polyorder-rpa-ab-diblock-stability-v1,0.47,10.567237848960476,3.2273148658553974,1.9468770691248412,0.31.1
polyorder-rpa-ab-diblock-stability-v1,0.4725,10.555627664620827,3.2276620727989527,1.9466676391345255,0.31.1
polyorder-rpa-ab-diblock-stability-v1,0.475,10.545044099950552,3.227978946703575,1.946476544896924,0.31.1
polyorder-rpa-ab-diblock-stability-v1,0.4775,10.535482479187658,3.2282655020604953,1.9463037668894447,0.31.1
polyorder-rpa-ab-diblock-stability-v1,0.48,10.526938585704015,3.2285218218425933,1.9461492453514297,0.31.1
polyorder-rpa-ab-diblock-stability-v1,0.4825,10.51940865782191,3.2287479372181247,1.946012952808311,0.31.1
polyorder-rpa-ab-diblock-stability-v1,0.485,10.512889385090231,3.228943779541603,1.9458949229743414,0.31.1
polyorder-rpa-ab-diblock-stability-v1,0.4875,10.507377905013854,3.2291095168026995,1.9457950479799389,0.31.1
polyorder-rpa-ab-diblock-stability-v1,0.49,10.502871800230452,3.2292450970487847,1.9457133535394402,0.31.1
polyorder-rpa-ab-diblock-stability-v1,0.4925,10.49936909612989,3.229350464422881,1.945649868727536,0.31.1
polyorder-rpa-ab-diblock-stability-v1,0.495,10.496868258912057,3.2294257761353253,1.945604495266869,0.31.1
polyorder-rpa-ab-diblock-stability-v1,0.4975,10.495368194079717,3.2294709451431225,1.9455772830621116,0.31.1
polyorder-rpa-ab-diblock-stability-v1,0.5,10.494868245363868,3.2294860249515214,1.9455681983556206,0.31.1
