schema,case_id,f,chiN,model,model_label,nx,mode_count,period_rg,period_ratio,is_source_root,free_energy,free_energy_density,excess_density,normalized_excess_density,log_period_stress,normalized_log_period_stress,converged,iterations,minimum_phi,maximum_phi,mean_phi,projected_force_norm,projected_force_maxabs,force_gate_pass,morphology_gate_pass,opf_c2,opf_c3,opf_c4,opf_c5,opf_c6,source_artifact,source_fingerprint,adaptive,oversample_factor,sensor_filter_ratio,discretization_schema
lamellar-cell-stress-mechanism-v2,f0.5_chiN20,0.5,20.0,uneyama_doi,Uneyama-Doi,64,5,3.2365601059529547,0.8,false,-0.820152529095681,-0.620706905409392,0.012911409178522182,0.012911409178522182,-0.3277615422841995,-0.3277615422841995,true,23,0.06352472165398107,0.9364752728768025,0.5000000000000278,0.00034440391159332656,0.0007962296308677473,true,true,,,,,,results/diblock_stress_free_lamella_comparison/summary.csv,canonical-own-cell-uneyama_doi,,,,
lamellar-cell-stress-mechanism-v2,f0.5_chiN20,0.5,20.0,uneyama_doi,Uneyama-Doi,64,5,3.3498397096613077,0.828,false,-0.8609485297458246,-0.6295479113804756,0.0040704032074385665,0.0040704032074385665,-0.18554862712405473,-0.18554862712405473,true,27,0.06315351156352442,0.93684650140973,0.5000000000002712,0.00011294286625147665,0.00026616252238748783,true,true,,,,,,results/diblock_stress_free_lamella_comparison/summary.csv,canonical-own-cell-uneyama_doi,,,,
lamellar-cell-stress-mechanism-v2,f0.5_chiN20,0.5,20.0,uneyama_doi,Uneyama-Doi,64,5,3.448159365757358,0.8523022599,false,-0.8912900520644631,-0.6331510840413447,0.00046723054656949703,0.00046723054656949703,-0.06321033775541496,-0.06321033775541496,true,29,0.06333628711156342,0.936664425739751,0.5000000000000315,0.00018037641175369017,0.00041885523281585046,true,true,,,,,,results/diblock_stress_free_lamella_comparison/summary.csv,canonical-own-cell-uneyama_doi,,,,
lamellar-cell-stress-mechanism-v2,f0.5_chiN20,0.5,20.0,uneyama_doi,Uneyama-Doi,64,5,3.463119313369661,0.856,false,-0.8954873002509349,-0.6333847489138262,0.00023356567408794326,0.00023356567408794326,-0.044732868985652985,-0.044732868985652985,true,26,0.06340243225753503,0.9365975388057706,0.5000000000001605,0.0003696439599609172,0.0008623526933455109,true,true,,,,,,results/diblock_stress_free_lamella_comparison/summary.csv,canonical-own-cell-uneyama_doi,,,,
lamellar-cell-stress-mechanism-v2,f0.5_chiN20,0.5,20.0,uneyama_doi,Uneyama-Doi,64,5,3.50066940704187,0.8652814821768687,true,-0.9055307360050788,-0.6336183145879142,0.0,0.0,0.0014526049538221564,0.0014526049538221564,true,23,0.06361189291216221,0.9363880643486274,0.49999999999991457,0.00022860162953186505,0.0005379039905094021,true,true,,,,,,results/diblock_stress_free_lamella_comparison/summary.csv,canonical-own-cell-uneyama_doi,,,,
lamellar-cell-stress-mechanism-v2,f0.5_chiN20,0.5,20.0,uneyama_doi,Uneyama-Doi,64,5,3.553179448108976,0.8782607044,false,-0.91839100841886,-0.6331201077343679,0.0004982068535462902,0.0004982068535462902,0.06552444709345684,0.06552444709345684,true,25,0.0640068163279501,0.9359932155006528,0.5000000000003219,0.00048542598887589783,0.001070764429865021,true,true,,,,,,results/diblock_stress_free_lamella_comparison/summary.csv,canonical-own-cell-uneyama_doi,,,,
lamellar-cell-stress-mechanism-v2,f0.5_chiN20,0.5,20.0,uneyama_doi,Uneyama-Doi,64,5,3.5763989170780146,0.884,false,-0.9236357215512578,-0.6326017534577487,0.001016561130165461,0.001016561130165461,0.09364459692018379,0.09364459692018379,true,26,0.0642182304217503,0.9357817745028488,0.49999999999989103,0.00038731323815810285,0.0007586372990893043,true,true,,,,,,results/diblock_stress_free_lamella_comparison/summary.csv,canonical-own-cell-uneyama_doi,,,,
lamellar-cell-stress-mechanism-v2,f0.5_chiN20,0.5,20.0,uneyama_doi,Uneyama-Doi,64,5,3.6896785207863685,0.912,false,-0.9453226701533266,-0.6275772187511534,0.006041095836760824,0.006041095836760824,0.22869823234905606,0.22869823234905606,true,26,0.06556325212510826,0.9344367421362799,0.4999999999992873,0.000176214021222691,0.00040446583562079284,true,true,,,,,,results/diblock_stress_free_lamella_comparison/summary.csv,canonical-own-cell-uneyama_doi,,,,
lamellar-cell-stress-mechanism-v2,f0.5_chiN20,0.5,20.0,uneyama_doi,Uneyama-Doi,64,5,3.8029581244947215,0.94,false,-0.9605325026254756,-0.6186801000086122,0.014938214579302,0.014938214579302,0.35965545798100074,0.35965545798100074,true,25,0.06741316806103052,0.9325868996202555,0.5000000000005882,0.00043193464958940557,0.0010685142593734548,true,true,,,,,,results/diblock_stress_free_lamella_comparison/summary.csv,canonical-own-cell-uneyama_doi,,,,
lamellar-cell-stress-mechanism-v2,f0.5_chiN20,0.5,20.0,uneyama_doi,Uneyama-Doi,64,5,3.9162377282030745,0.968,false,-0.9693001577497866,-0.6062683010756953,0.027350013512218885,0.027350013512218885,0.48582389830381656,0.48582389830381656,true,27,0.06975242681294674,0.9302475669686885,0.500000000000498,2.2126987056305984e-5,4.8947032187918845e-5,true,true,,,,,,results/diblock_stress_free_lamella_comparison/summary.csv,canonical-own-cell-uneyama_doi,,,,
lamellar-cell-stress-mechanism-v2,f0.5_chiN20,0.5,20.0,uneyama_doi,Uneyama-Doi,64,5,4.029517331911428,0.996,false,-0.9717075024160453,-0.5906880065520168,0.04293030803589737,0.04293030803589737,0.6065680156153164,0.6065680156153164,true,26,0.0725750400573865,0.9274249605377513,0.4999999999991307,0.00020162022534113395,0.0004236666992737302,true,true,,,,,,results/diblock_stress_free_lamella_comparison/summary.csv,canonical-own-cell-uneyama_doi,,,,
lamellar-cell-stress-mechanism-v2,f0.5_chiN20,0.5,20.0,uneyama_doi,Uneyama-Doi,64,5,4.142796935619782,1.024,false,-0.9678806447180239,-0.5722736953604712,0.06134461922744294,0.06134461922744294,0.7212874678050318,0.7212874678050318,true,28,0.07588228279385922,0.9241176487598158,0.49999999999968875,0.0004436080336720019,0.001106699861014561,true,true,,,,,,results/diblock_stress_free_lamella_comparison/summary.csv,canonical-own-cell-uneyama_doi,,,,
lamellar-cell-stress-mechanism-v2,f0.5_chiN20,0.5,20.0,uneyama_doi,Uneyama-Doi,64,5,4.256076539328135,1.052,false,-0.9579880046988922,-0.5513485881975447,0.08226972639036945,0.08226972639036945,0.8294057158481083,0.8294057158481083,true,25,0.07968209645491128,0.9203178875067355,0.5000000000001834,0.00025786293661627134,0.0005906265333817736,true,true,,,,,,results/diblock_stress_free_lamella_comparison/summary.csv,canonical-own-cell-uneyama_doi,,,,
lamellar-cell-stress-mechanism-v2,f0.5_chiN20,0.5,20.0,uneyama_doi,Uneyama-Doi,64,5,4.369356143036489,1.08,false,-0.9422389886075075,-0.528225363712406,0.10539295087550815,0.10539295087550815,0.9303628635501382,0.9303628635501382,true,26,0.08398865098109519,0.9160113488815732,0.49999999999931294,0.00015515003337042448,0.00039849488259372336,true,true,,,,,,results/diblock_stress_free_lamella_comparison/summary.csv,canonical-own-cell-uneyama_doi,,,,
lamellar-cell-stress-mechanism-v2,f0.5_chiN20,0.5,20.0,liu2019_opf,OPF,128,5,3.2365601059529547,0.8,false,-0.1645688024918765,-0.124548774158258,0.009801215922114095,0.009801215922114095,-0.03459887161553622,-0.03459887161553622,true,47,0.0161984295767873,0.9838014667239041,0.5,7.877801274033756e-6,1.76626283368541e-5,true,true,-1.0,4.3223424304794734e-7,1.7914349403960097,0.05101647629662514,0.3689720435123602,results/liu2019_stress_free_period_map/summary.csv,summary_sha256=2950f7d21ea03001a1851c3ac45a8268fb609f22f138ebe6be0054797bbc8154|profiles_sha256=a9c31d20752aa08b0301b51c7956181cd5e735688620768d6c4aa4d3fb86afce|mapping=Liu2019_Eq18_c2_fixed_-1,,,,
lamellar-cell-stress-mechanism-v2,f0.5_chiN20,0.5,20.0,liu2019_opf,OPF,128,5,3.3498397096613077,0.828,false,-0.1740288441260292,-0.12725440784694175,0.0070955822334303476,0.0070955822334303476,-0.02960221657255867,-0.02960221657255867,true,56,0.015990659878699354,0.9840092294356615,0.5,4.073451169521522e-6,1.0102098562419667e-5,true,true,-1.0,4.3223424304794734e-7,1.7914349403960097,0.05101647629662514,0.3689720435123602,results/liu2019_stress_free_period_map/summary.csv,summary_sha256=2950f7d21ea03001a1851c3ac45a8268fb609f22f138ebe6be0054797bbc8154|profiles_sha256=a9c31d20752aa08b0301b51c7956181cd5e735688620768d6c4aa4d3fb86afce|mapping=Liu2019_Eq18_c2_fixed_-1,,,,
lamellar-cell-stress-mechanism-v2,f0.5_chiN20,0.5,20.0,liu2019_opf,OPF,128,5,3.463119313369661,0.856,false,-0.18304095655983313,-0.12946621384704046,0.004883776233331638,0.004883776233331638,-0.024685978225896,-0.024685978225896,true,53,0.01626289775213491,0.9837369901068784,0.49999999999999994,5.614180506607986e-6,1.2884765831094088e-5,true,true,-1.0,4.3223424304794734e-7,1.7914349403960097,0.05101647629662514,0.3689720435123602,results/liu2019_stress_free_period_map/summary.csv,summary_sha256=2950f7d21ea03001a1851c3ac45a8268fb609f22f138ebe6be0054797bbc8154|profiles_sha256=a9c31d20752aa08b0301b51c7956181cd5e735688620768d6c4aa4d3fb86afce|mapping=Liu2019_Eq18_c2_fixed_-1,,,,
lamellar-cell-stress-mechanism-v2,f0.5_chiN20,0.5,20.0,liu2019_opf,OPF,128,5,3.5763989170780146,0.884,false,-0.19159237510775534,-0.13122237437800804,0.003127615702364056,0.003127615702364056,-0.019850992816821473,-0.019850992816821473,true,53,0.01695385978026026,0.9830460337202899,0.5,6.7234477750190464e-6,1.3894138546837424e-5,true,true,-1.0,4.3223424304794734e-7,1.7914349403960097,0.05101647629662514,0.3689720435123602,results/liu2019_stress_free_period_map/summary.csv,summary_sha256=2950f7d21ea03001a1851c3ac45a8268fb609f22f138ebe6be0054797bbc8154|profiles_sha256=a9c31d20752aa08b0301b51c7956181cd5e735688620768d6c4aa4d3fb86afce|mapping=Liu2019_Eq18_c2_fixed_-1,,,,
lamellar-cell-stress-mechanism-v2,f0.5_chiN20,0.5,20.0,liu2019_opf,OPF,128,5,3.6896785207863685,0.912,false,-0.1996720270555793,-0.1325575058742862,0.0017924842060859092,0.0017924842060859092,-0.015096748093795145,-0.015096748093795145,true,54,0.018014416855772875,0.9819854651099666,0.49999999999999994,5.8907950118643076e-6,1.734542065560618e-5,true,true,-1.0,4.3223424304794734e-7,1.7914349403960097,0.05101647629662514,0.3689720435123602,results/liu2019_stress_free_period_map/summary.csv,summary_sha256=2950f7d21ea03001a1851c3ac45a8268fb609f22f138ebe6be0054797bbc8154|profiles_sha256=a9c31d20752aa08b0301b51c7956181cd5e735688620768d6c4aa4d3fb86afce|mapping=Liu2019_Eq18_c2_fixed_-1,,,,
lamellar-cell-stress-mechanism-v2,f0.5_chiN20,0.5,20.0,liu2019_opf,OPF,128,5,3.8029581244947215,0.94,false,-0.20727026581825236,-0.13350301883042903,0.0008469712499430682,0.0008469712499430682,-0.010422100907549688,-0.010422100907549688,true,53,0.019403677206689784,0.9805962209326162,0.49999999999999994,9.911331134261174e-6,2.4365500485018817e-5,true,true,-1.0,4.3223424304794734e-7,1.7914349403960097,0.05101647629662514,0.3689720435123602,results/liu2019_stress_free_period_map/summary.csv,summary_sha256=2950f7d21ea03001a1851c3ac45a8268fb609f22f138ebe6be0054797bbc8154|profiles_sha256=a9c31d20752aa08b0301b51c7956181cd5e735688620768d6c4aa4d3fb86afce|mapping=Liu2019_Eq18_c2_fixed_-1,,,,
lamellar-cell-stress-mechanism-v2,f0.5_chiN20,0.5,20.0,liu2019_opf,OPF,128,5,3.9162377282030745,0.968,false,-0.21437868942424865,-0.13408746793748466,0.00026252214288743914,0.00026252214288743914,-0.0058257791667703195,-0.0058257791667703195,true,54,0.021088947763670485,0.9789109232174091,0.4999999999999999,4.685841114112332e-6,1.2797145210065551e-5,true,true,-1.0,4.3223424304794734e-7,1.7914349403960097,0.05101647629662514,0.3689720435123602,results/liu2019_stress_free_period_map/summary.csv,summary_sha256=2950f7d21ea03001a1851c3ac45a8268fb609f22f138ebe6be0054797bbc8154|profiles_sha256=a9c31d20752aa08b0301b51c7956181cd5e735688620768d6c4aa4d3fb86afce|mapping=Liu2019_Eq18_c2_fixed_-1,,,,
lamellar-cell-stress-mechanism-v2,f0.5_chiN20,0.5,20.0,liu2019_opf,OPF,128,5,4.001700165865597,0.989124264,false,-0.21941292831037829,-0.13430534399221736,4.46460881547428e-5,4.46460881547428e-5,-0.002409279382685339,-0.002409279382685339,true,53,0.022539573203618768,0.977460287872294,0.5,7.2102103269478565e-6,2.3363695334203254e-5,true,true,-1.0,4.3223424304794734e-7,1.7914349403960097,0.05101647629662514,0.3689720435123602,results/liu2019_stress_free_period_map/summary.csv,summary_sha256=2950f7d21ea03001a1851c3ac45a8268fb609f22f138ebe6be0054797bbc8154|profiles_sha256=a9c31d20752aa08b0301b51c7956181cd5e735688620768d6c4aa4d3fb86afce|mapping=Liu2019_Eq18_c2_fixed_-1,,,,
lamellar-cell-stress-mechanism-v2,f0.5_chiN20,0.5,20.0,liu2019_opf,OPF,128,5,4.029517331911428,0.996,false,-0.22099001835105492,-0.1343368792389832,1.3110841388913608e-5,1.3110841388913608e-5,-0.0013066582194778528,-0.0013066582194778528,true,54,0.023043106265850988,0.9769567549465688,0.5,6.17679089502266e-6,1.8332612278617662e-5,true,true,-1.0,4.3223424304794734e-7,1.7914349403960097,0.05101647629662514,0.3689720435123602,results/liu2019_stress_free_period_map/summary.csv,summary_sha256=2950f7d21ea03001a1851c3ac45a8268fb609f22f138ebe6be0054797bbc8154|profiles_sha256=a9c31d20752aa08b0301b51c7956181cd5e735688620768d6c4aa4d3fb86afce|mapping=Liu2019_Eq18_c2_fixed_-1,,,,
lamellar-cell-stress-mechanism-v2,f0.5_chiN20,0.5,20.0,liu2019_opf,OPF,128,5,4.0626397621480175,1.0041870700131705,true,-0.22282829040326607,-0.1343499900803721,0.0,0.0,1.338695007168896e-7,1.338695007168896e-7,true,59,0.023663065244304782,0.9763368163657357,0.5000000000000001,4.90199683336095e-6,1.0463489188746802e-5,true,true,-1.0,4.3223424304794734e-7,1.7914349403960097,0.05101647629662514,0.3689720435123602,results/liu2019_stress_free_period_map/summary.csv,summary_sha256=2950f7d21ea03001a1851c3ac45a8268fb609f22f138ebe6be0054797bbc8154|profiles_sha256=a9c31d20752aa08b0301b51c7956181cd5e735688620768d6c4aa4d3fb86afce|mapping=Liu2019_Eq18_c2_fixed_-1,,,,
lamellar-cell-stress-mechanism-v2,f0.5_chiN20,0.5,20.0,liu2019_opf,OPF,128,5,4.123579358728439,1.0192498761,false,-0.22609749935515003,-0.13430649864106048,4.349143931162147e-5,4.349143931162147e-5,0.0023875546028023606,0.0023875546028023606,true,59,0.024855622590843285,0.9751442530564502,0.5,5.2648789365154755e-6,1.1393468806559885e-5,true,true,-1.0,4.3223424304794734e-7,1.7914349403960097,0.05101647629662514,0.3689720435123602,results/liu2019_stress_free_period_map/summary.csv,summary_sha256=2950f7d21ea03001a1851c3ac45a8268fb609f22f138ebe6be0054797bbc8154|profiles_sha256=a9c31d20752aa08b0301b51c7956181cd5e735688620768d6c4aa4d3fb86afce|mapping=Liu2019_Eq18_c2_fixed_-1,,,,
lamellar-cell-stress-mechanism-v2,f0.5_chiN20,0.5,20.0,liu2019_opf,OPF,128,5,4.142796935619782,1.024,false,-0.2270980153896064,-0.13427504846313107,7.49416172410311e-5,7.49416172410311e-5,0.0031358679970550653,0.0031358679970550653,true,59,0.025245760539424678,0.9747541204543957,0.5,5.331287692243445e-6,1.2190003194456384e-5,true,true,-1.0,4.3223424304794734e-7,1.7914349403960097,0.05101647629662514,0.3689720435123602,results/liu2019_stress_free_period_map/summary.csv,summary_sha256=2950f7d21ea03001a1851c3ac45a8268fb609f22f138ebe6be0054797bbc8154|profiles_sha256=a9c31d20752aa08b0301b51c7956181cd5e735688620768d6c4aa4d3fb86afce|mapping=Liu2019_Eq18_c2_fixed_-1,,,,
lamellar-cell-stress-mechanism-v2,f0.5_chiN20,0.5,20.0,liu2019_opf,OPF,128,5,4.256076539328135,1.052,false,-0.2326974353655013,-0.13392380889600392,0.0004261811843681851,0.0004261811843681851,0.007502349508498968,0.007502349508498968,true,60,0.02767706017799748,0.972322829105452,0.49999999999999994,6.170177445787656e-6,1.6889249292700358e-5,true,true,-1.0,4.3223424304794734e-7,1.7914349403960097,0.05101647629662514,0.3689720435123602,results/liu2019_stress_free_period_map/summary.csv,summary_sha256=2950f7d21ea03001a1851c3ac45a8268fb609f22f138ebe6be0054797bbc8154|profiles_sha256=a9c31d20752aa08b0301b51c7956181cd5e735688620768d6c4aa4d3fb86afce|mapping=Liu2019_Eq18_c2_fixed_-1,,,,
lamellar-cell-stress-mechanism-v2,f0.5_chiN20,0.5,20.0,liu2019_opf,OPF,128,5,4.369356143036489,1.08,false,-0.23778399633123753,-0.13330326962237168,0.0010467204580004164,0.0010467204580004164,0.011792362431167344,0.011792362431167344,true,65,0.030324012992429483,0.9696758332108653,0.5,4.7198403497302346e-6,1.776974385866645e-5,true,true,-1.0,4.3223424304794734e-7,1.7914349403960097,0.05101647629662514,0.3689720435123602,results/liu2019_stress_free_period_map/summary.csv,summary_sha256=2950f7d21ea03001a1851c3ac45a8268fb609f22f138ebe6be0054797bbc8154|profiles_sha256=a9c31d20752aa08b0301b51c7956181cd5e735688620768d6c4aa4d3fb86afce|mapping=Liu2019_Eq18_c2_fixed_-1,,,,
lamellar-cell-stress-mechanism-v2,f0.5_chiN20,0.5,20.0,burp_ti,BURP,64,5,3.2365601059529547,0.8,false,-1.4165267743096148,-1.0720541842146707,0.0015262872896049107,0.0014216794456649467,-0.129667219792573,-0.12078015876246925,true,352,5.344976683942927e-9,0.9999999946550218,0.49999999999999994,0.0004804747142462109,0.001747735629878827,true,true,,,,,,results/diblock_stress_free_lamella_comparison/summary.csv,canonical-own-cell-burp_ti,,,,
lamellar-cell-stress-mechanism-v2,f0.5_chiN20,0.5,20.0,burp_ti,BURP,64,5,3.2643062076576785,0.8068581706,false,-1.4298784064802543,-1.072960766328891,0.0006197051753846772,0.0005772321608238281,-0.0827249690460441,-0.07705521033754631,true,302,8.51493858011928e-11,0.9999999999148506,0.5,0.0004981081359576118,0.001356918874893967,true,true,,,,,,results/diblock_stress_free_lamella_comparison/summary.csv,canonical-own-cell-burp_ti,,,,
lamellar-cell-stress-mechanism-v2,f0.5_chiN20,0.5,20.0,burp_ti,BURP,64,5,3.314016454594729,0.8191453508925876,true,-1.4524916294828794,-1.0735804715042756,0.0,0.0,0.0007884988056927611,0.0007344571055655801,true,640,2.5030875102109215e-11,0.9999999999749691,0.5000000000000002,0.0004981795907699212,0.0019873399129487555,true,true,,,,,,results/diblock_stress_free_lamella_comparison/summary.csv,canonical-own-cell-burp_ti,,,,
lamellar-cell-stress-mechanism-v2,f0.5_chiN20,0.5,20.0,burp_ti,BURP,64,5,3.3498397096613077,0.828,false,-1.4677420286339178,-1.0732510674530324,0.00032940405124315397,0.0003068275364413073,0.06050868838314294,0.056361576974625474,true,496,1.6625304809455119e-10,0.9999999998337474,0.49999999999999994,0.00047742390350442756,0.0019033415976355704,true,true,,,,,,results/diblock_stress_free_lamella_comparison/summary.csv,canonical-own-cell-burp_ti,,,,
lamellar-cell-stress-mechanism-v2,f0.5_chiN20,0.5,20.0,burp_ti,BURP,64,5,3.363726701591757,0.8314325312,false,-1.473417293685122,-1.0729529679129923,0.0006275035912832738,0.0005844960931564176,0.08355433156526093,0.0778277304617758,true,561,1.3243692516252853e-11,0.9999999999867564,0.5000000000000961,0.0004963063226798343,0.0019430913169818833,true,true,,,,,,results/diblock_stress_free_lamella_comparison/summary.csv,canonical-own-cell-burp_ti,,,,
lamellar-cell-stress-mechanism-v2,f0.5_chiN20,0.5,20.0,burp_ti,BURP,64,5,3.463119313369661,0.856,false,-1.5101631388244972,-1.068149487139833,0.00543098436444267,0.005058758526813461,0.24650103063017514,0.2296064777377924,true,265,1.4086023624628048e-7,0.9999998591398475,0.5000000000000001,0.00047769694838352693,0.0010274538782858828,true,true,,,,,,results/diblock_stress_free_lamella_comparison/summary.csv,canonical-own-cell-burp_ti,,,,
lamellar-cell-stress-mechanism-v2,f0.5_chiN20,0.5,20.0,burp_ti,BURP,64,5,3.5763989170780146,0.884,false,-1.5437182435284504,-1.057298721687237,0.01628174981703867,0.01516584014817731,0.42673721638297746,0.39748973431404105,true,432,0.00043160230810573315,0.999568397717617,0.5000000000000001,0.0004757684500633548,0.0016251829714407663,true,true,,,,,,results/diblock_stress_free_lamella_comparison/summary.csv,canonical-own-cell-burp_ti,,,,
lamellar-cell-stress-mechanism-v2,f0.5_chiN20,0.5,20.0,burp_ti,BURP,64,5,3.6896785207863685,0.912,false,-1.5685782762131275,-1.041341779965615,0.03223869153866055,0.030029133720631537,0.5962176860707658,0.5553544442135386,true,219,0.002583816093493956,0.9974161838637877,0.49999999999999994,0.0004715358716567445,0.0011655181893275805,true,true,,,,,,results/diblock_stress_free_lamella_comparison/summary.csv,canonical-own-cell-burp_ti,,,,
lamellar-cell-stress-mechanism-v2,f0.5_chiN20,0.5,20.0,burp_ti,BURP,64,5,3.8029581244947215,0.94,false,-1.584901213776916,-1.0208367116813761,0.05274375982289947,0.049128836843498246,0.7595019968392736,0.7074476641467567,true,189,0.005042158731928256,0.9949578412655657,0.5,0.00039068451025787537,0.0006576009139898074,true,true,,,,,,results/diblock_stress_free_lamella_comparison/summary.csv,canonical-own-cell-burp_ti,,,,
lamellar-cell-stress-mechanism-v2,f0.5_chiN20,0.5,20.0,burp_ti,BURP,64,5,3.9162377282030745,0.968,false,-1.5927753139221053,-0.9962333915312669,0.07734707997300871,0.07204590808608116,0.9164797420621595,0.8536665544763586,true,122,0.007831028396411858,0.9921689716166014,0.5000000000000002,0.0003700927152221818,0.0008276031545174748,true,true,,,,,,results/diblock_stress_free_lamella_comparison/summary.csv,canonical-own-cell-burp_ti,,,,
lamellar-cell-stress-mechanism-v2,f0.5_chiN20,0.5,20.0,burp_ti,BURP,64,5,4.029517331911428,0.996,false,-1.5923141944130084,-0.9679465219355595,0.10563394956871608,0.09839406767589977,1.0669252005629515,0.9938008643804792,true,116,0.010974817012919915,0.98902518291327,0.49999999999999983,0.0004972977457218302,0.0008407208814674767,true,true,,,,,,results/diblock_stress_free_lamella_comparison/summary.csv,canonical-own-cell-burp_ti,,,,
lamellar-cell-stress-mechanism-v2,f0.5_chiN20,0.5,20.0,burp_ti,BURP,64,5,4.142796935619782,1.024,false,-1.5836603025927163,-0.936362493150638,0.13721797835363758,0.1278134075607495,1.2107589243717798,1.1277765910507789,true,114,0.014477900122114702,0.985522099943558,0.5000000000000001,0.0003910290497070821,0.0007336862949524224,true,true,,,,,,results/diblock_stress_free_lamella_comparison/summary.csv,canonical-own-cell-burp_ti,,,,
lamellar-cell-stress-mechanism-v2,f0.5_chiN20,0.5,20.0,burp_ti,BURP,64,5,4.256076539328135,1.052,false,-1.5669885009054356,-0.901845214614719,0.1717352568895566,0.15996495972856623,1.347451887923623,1.2551009669872304,true,97,0.018393309014716124,0.9816066909465689,0.5,0.0004592561856616924,0.0009668125757673749,true,true,,,,,,results/diblock_stress_free_lamella_comparison/summary.csv,canonical-own-cell-burp_ti,,,,
lamellar-cell-stress-mechanism-v2,f0.5_chiN20,0.5,20.0,burp_ti,BURP,64,5,4.369356143036489,1.08,false,-1.5425101108407357,-0.8647412961896824,0.20883917531459317,0.1945258700747161,1.4765898617621898,1.3753881529655871,true,112,0.02266880967314611,0.9773311903598508,0.49999999999999994,0.0004398641477167837,0.0009154442787351806,true,true,,,,,,results/diblock_stress_free_lamella_comparison/summary.csv,canonical-own-cell-burp_ti,,,,
lamellar-cell-stress-mechanism-v2,f0.5_chiN20,0.5,20.0,bvk2_fixed,PRM,256,3,3.2365601059529547,0.8,false,-1.2679416064952498,-0.9596021262962707,0.09398247115084934,0.08920258646393735,-0.9152110367381326,-0.8686640246599349,true,80,0.02157266329460225,0.9784273367053793,0.49999999999957523,2.021520822224885e-9,3.297650418437139e-9,true,true,,,,,,results/bvk2_fixed_stiffness_figure6_nx256/f0.5_chiN20/root.csv,root_sha256=6b49ad2145cc770032af01e14b1831c249a89377f7b77f1411c102c251db47fe|profile_sha256=347f4f3f68f758f72bb14ace6fe0731ad44b108be02b06fb54fe3fb19cd2d93d|adaptive=false|nx=256|oversample=2|sensor_filter_ratio=12.0|c2=0.16,false,2,12.0,ud-theta-spectral-fixed-k-physical-sensor-filter-oversampled-v2
lamellar-cell-stress-mechanism-v2,f0.5_chiN20,0.5,20.0,bvk2_fixed,PRM,256,3,3.3498397096613077,0.828,false,-1.352071076857198,-0.9886694652056551,0.06491513224146495,0.06161359268041413,-0.7733292049593683,-0.7339982065352678,true,79,0.019377902431550895,0.9806220975686565,0.5000000000003729,1.2652163532348055e-10,3.9887959839218485e-10,true,true,,,,,,results/bvk2_fixed_stiffness_figure6_nx256/f0.5_chiN20/root.csv,root_sha256=6b49ad2145cc770032af01e14b1831c249a89377f7b77f1411c102c251db47fe|profile_sha256=347f4f3f68f758f72bb14ace6fe0731ad44b108be02b06fb54fe3fb19cd2d93d|adaptive=false|nx=256|oversample=2|sensor_filter_ratio=12.0|c2=0.16,false,2,12.0,ud-theta-spectral-fixed-k-physical-sensor-filter-oversampled-v2
lamellar-cell-stress-mechanism-v2,f0.5_chiN20,0.5,20.0,bvk2_fixed,PRM,256,3,3.463119313369661,0.856,false,-1.4307803361249243,-1.0120014473609826,0.041583150086137444,0.03946825929962831,-0.6285624737815521,-0.5965942130366991,true,114,0.017556555918415657,0.9824434440818206,0.4999999999990919,4.178743103026528e-10,1.025815398714894e-9,true,true,,,,,,results/bvk2_fixed_stiffness_figure6_nx256/f0.5_chiN20/root.csv,root_sha256=6b49ad2145cc770032af01e14b1831c249a89377f7b77f1411c102c251db47fe|profile_sha256=347f4f3f68f758f72bb14ace6fe0731ad44b108be02b06fb54fe3fb19cd2d93d|adaptive=false|nx=256|oversample=2|sensor_filter_ratio=12.0|c2=0.16,false,2,12.0,ud-theta-spectral-fixed-k-physical-sensor-filter-oversampled-v2
lamellar-cell-stress-mechanism-v2,f0.5_chiN20,0.5,20.0,bvk2_fixed,PRM,256,3,3.5763989170780146,0.884,false,-1.5036910228853704,-1.0298839201870034,0.02370067726011671,0.022495276902817725,-0.48147063243145394,-0.4569833628909132,true,91,0.01604462018028193,0.9839553798187913,0.5000000000000069,3.0054920301580245e-9,5.577410159583673e-9,true,true,,,,,,results/bvk2_fixed_stiffness_figure6_nx256/f0.5_chiN20/root.csv,root_sha256=6b49ad2145cc770032af01e14b1831c249a89377f7b77f1411c102c251db47fe|profile_sha256=347f4f3f68f758f72bb14ace6fe0731ad44b108be02b06fb54fe3fb19cd2d93d|adaptive=false|nx=256|oversample=2|sensor_filter_ratio=12.0|c2=0.16,false,2,12.0,ud-theta-spectral-fixed-k-physical-sensor-filter-oversampled-v2
lamellar-cell-stress-mechanism-v2,f0.5_chiN20,0.5,20.0,bvk2_fixed,PRM,256,3,3.6896785207863685,0.912,false,-1.5704598224685005,-1.0425908937372197,0.010993703709900382,0.010434571401801611,-0.33245734574869634,-0.3155487908177991,true,70,0.014791800560231664,0.9852081994395162,0.49999999999903005,2.411217597992952e-9,5.594478725964788e-9,true,true,,,,,,results/bvk2_fixed_stiffness_figure6_nx256/f0.5_chiN20/root.csv,root_sha256=6b49ad2145cc770032af01e14b1831c249a89377f7b77f1411c102c251db47fe|profile_sha256=347f4f3f68f758f72bb14ace6fe0731ad44b108be02b06fb54fe3fb19cd2d93d|adaptive=false|nx=256|oversample=2|sensor_filter_ratio=12.0|c2=0.16,false,2,12.0,ud-theta-spectral-fixed-k-physical-sensor-filter-oversampled-v2
lamellar-cell-stress-mechanism-v2,f0.5_chiN20,0.5,20.0,bvk2_fixed,PRM,256,3,3.8029581244947215,0.94,false,-1.6307716731497963,-1.0503819278137654,0.0032026696333546933,0.003039784029792099,-0.1818130889436198,-0.17256619865567568,true,83,0.013758521769227693,0.9862414782307464,0.49999999999943157,2.38992930352041e-10,6.517395497953931e-10,true,true,,,,,,results/bvk2_fixed_stiffness_figure6_nx256/f0.5_chiN20/root.csv,root_sha256=6b49ad2145cc770032af01e14b1831c249a89377f7b77f1411c102c251db47fe|profile_sha256=347f4f3f68f758f72bb14ace6fe0731ad44b108be02b06fb54fe3fb19cd2d93d|adaptive=false|nx=256|oversample=2|sensor_filter_ratio=12.0|c2=0.16,false,2,12.0,ud-theta-spectral-fixed-k-physical-sensor-filter-oversampled-v2
lamellar-cell-stress-mechanism-v2,f0.5_chiN20,0.5,20.0,bvk2_fixed,PRM,256,3,3.879210547247953,0.9588477693,false,-1.6675862945928055,-1.0529811347076115,0.0006034627395086201,0.0005727710342110502,-0.0795984478546703,-0.07555012482864755,true,63,0.013170730594222213,0.9868292694057478,0.500000000000787,2.6832047981372302e-11,8.655313889103299e-11,true,true,,,,,,results/bvk2_fixed_stiffness_figure6_nx256/f0.5_chiN20/root.csv,root_sha256=6b49ad2145cc770032af01e14b1831c249a89377f7b77f1411c102c251db47fe|profile_sha256=347f4f3f68f758f72bb14ace6fe0731ad44b108be02b06fb54fe3fb19cd2d93d|adaptive=false|nx=256|oversample=2|sensor_filter_ratio=12.0|c2=0.16,false,2,12.0,ud-theta-spectral-fixed-k-physical-sensor-filter-oversampled-v2
lamellar-cell-stress-mechanism-v2,f0.5_chiN20,0.5,20.0,bvk2_fixed,PRM,256,3,3.9162377282030745,0.968,false,-1.6843346120627183,-1.053500998151962,8.359929515799891e-5,7.93474917539261e-5,-0.029747356067400865,-0.02823442573048236,true,62,0.01291371915507281,0.9870862808452119,0.49999999999982,1.1349587608540452e-10,2.808088868943009e-10,true,true,,,,,,results/bvk2_fixed_stiffness_figure6_nx256/f0.5_chiN20/root.csv,root_sha256=6b49ad2145cc770032af01e14b1831c249a89377f7b77f1411c102c251db47fe|profile_sha256=347f4f3f68f758f72bb14ace6fe0731ad44b108be02b06fb54fe3fb19cd2d93d|adaptive=false|nx=256|oversample=2|sensor_filter_ratio=12.0|c2=0.16,false,2,12.0,ud-theta-spectral-fixed-k-physical-sensor-filter-oversampled-v2
lamellar-cell-stress-mechanism-v2,f0.5_chiN20,0.5,20.0,bvk2_fixed,PRM,256,3,3.938284819487791,0.9734495119665264,true,-1.693951255928747,-1.05358459744712,0.0,0.0,-5.558310700592983e-9,-5.2756187913728094e-9,true,0,0.012769049390413666,0.987230950609566,0.4999999999998719,2.92812324224817e-10,8.307924467183601e-10,true,true,,,,,,results/bvk2_fixed_stiffness_figure6_nx256/f0.5_chiN20/root.csv,root_sha256=6b49ad2145cc770032af01e14b1831c249a89377f7b77f1411c102c251db47fe|profile_sha256=347f4f3f68f758f72bb14ace6fe0731ad44b108be02b06fb54fe3fb19cd2d93d|adaptive=false|nx=256|oversample=2|sensor_filter_ratio=12.0|c2=0.16,false,2,12.0,ud-theta-spectral-fixed-k-physical-sensor-filter-oversampled-v2
lamellar-cell-stress-mechanism-v2,f0.5_chiN20,0.5,20.0,bvk2_fixed,PRM,256,3,3.997359091593907,0.9880512546,false,-1.7183924993758573,-1.0529914137932352,0.0005931836538848323,0.0005630147359045883,0.07993606670509834,0.07587057261352036,true,68,0.012410864380143116,0.9875891356197705,0.4999999999995383,4.56106619737095e-10,9.05259212557858e-10,true,true,,,,,,results/bvk2_fixed_stiffness_figure6_nx256/f0.5_chiN20/root.csv,root_sha256=6b49ad2145cc770032af01e14b1831c249a89377f7b77f1411c102c251db47fe|profile_sha256=347f4f3f68f758f72bb14ace6fe0731ad44b108be02b06fb54fe3fb19cd2d93d|adaptive=false|nx=256|oversample=2|sensor_filter_ratio=12.0|c2=0.16,false,2,12.0,ud-theta-spectral-fixed-k-physical-sensor-filter-oversampled-v2
lamellar-cell-stress-mechanism-v2,f0.5_chiN20,0.5,20.0,bvk2_fixed,PRM,256,3,4.029517331911428,0.996,false,-1.7308758941192421,-1.0521763276954528,0.0014082697516673015,0.0013366461080387836,0.12358683837244411,0.11730129566424968,true,64,0.012233203903999719,0.9877667960957495,0.4999999999996376,1.0872149415421913e-9,2.9893649648380908e-9,true,true,,,,,,results/bvk2_fixed_stiffness_figure6_nx256/f0.5_chiN20/root.csv,root_sha256=6b49ad2145cc770032af01e14b1831c249a89377f7b77f1411c102c251db47fe|profile_sha256=347f4f3f68f758f72bb14ace6fe0731ad44b108be02b06fb54fe3fb19cd2d93d|adaptive=false|nx=256|oversample=2|sensor_filter_ratio=12.0|c2=0.16,false,2,12.0,ud-theta-spectral-fixed-k-physical-sensor-filter-oversampled-v2
lamellar-cell-stress-mechanism-v2,f0.5_chiN20,0.5,20.0,bvk2_fixed,PRM,256,3,4.142796935619782,1.024,false,-1.7701391171692706,-1.0466208405063238,0.006963756940796317,0.006609584989824067,0.2780739610108913,0.2639313081120171,true,87,0.011698460931399016,0.9883015390658481,0.5,3.8699541890559335e-9,8.084868054894214e-9,true,true,,,,,,results/bvk2_fixed_stiffness_figure6_nx256/f0.5_chiN20/root.csv,root_sha256=6b49ad2145cc770032af01e14b1831c249a89377f7b77f1411c102c251db47fe|profile_sha256=347f4f3f68f758f72bb14ace6fe0731ad44b108be02b06fb54fe3fb19cd2d93d|adaptive=false|nx=256|oversample=2|sensor_filter_ratio=12.0|c2=0.16,false,2,12.0,ud-theta-spectral-fixed-k-physical-sensor-filter-oversampled-v2
lamellar-cell-stress-mechanism-v2,f0.5_chiN20,0.5,20.0,bvk2_fixed,PRM,256,3,4.256076539328135,1.052,false,-1.8018821618258556,-1.0370330120503795,0.01655158539674062,0.015709782998769923,0.4336208231622123,0.4115671624403905,true,83,0.011295782705329344,0.9887042172948353,0.49999999999978834,1.4712610321057462e-9,2.825033039733088e-9,true,true,,,,,,results/bvk2_fixed_stiffness_figure6_nx256/f0.5_chiN20/root.csv,root_sha256=6b49ad2145cc770032af01e14b1831c249a89377f7b77f1411c102c251db47fe|profile_sha256=347f4f3f68f758f72bb14ace6fe0731ad44b108be02b06fb54fe3fb19cd2d93d|adaptive=false|nx=256|oversample=2|sensor_filter_ratio=12.0|c2=0.16,false,2,12.0,ud-theta-spectral-fixed-k-physical-sensor-filter-oversampled-v2
lamellar-cell-stress-mechanism-v2,f0.5_chiN20,0.5,20.0,bvk2_fixed,PRM,256,3,4.369356143036489,1.08,false,-1.825875812632505,-1.0235979691806665,0.029986628266453597,0.028461528707910556,0.5901440314265738,0.5601297065812443,true,94,0.011015673976982011,0.9889843260232539,0.5000000000007601,6.099053629286466e-9,1.4575272107451854e-8,true,true,,,,,,results/bvk2_fixed_stiffness_figure6_nx256/f0.5_chiN20/root.csv,root_sha256=6b49ad2145cc770032af01e14b1831c249a89377f7b77f1411c102c251db47fe|profile_sha256=347f4f3f68f758f72bb14ace6fe0731ad44b108be02b06fb54fe3fb19cd2d93d|adaptive=false|nx=256|oversample=2|sensor_filter_ratio=12.0|c2=0.16,false,2,12.0,ud-theta-spectral-fixed-k-physical-sensor-filter-oversampled-v2
lamellar-cell-stress-mechanism-v2,f0.5_chiN20,0.5,20.0,bvk2,APRM,256,3,3.2365601059529547,0.8,false,-1.0987245165730464,-0.8315354405252632,0.12546588982895623,0.12546588982895623,-1.0491261588836966,-1.0491261588836966,true,92,0.029467670712711235,0.9705323292869545,0.5000000000000001,1.983627285644358e-8,8.349506355803043e-8,true,true,,,,,,results/bvk2_filtered_period_map_r12_nx256/summary.csv,summary_sha256=07b1f3a4ba60250595d05509ce64b8c1545ad05a2131cd2afe351fc5af9c67ed|profiles_sha256=a9c31d20752aa08b0301b51c7956181cd5e735688620768d6c4aa4d3fb86afce|adaptive=true|nx=256|oversample=2|sensor_filter_ratio=12.0|c2=0.16,true,2,12.0,ud-theta-spectral-adaptive-physical-sensor-filter-oversampled-v2
lamellar-cell-stress-mechanism-v2,f0.5_chiN20,0.5,20.0,bvk2,APRM,256,3,3.3498397096613077,0.828,false,-1.1834201499055415,-0.8653475299836484,0.09165380037057103,0.09165380037057103,-0.914903489571712,-0.914903489571712,true,86,0.026271676933018476,0.9737283230666025,0.49999999999999994,2.8478458529791017e-8,9.373884893336075e-8,true,true,,,,,,results/bvk2_filtered_period_map_r12_nx256/summary.csv,summary_sha256=07b1f3a4ba60250595d05509ce64b8c1545ad05a2131cd2afe351fc5af9c67ed|profiles_sha256=a9c31d20752aa08b0301b51c7956181cd5e735688620768d6c4aa4d3fb86afce|adaptive=true|nx=256|oversample=2|sensor_filter_ratio=12.0|c2=0.16,true,2,12.0,ud-theta-spectral-adaptive-physical-sensor-filter-oversampled-v2
lamellar-cell-stress-mechanism-v2,f0.5_chiN20,0.5,20.0,bvk2,APRM,256,3,3.463119313369661,0.856,false,-1.263219649381339,-0.8934845421282965,0.06351678822592288,0.06351678822592288,-0.7756690411967555,-0.7756690411967555,true,94,0.023616971789545894,0.9763830282099158,0.49999999999999983,1.1276834802471413e-8,4.015682068483103e-8,true,true,,,,,,results/bvk2_filtered_period_map_r12_nx256/summary.csv,summary_sha256=07b1f3a4ba60250595d05509ce64b8c1545ad05a2131cd2afe351fc5af9c67ed|profiles_sha256=a9c31d20752aa08b0301b51c7956181cd5e735688620768d6c4aa4d3fb86afce|adaptive=true|nx=256|oversample=2|sensor_filter_ratio=12.0|c2=0.16,true,2,12.0,ud-theta-spectral-adaptive-physical-sensor-filter-oversampled-v2
lamellar-cell-stress-mechanism-v2,f0.5_chiN20,0.5,20.0,bvk2,APRM,256,3,3.5763989170780146,0.884,false,-1.3376589140172577,-0.9161678731031455,0.0408334572510739,0.0408334572510739,-0.6324560794454297,-0.6324560794454297,true,63,0.021407137308065625,0.9785928626921181,0.5000000000000001,7.044261172708448e-9,2.0545758496696484e-8,true,true,,,,,,results/bvk2_filtered_period_map_r12_nx256/summary.csv,summary_sha256=07b1f3a4ba60250595d05509ce64b8c1545ad05a2131cd2afe351fc5af9c67ed|profiles_sha256=a9c31d20752aa08b0301b51c7956181cd5e735688620768d6c4aa4d3fb86afce|adaptive=true|nx=256|oversample=2|sensor_filter_ratio=12.0|c2=0.16,true,2,12.0,ud-theta-spectral-adaptive-physical-sensor-filter-oversampled-v2
lamellar-cell-stress-mechanism-v2,f0.5_chiN20,0.5,20.0,bvk2,APRM,256,3,3.6896785207863685,0.912,false,-1.4063257411610741,-0.933626184118563,0.023375146235656397,0.023375146235656397,-0.4860371633628693,-0.4860371633628693,true,88,0.019566815569732644,0.9804331844304484,0.5000000000000001,8.81391395289258e-8,2.554607961763227e-7,true,true,,,,,,results/bvk2_filtered_period_map_r12_nx256/summary.csv,summary_sha256=07b1f3a4ba60250595d05509ce64b8c1545ad05a2131cd2afe351fc5af9c67ed|profiles_sha256=a9c31d20752aa08b0301b51c7956181cd5e735688620768d6c4aa4d3fb86afce|adaptive=true|nx=256|oversample=2|sensor_filter_ratio=12.0|c2=0.16,true,2,12.0,ud-theta-spectral-adaptive-physical-sensor-filter-oversampled-v2
lamellar-cell-stress-mechanism-v2,f0.5_chiN20,0.5,20.0,bvk2,APRM,256,3,3.8029581244947215,0.94,false,-1.4688495601449572,-0.9460877068544353,0.010913623499784086,0.010913623499784086,-0.3369920098289303,-0.3369920098289303,true,79,0.018036848840213282,0.981963151159656,0.5,1.0841234419867791e-7,3.212200133951167e-7,true,true,,,,,,results/bvk2_filtered_period_map_r12_nx256/summary.csv,summary_sha256=07b1f3a4ba60250595d05509ce64b8c1545ad05a2131cd2afe351fc5af9c67ed|profiles_sha256=a9c31d20752aa08b0301b51c7956181cd5e735688620768d6c4aa4d3fb86afce|adaptive=true|nx=256|oversample=2|sensor_filter_ratio=12.0|c2=0.16,true,2,12.0,ud-theta-spectral-adaptive-physical-sensor-filter-oversampled-v2
lamellar-cell-stress-mechanism-v2,f0.5_chiN20,0.5,20.0,bvk2,APRM,256,3,3.9162377282030745,0.968,false,-1.5248936054683426,-0.9537754101419749,0.0032259202122445485,0.0032259202122445485,-0.18575837482192425,-0.18575837482192425,true,90,0.016770714445983124,0.9832292855535197,0.5,2.6602048019679147e-8,7.374531052572037e-8,true,true,,,,,,results/bvk2_filtered_period_map_r12_nx256/summary.csv,summary_sha256=07b1f3a4ba60250595d05509ce64b8c1545ad05a2131cd2afe351fc5af9c67ed|profiles_sha256=a9c31d20752aa08b0301b51c7956181cd5e735688620768d6c4aa4d3fb86afce|adaptive=true|nx=256|oversample=2|sensor_filter_ratio=12.0|c2=0.16,true,2,12.0,ud-theta-spectral-adaptive-physical-sensor-filter-oversampled-v2
lamellar-cell-stress-mechanism-v2,f0.5_chiN20,0.5,20.0,bvk2,APRM,256,3,3.9927321331817676,0.9869075815,false,-1.5589165386093702,-0.9563752197259836,0.0006261106282358098,0.0006261106282358098,-0.08256876975693483,-0.08256876975693483,true,82,0.016046199604928136,0.983953800394947,0.5000000000000001,7.112507285233739e-8,2.0328968114504203e-7,true,true,,,,,,results/bvk2_filtered_period_map_r12_nx256/summary.csv,summary_sha256=07b1f3a4ba60250595d05509ce64b8c1545ad05a2131cd2afe351fc5af9c67ed|profiles_sha256=a9c31d20752aa08b0301b51c7956181cd5e735688620768d6c4aa4d3fb86afce|adaptive=true|nx=256|oversample=2|sensor_filter_ratio=12.0|c2=0.16,true,2,12.0,ud-theta-spectral-adaptive-physical-sensor-filter-oversampled-v2
lamellar-cell-stress-mechanism-v2,f0.5_chiN20,0.5,20.0,bvk2,APRM,256,3,4.029517331911428,0.996,false,-1.5741489661267019,-0.9569041223880396,9.72079661798464e-5,9.72079661798464e-5,-0.03267055573029931,-0.03267055573029931,true,87,0.015731904880799064,0.9842680951191696,0.5,3.764931183182998e-8,1.0674065085002558e-7,true,true,,,,,,results/bvk2_filtered_period_map_r12_nx256/summary.csv,summary_sha256=07b1f3a4ba60250595d05509ce64b8c1545ad05a2131cd2afe351fc5af9c67ed|profiles_sha256=a9c31d20752aa08b0301b51c7956181cd5e735688620768d6c4aa4d3fb86afce|adaptive=true|nx=256|oversample=2|sensor_filter_ratio=12.0|c2=0.16,true,2,12.0,ud-theta-spectral-adaptive-physical-sensor-filter-oversampled-v2
lamellar-cell-stress-mechanism-v2,f0.5_chiN20,0.5,20.0,bvk2,APRM,256,3,4.053535160581758,1.0019366309622748,true,-1.583692502793112,-0.9570013303542194,0.0,0.0,-1.0050154042318127e-9,-1.0050154042318127e-9,true,2,0.015538037553374675,0.9844619624577156,0.49999999999992495,1.7555457985881804e-6,5.065806203283399e-6,true,true,,,,,,results/bvk2_filtered_period_map_r12_nx256/summary.csv,summary_sha256=07b1f3a4ba60250595d05509ce64b8c1545ad05a2131cd2afe351fc5af9c67ed|profiles_sha256=a9c31d20752aa08b0301b51c7956181cd5e735688620768d6c4aa4d3fb86afce|adaptive=true|nx=256|oversample=2|sensor_filter_ratio=12.0|c2=0.16,true,2,12.0,ud-theta-spectral-adaptive-physical-sensor-filter-oversampled-v2
lamellar-cell-stress-mechanism-v2,f0.5_chiN20,0.5,20.0,bvk2,APRM,256,3,4.114338187882428,1.0169656804,false,-1.6064133599513426,-0.9563854180630421,0.0006159122911773007,0.0006159122911773007,0.08301331428994474,0.08301331428994474,true,94,0.015085593789445816,0.984914406210276,0.49999999999999994,3.9098557928764585e-8,1.0905172769410684e-7,true,true,,,,,,results/bvk2_filtered_period_map_r12_nx256/summary.csv,summary_sha256=07b1f3a4ba60250595d05509ce64b8c1545ad05a2131cd2afe351fc5af9c67ed|profiles_sha256=a9c31d20752aa08b0301b51c7956181cd5e735688620768d6c4aa4d3fb86afce|adaptive=true|nx=256|oversample=2|sensor_filter_ratio=12.0|c2=0.16,true,2,12.0,ud-theta-spectral-adaptive-physical-sensor-filter-oversampled-v2
lamellar-cell-stress-mechanism-v2,f0.5_chiN20,0.5,20.0,bvk2,APRM,256,3,4.142796935619782,1.024,false,-1.6163300978198831,-0.9556789910508181,0.0013223393034013098,0.0013223393034013098,0.12201102602986036,0.12201102602986036,true,87,0.014892000766221629,0.985107999233883,0.5000000000000002,6.406488652807469e-8,1.8388124876474884e-7,true,true,,,,,,results/bvk2_filtered_period_map_r12_nx256/summary.csv,summary_sha256=07b1f3a4ba60250595d05509ce64b8c1545ad05a2131cd2afe351fc5af9c67ed|profiles_sha256=a9c31d20752aa08b0301b51c7956181cd5e735688620768d6c4aa4d3fb86afce|adaptive=true|nx=256|oversample=2|sensor_filter_ratio=12.0|c2=0.16,true,2,12.0,ud-theta-spectral-adaptive-physical-sensor-filter-oversampled-v2
lamellar-cell-stress-mechanism-v2,f0.5_chiN20,0.5,20.0,bvk2,APRM,256,3,4.256076539328135,1.052,false,-1.6511714981270547,-0.9502948574502429,0.006706472903976524,0.006706472903976524,0.27807663577000863,0.27807663577000863,true,78,0.014229266719903832,0.9857707332806307,0.49999999999999983,1.5399502321247445e-8,3.594985504240519e-8,true,true,,,,,,results/bvk2_filtered_period_map_r12_nx256/summary.csv,summary_sha256=07b1f3a4ba60250595d05509ce64b8c1545ad05a2131cd2afe351fc5af9c67ed|profiles_sha256=a9c31d20752aa08b0301b51c7956181cd5e735688620768d6c4aa4d3fb86afce|adaptive=true|nx=256|oversample=2|sensor_filter_ratio=12.0|c2=0.16,true,2,12.0,ud-theta-spectral-adaptive-physical-sensor-filter-oversampled-v2
lamellar-cell-stress-mechanism-v2,f0.5_chiN20,0.5,20.0,bvk2,APRM,256,3,4.369356143036489,1.08,false,-1.6784253312101223,-0.9409362611420157,0.016065069212203742,0.016065069212203742,0.4353484893636188,0.4353484893636188,true,95,0.013727653304856443,0.9862723466952256,0.5000000000000002,4.667666116171998e-9,1.1450397577494999e-8,true,true,,,,,,results/bvk2_filtered_period_map_r12_nx256/summary.csv,summary_sha256=07b1f3a4ba60250595d05509ce64b8c1545ad05a2131cd2afe351fc5af9c67ed|profiles_sha256=a9c31d20752aa08b0301b51c7956181cd5e735688620768d6c4aa4d3fb86afce|adaptive=true|nx=256|oversample=2|sensor_filter_ratio=12.0|c2=0.16,true,2,12.0,ud-theta-spectral-adaptive-physical-sensor-filter-oversampled-v2
lamellar-cell-stress-mechanism-v2,f0.35_chiN30,0.35,30.0,uneyama_doi,Uneyama-Doi,64,5,3.5542698960054064,0.8,false,-2.2739487502819467,-1.5671331391266359,0.013025032531250647,0.008242866293305885,-0.3769904252015621,-0.23857765125248662,true,41,0.02365189662868315,0.9610063292750082,0.3499999999999682,0.0003960568591638724,0.000887198592871008,true,true,,,,,,results/diblock_stress_free_lamella_comparison/summary.csv,canonical-own-cell-uneyama_doi,,,,
lamellar-cell-stress-mechanism-v2,f0.35_chiN30,0.35,30.0,uneyama_doi,Uneyama-Doi,64,5,3.678669342365595,0.828,false,-2.3681909439801245,-1.5768906869191568,0.0032674847387297312,0.0020678213088639844,-0.189766263944402,-0.12009320797632625,true,47,0.02538769556915151,0.9627088945275585,0.3500000000001541,0.00039067211041788214,0.0009055172802394651,true,true,,,,,,results/diblock_stress_free_lamella_comparison/summary.csv,canonical-own-cell-uneyama_doi,,,,
lamellar-cell-stress-mechanism-v2,f0.35_chiN30,0.35,30.0,uneyama_doi,Uneyama-Doi,64,5,3.7535578934883396,0.844856019,false,-2.4205511294849753,-1.579598698568495,0.0005594730893914157,0.00035406144740840847,-0.07880884714428493,-0.04987402435896621,true,40,0.02642179362083503,0.9635274322558299,0.3500000000004898,0.00032179371127018073,0.0008649215960696566,true,true,,,,,,results/diblock_stress_free_lamella_comparison/summary.csv,canonical-own-cell-uneyama_doi,,,,
lamellar-cell-stress-mechanism-v2,f0.35_chiN30,0.35,30.0,uneyama_doi,Uneyama-Doi,64,5,3.8030687887257844,0.856,false,-2.4533455304676037,-1.5801567224338349,1.4492240516528199e-6,9.171385989367812e-7,-0.006321558437272223,-0.004000585859477413,true,38,0.0270816954151517,0.9639955823102464,0.35000000000054143,0.0004891680001215894,0.0011052400767117554,true,true,,,,,,results/diblock_stress_free_lamella_comparison/summary.csv,canonical-own-cell-uneyama_doi,,,,
lamellar-cell-stress-mechanism-v2,f0.35_chiN30,0.35,30.0,uneyama_doi,Uneyama-Doi,64,5,3.8107186734824214,0.8577218466757934,true,-2.458282697257067,-1.5801581716578865,0.0,0.0,0.004844930979741591,0.00306610506887316,true,37,0.02718517636051675,0.9640619423639241,0.3500000000001983,0.00029908258141378283,0.0006082261354074525,true,true,,,,,,results/diblock_stress_free_lamella_comparison/summary.csv,canonical-own-cell-uneyama_doi,,,,
lamellar-cell-stress-mechanism-v2,f0.35_chiN30,0.35,30.0,uneyama_doi,Uneyama-Doi,64,5,3.8678794536915957,0.8705876744,false,-2.4940708072266142,-1.5794703359345355,0.0006878357233510712,0.0004352954885708693,0.08756001659837587,0.0554121847855957,true,35,0.02798817062769746,0.9645218620639296,0.3500000000000002,0.0004120799729665996,0.0011261864267950727,true,true,,,,,,results/diblock_stress_free_lamella_comparison/summary.csv,canonical-own-cell-uneyama_doi,,,,
lamellar-cell-stress-mechanism-v2,f0.35_chiN30,0.35,30.0,uneyama_doi,Uneyama-Doi,64,5,3.9274682350859735,0.884,false,-2.5293040115884957,-1.577480417898464,0.0026777537594224743,0.001694611215162721,0.17272739482931954,0.10931019307269452,true,42,0.028761870150578205,0.964923611737844,0.34999999999990566,0.00041280246882284934,0.000926878426836808,true,true,,,,,,results/diblock_stress_free_lamella_comparison/summary.csv,canonical-own-cell-uneyama_doi,,,,
lamellar-cell-stress-mechanism-v2,f0.35_chiN30,0.35,30.0,uneyama_doi,Uneyama-Doi,64,5,4.051867681446163,0.912,false,-2.5960213135848944,-1.569381845510594,0.010776326147292625,0.006819776868277819,0.34665693777413686,0.21938116322268408,true,43,0.030423182932040854,0.965542167616094,0.35000000000003256,0.00025705948543896747,0.0006860486658746279,true,true,,,,,,results/diblock_stress_free_lamella_comparison/summary.csv,canonical-own-cell-uneyama_doi,,,,
lamellar-cell-stress-mechanism-v2,f0.35_chiN30,0.35,30.0,uneyama_doi,Uneyama-Doi,64,5,4.176267127806352,0.94,false,-2.653513716679357,-1.5563550971306397,0.023803074527246837,0.01506372903307071,0.5147268668748151,0.325743888243016,true,40,0.03210166535219064,0.9658931639414273,0.35000000000051357,0.00037171845005327654,0.0011398067538941348,true,true,,,,,,results/diblock_stress_free_lamella_comparison/summary.csv,canonical-own-cell-uneyama_doi,,,,
lamellar-cell-stress-mechanism-v2,f0.35_chiN30,0.35,30.0,uneyama_doi,Uneyama-Doi,64,5,4.3006665741665415,0.968,false,-2.701858176250732,-1.538871655137231,0.041286516520655514,0.02612809101087526,0.6762086474515483,0.4279373163903439,true,36,0.03364873214776377,0.9660098152919276,0.35000000000004994,0.0004209800638116063,0.0008566865477088736,true,true,,,,,,results/diblock_stress_free_lamella_comparison/summary.csv,canonical-own-cell-uneyama_doi,,,,
lamellar-cell-stress-mechanism-v2,f0.35_chiN30,0.35,30.0,uneyama_doi,Uneyama-Doi,64,5,4.425066020526731,0.996,false,-2.741192949503076,-1.5173839173586154,0.06277425429927108,0.03972656372330686,0.8303499045458906,0.5254853086477385,true,30,0.03519968315328414,0.965924054453755,0.34999999999999976,0.0003763762105856619,0.0008758304057236987,true,true,,,,,,results/diblock_stress_free_lamella_comparison/summary.csv,canonical-own-cell-uneyama_doi,,,,
lamellar-cell-stress-mechanism-v2,f0.35_chiN30,0.35,30.0,uneyama_doi,Uneyama-Doi,64,5,4.54946546688692,1.024,false,-2.771719551652983,-1.4923288595245254,0.08782931213336109,0.05558260793678106,0.9763246749383558,0.6178651558115891,true,34,0.03675183569662954,0.965662778026668,0.35,0.000395936878955141,0.0009708724699764026,true,true,,,,,,results/diblock_stress_free_lamella_comparison/summary.csv,canonical-own-cell-uneyama_doi,,,,
lamellar-cell-stress-mechanism-v2,f0.35_chiN30,0.35,30.0,uneyama_doi,Uneyama-Doi,64,5,4.673864913247109,1.052,false,-2.79370616047407,-1.4641318718981147,0.11602629975977186,0.07342701625751692,1.1131828903027108,0.7044756090048695,true,37,0.03814650665041113,0.9652490995628075,0.3500000000001487,0.00034678434853601867,0.0007872992322259798,true,true,,,,,,results/diblock_stress_free_lamella_comparison/summary.csv,canonical-own-cell-uneyama_doi,,,,
lamellar-cell-stress-mechanism-v2,f0.35_chiN30,0.35,30.0,uneyama_doi,Uneyama-Doi,64,5,4.798264359607298,1.08,false,-2.807492737925957,-1.433210875661448,0.14694729599643863,0.09299530808505263,1.2398723923262578,0.7846508119028336,true,36,0.039574477457751035,0.9647080054688992,0.3500000000006768,0.0003822880822013242,0.0009665102003317827,true,true,,,,,,results/diblock_stress_free_lamella_comparison/summary.csv,canonical-own-cell-uneyama_doi,,,,
lamellar-cell-stress-mechanism-v2,f0.35_chiN30,0.35,30.0,liu2019_opf,OPF,128,5,3.5542698960054064,0.8,false,-0.2566899383119927,-0.1769025395841567,0.005659323069156258,0.005659323069156258,-0.02367617254457273,-0.02367617254457273,true,96,-0.06074649231761442,0.9411699765737294,0.35000000000000003,5.009141304388782e-6,1.1738178546077949e-5,true,true,-1.0,-0.7018867082139872,1.9677104818829891,0.03361342195653107,0.26433097877639294,results/liu2019_stress_free_period_map/summary.csv,summary_sha256=2950f7d21ea03001a1851c3ac45a8268fb609f22f138ebe6be0054797bbc8154|profiles_sha256=a9c31d20752aa08b0301b51c7956181cd5e735688620768d6c4aa4d3fb86afce|mapping=Liu2019_Eq18_c2_fixed_-1,,,,
lamellar-cell-stress-mechanism-v2,f0.35_chiN30,0.35,30.0,liu2019_opf,OPF,128,5,3.678669342365595,0.828,false,-0.2684122677023207,-0.17872579331938926,0.0038360693339236918,0.0038360693339236918,-0.01958792352422973,-0.01958792352422973,true,97,-0.05904918166765649,0.940964981255862,0.35,4.291525588505237e-6,1.0453150224742913e-5,true,true,-1.0,-0.7018867082139872,1.9677104818829891,0.03361342195653107,0.26433097877639294,results/liu2019_stress_free_period_map/summary.csv,summary_sha256=2950f7d21ea03001a1851c3ac45a8268fb609f22f138ebe6be0054797bbc8154|profiles_sha256=a9c31d20752aa08b0301b51c7956181cd5e735688620768d6c4aa4d3fb86afce|mapping=Liu2019_Eq18_c2_fixed_-1,,,,
lamellar-cell-stress-mechanism-v2,f0.35_chiN30,0.35,30.0,liu2019_opf,OPF,128,5,3.8030687887257844,0.856,false,-0.27971364441947866,-0.18015864055711045,0.002403222096202501,0.002403222096202501,-0.015580196341881996,-0.015580196341881996,true,100,-0.05739423322230469,0.9405045603602119,0.3500000000000001,6.3486001336662296e-6,1.5672909987635153e-5,true,true,-1.0,-0.7018867082139872,1.9677104818829891,0.03361342195653107,0.26433097877639294,results/liu2019_stress_free_period_map/summary.csv,summary_sha256=2950f7d21ea03001a1851c3ac45a8268fb609f22f138ebe6be0054797bbc8154|profiles_sha256=a9c31d20752aa08b0301b51c7956181cd5e735688620768d6c4aa4d3fb86afce|mapping=Liu2019_Eq18_c2_fixed_-1,,,,
lamellar-cell-stress-mechanism-v2,f0.35_chiN30,0.35,30.0,liu2019_opf,OPF,128,5,3.9274682350859735,0.884,false,-0.29058459743364295,-0.18123227184010723,0.0013295908132057166,0.0013295908132057166,-0.011645621777047095,-0.011645621777047095,true,97,-0.055766286152657385,0.9398245967069769,0.3499999999999999,4.414752868953284e-6,9.310233777592991e-6,true,true,-1.0,-0.7018867082139872,1.9677104818829891,0.03361342195653107,0.26433097877639294,results/liu2019_stress_free_period_map/summary.csv,summary_sha256=2950f7d21ea03001a1851c3ac45a8268fb609f22f138ebe6be0054797bbc8154|profiles_sha256=a9c31d20752aa08b0301b51c7956181cd5e735688620768d6c4aa4d3fb86afce|mapping=Liu2019_Eq18_c2_fixed_-1,,,,
lamellar-cell-stress-mechanism-v2,f0.35_chiN30,0.35,30.0,liu2019_opf,OPF,128,5,4.051867681446163,0.912,false,-0.3010163340344938,-0.18197445736049372,0.0005874052928192264,0.0005874052928192264,-0.007778411903801217,-0.007778411903801217,true,97,-0.05417556643909893,0.9389573162632777,0.3499999999999999,4.316789280976033e-6,8.928428297999558e-6,true,true,-1.0,-0.7018867082139872,1.9677104818829891,0.03361342195653107,0.26433097877639294,results/liu2019_stress_free_period_map/summary.csv,summary_sha256=2950f7d21ea03001a1851c3ac45a8268fb609f22f138ebe6be0054797bbc8154|profiles_sha256=a9c31d20752aa08b0301b51c7956181cd5e735688620768d6c4aa4d3fb86afce|mapping=Liu2019_Eq18_c2_fixed_-1,,,,
lamellar-cell-stress-mechanism-v2,f0.35_chiN30,0.35,30.0,liu2019_opf,OPF,128,5,4.176267127806352,0.94,false,-0.311000717773681,-0.1824100434363213,0.00015181921699164436,0.00015181921699164436,-0.003973567330160183,-0.003973567330160183,true,97,-0.05260287447318296,0.9379271618165362,0.35,4.557485516729598e-6,1.2580266413292351e-5,true,true,-1.0,-0.7018867082139872,1.9677104818829891,0.03361342195653107,0.26433097877639294,results/liu2019_stress_free_period_map/summary.csv,summary_sha256=2950f7d21ea03001a1851c3ac45a8268fb609f22f138ebe6be0054797bbc8154|profiles_sha256=a9c31d20752aa08b0301b51c7956181cd5e735688620768d6c4aa4d3fb86afce|mapping=Liu2019_Eq18_c2_fixed_-1,,,,
lamellar-cell-stress-mechanism-v2,f0.35_chiN30,0.35,30.0,liu2019_opf,OPF,128,5,4.243646629788124,0.9551658718,false,-0.3162191953397061,-0.18252596010672856,3.590254658439318e-5,3.590254658439318e-5,-0.0019373283780872064,-0.0019373283780872064,true,98,-0.05175790446576539,0.9373086313744668,0.35,4.3525534296204635e-6,9.816484847213758e-6,true,true,-1.0,-0.7018867082139872,1.9677104818829891,0.03361342195653107,0.26433097877639294,results/liu2019_stress_free_period_map/summary.csv,summary_sha256=2950f7d21ea03001a1851c3ac45a8268fb609f22f138ebe6be0054797bbc8154|profiles_sha256=a9c31d20752aa08b0301b51c7956181cd5e735688620768d6c4aa4d3fb86afce|mapping=Liu2019_Eq18_c2_fixed_-1,,,,
lamellar-cell-stress-mechanism-v2,f0.35_chiN30,0.35,30.0,liu2019_opf,OPF,128,5,4.3006665741665415,0.968,false,-0.3205302613125374,-0.1825613713122667,4.913410462381584e-7,4.913410462381584e-7,-0.00022717831563085858,-0.00022717831563085858,true,97,-0.05105341531813096,0.9367548459691261,0.35000000000000003,3.4905167331528377e-6,9.802171418188399e-6,true,true,-1.0,-0.7018867082139872,1.9677104818829891,0.03361342195653107,0.26433097877639294,results/liu2019_stress_free_period_map/summary.csv,summary_sha256=2950f7d21ea03001a1851c3ac45a8268fb609f22f138ebe6be0054797bbc8154|profiles_sha256=a9c31d20752aa08b0301b51c7956181cd5e735688620768d6c4aa4d3fb86afce|mapping=Liu2019_Eq18_c2_fixed_-1,,,,
lamellar-cell-stress-mechanism-v2,f0.35_chiN30,0.35,30.0,liu2019_opf,OPF,128,5,4.308270690077157,0.9697115449604232,true,-0.3210978630600376,-0.18256186265331295,0.0,0.0,3.2043350761946326e-9,3.2043350761946326e-9,true,97,-0.05095668787605667,0.9366789443342064,0.35000000000000003,3.326176693841938e-6,8.663027805111412e-6,true,true,-1.0,-0.7018867082139872,1.9677104818829891,0.03361342195653107,0.26433097877639294,results/liu2019_stress_free_period_map/summary.csv,summary_sha256=2950f7d21ea03001a1851c3ac45a8268fb609f22f138ebe6be0054797bbc8154|profiles_sha256=a9c31d20752aa08b0301b51c7956181cd5e735688620768d6c4aa4d3fb86afce|mapping=Liu2019_Eq18_c2_fixed_-1,,,,
lamellar-cell-stress-mechanism-v2,f0.35_chiN30,0.35,30.0,liu2019_opf,OPF,128,5,4.372894750273572,0.9842572181,false,-0.3258518214177417,-0.18252684773170905,3.501492160390418e-5,3.501492160390418e-5,0.0019225794110900782,0.0019225794110900782,true,94,-0.05016429056995014,0.9360125893478363,0.3499999999999999,7.849188061204092e-6,2.2932672792269626e-5,true,true,-1.0,-0.7018867082139872,1.9677104818829891,0.03361342195653107,0.26433097877639294,results/liu2019_stress_free_period_map/summary.csv,summary_sha256=2950f7d21ea03001a1851c3ac45a8268fb609f22f138ebe6be0054797bbc8154|profiles_sha256=a9c31d20752aa08b0301b51c7956181cd5e735688620768d6c4aa4d3fb86afce|mapping=Liu2019_Eq18_c2_fixed_-1,,,,
lamellar-cell-stress-mechanism-v2,f0.35_chiN30,0.35,30.0,liu2019_opf,OPF,128,5,4.425066020526731,0.996,false,-0.32959812945498623,-0.1824486309572415,0.0001132316960714419,0.0001132316960714419,0.003463853241507939,0.003463853241507939,true,93,-0.04952971986971688,0.9354541815908776,0.35,7.385127001202873e-6,2.0183969493936527e-5,true,true,-1.0,-0.7018867082139872,1.9677104818829891,0.03361342195653107,0.26433097877639294,results/liu2019_stress_free_period_map/summary.csv,summary_sha256=2950f7d21ea03001a1851c3ac45a8268fb609f22f138ebe6be0054797bbc8154|profiles_sha256=a9c31d20752aa08b0301b51c7956181cd5e735688620768d6c4aa4d3fb86afce|mapping=Liu2019_Eq18_c2_fixed_-1,,,,
lamellar-cell-stress-mechanism-v2,f0.35_chiN30,0.35,30.0,liu2019_opf,OPF,128,5,4.54946546688692,1.024,false,-0.33819814944486837,-0.18209016072833686,0.00047170192497608676,0.00047170192497608676,0.007101296761627869,0.007101296761627869,true,93,-0.04802718573713505,0.9340459689132823,0.35,6.9430095136798095e-6,1.5830586263115842e-5,true,true,-1.0,-0.7018867082139872,1.9677104818829891,0.03361342195653107,0.26433097877639294,results/liu2019_stress_free_period_map/summary.csv,summary_sha256=2950f7d21ea03001a1851c3ac45a8268fb609f22f138ebe6be0054797bbc8154|profiles_sha256=a9c31d20752aa08b0301b51c7956181cd5e735688620768d6c4aa4d3fb86afce|mapping=Liu2019_Eq18_c2_fixed_-1,,,,
lamellar-cell-stress-mechanism-v2,f0.35_chiN30,0.35,30.0,liu2019_opf,OPF,128,5,4.673864913247109,1.052,false,-0.3463248263446068,-0.1815027018427284,0.0010591608105845474,0.0010591608105845474,0.01068667234008749,0.01068667234008749,true,97,-0.0465372481197035,0.9325412132826303,0.3499999999999998,4.5796537437886105e-6,1.1654914635422786e-5,true,true,-1.0,-0.7018867082139872,1.9677104818829891,0.03361342195653107,0.26433097877639294,results/liu2019_stress_free_period_map/summary.csv,summary_sha256=2950f7d21ea03001a1851c3ac45a8268fb609f22f138ebe6be0054797bbc8154|profiles_sha256=a9c31d20752aa08b0301b51c7956181cd5e735688620768d6c4aa4d3fb86afce|mapping=Liu2019_Eq18_c2_fixed_-1,,,,
lamellar-cell-stress-mechanism-v2,f0.35_chiN30,0.35,30.0,liu2019_opf,OPF,128,5,4.798264359607298,1.08,false,-0.3539733625210737,-0.1807016153617687,0.0018602472915442425,0.0018602472915442425,0.014220585521786717,0.014220585521786717,true,92,-0.0450445284473418,0.9309448366826614,0.35,4.897502455026838e-6,1.2840968331317981e-5,true,true,-1.0,-0.7018867082139872,1.9677104818829891,0.03361342195653107,0.26433097877639294,results/liu2019_stress_free_period_map/summary.csv,summary_sha256=2950f7d21ea03001a1851c3ac45a8268fb609f22f138ebe6be0054797bbc8154|profiles_sha256=a9c31d20752aa08b0301b51c7956181cd5e735688620768d6c4aa4d3fb86afce|mapping=Liu2019_Eq18_c2_fixed_-1,,,,
lamellar-cell-stress-mechanism-v2,f0.35_chiN30,0.35,30.0,burp_ti,BURP,64,5,3.5542698960054064,0.8,false,-3.0710344013108237,-2.1164592126781185,0.0023762137133642725,0.0011214715799853893,-0.17704372986759864,-0.08355709351580734,true,2851,9.999999999920157e-11,0.9999999999,0.35,0.0004203291005325633,0.0010480464167338388,true,true,,,,,,results/diblock_stress_free_lamella_comparison/summary.csv,canonical-own-cell-burp_ti,,,,
lamellar-cell-stress-mechanism-v2,f0.35_chiN30,0.35,30.0,burp_ti,BURP,64,5,3.5981209176578366,0.8098700488,false,-3.1113696738086265,-2.118124508990061,0.0007109174014217068,0.0003355227086383232,-0.09794583813893531,-0.04622626038764302,true,388,9.999999999920157e-11,0.9999999999,0.34999999999999987,0.0004752075465475947,0.0022161242979414726,true,true,,,,,,results/diblock_stress_free_lamella_comparison/summary.csv,canonical-own-cell-burp_ti,,,,
lamellar-cell-stress-mechanism-v2,f0.35_chiN30,0.35,30.0,burp_ti,BURP,64,5,3.652914637177955,0.8222030952198457,true,-3.1598111262316717,-2.118835426391483,0.0,0.0,0.003952491512970724,0.001865407508171637,true,486,9.999999999920157e-11,0.9999999999,0.35,0.00042187342515514044,0.0012227251295242603,true,true,,,,,,results/diblock_stress_free_lamella_comparison/summary.csv,canonical-own-cell-burp_ti,,,,
lamellar-cell-stress-mechanism-v2,f0.35_chiN30,0.35,30.0,burp_ti,BURP,64,5,3.678669342365595,0.828,false,-3.1817957130777357,-2.1186399856757867,0.00019544071569610466,9.223968660414233e-5,0.05165778897975315,0.02438027434142433,true,516,9.999999999920157e-11,0.9999999999,0.35,0.00023464772230224112,0.000658597151120488,true,true,,,,,,results/diblock_stress_free_lamella_comparison/summary.csv,canonical-own-cell-burp_ti,,,,
lamellar-cell-stress-mechanism-v2,f0.35_chiN30,0.35,30.0,burp_ti,BURP,64,5,3.707708356521731,0.8345361416,false,-3.2059784497033537,-2.1180229330387066,0.0008124933527762224,0.00038346222772004166,0.10526347841044448,0.04967987466101374,true,601,9.999999999920157e-11,0.9999999999,0.35,0.0004898300441528954,0.001796939556833299,true,true,,,,,,results/diblock_stress_free_lamella_comparison/summary.csv,canonical-own-cell-burp_ti,,,,
lamellar-cell-stress-mechanism-v2,f0.35_chiN30,0.35,30.0,burp_ti,BURP,64,5,3.8030687887257844,0.856,false,-3.2808373798026143,-2.1131296739596244,0.005705752431858446,0.00269287192426064,0.2805893965474038,0.13242623426646502,true,260,9.999999999920157e-11,0.9999999999,0.34999999999999987,0.0004042361740461597,0.0018065359986880192,true,true,,,,,,results/diblock_stress_free_lamella_comparison/summary.csv,canonical-own-cell-burp_ti,,,,
lamellar-cell-stress-mechanism-v2,f0.35_chiN30,0.35,30.0,burp_ti,BURP,64,5,3.9274682350859735,0.884,false,-3.3678313838610814,-2.1004545260212426,0.018380900370240205,0.008675001437720955,0.5080810385094114,0.23979259180818357,true,374,9.999999999920157e-11,0.9999999999,0.34999999999999987,0.0004535446609168141,0.0017772694128429523,true,true,,,,,,results/diblock_stress_free_lamella_comparison/summary.csv,canonical-own-cell-burp_ti,,,,
lamellar-cell-stress-mechanism-v2,f0.35_chiN30,0.35,30.0,burp_ti,BURP,64,5,4.051867681446163,0.912,false,-3.4424790927825253,-2.0810939276543046,0.03774149873717825,0.017812378567529673,0.7348264940976179,0.3468067811897388,true,326,9.999999999920157e-11,0.9999999999,0.34999999999999987,0.00038949677978296083,0.0010734134940358908,true,true,,,,,,results/diblock_stress_free_lamella_comparison/summary.csv,canonical-own-cell-burp_ti,,,,
lamellar-cell-stress-mechanism-v2,f0.35_chiN30,0.35,30.0,burp_ti,BURP,64,5,4.176267127806352,0.94,false,-3.5044637859202936,-2.0554595371574846,0.06337588923399817,0.02991071814479311,0.9617484174895274,0.4539042558522106,true,790,9.999999999920157e-11,0.9999999999,0.34999999999999987,0.0004809445072217246,0.0020213195869670346,true,true,,,,,,results/diblock_stress_free_lamella_comparison/summary.csv,canonical-own-cell-burp_ti,,,,
lamellar-cell-stress-mechanism-v2,f0.35_chiN30,0.35,30.0,burp_ti,BURP,64,5,4.3006665741665415,0.968,false,-3.5534687806337315,-2.0239154045903733,0.09492002180110948,0.04479820406003149,1.1874829622493532,0.5604413384156576,true,433,9.999999999920157e-11,0.9999999999,0.34999999999999987,0.0004763961172036329,0.0013185016047203013,true,true,,,,,,results/diblock_stress_free_lamella_comparison/summary.csv,canonical-own-cell-burp_ti,,,,
lamellar-cell-stress-mechanism-v2,f0.35_chiN30,0.35,30.0,burp_ti,BURP,64,5,4.425066020526731,0.996,false,-3.5895175971455346,-1.986972961524562,0.13186246486692088,0.06223346241264778,1.403157064640559,0.6622303210354701,true,252,9.999999999920157e-11,0.9999999984822052,0.34999999999999987,0.0004963278523336121,0.0018991257961232105,true,true,,,,,,results/diblock_stress_free_lamella_comparison/summary.csv,canonical-own-cell-burp_ti,,,,
lamellar-cell-stress-mechanism-v2,f0.35_chiN30,0.35,30.0,burp_ti,BURP,64,5,4.54946546688692,1.024,false,-3.6128635555236723,-1.9452114288463864,0.1736239975450964,0.08194312563519365,1.6090972395704783,0.7594253048293031,true,519,9.999999999920157e-11,0.9999999939631672,0.35,0.0004971777035497496,0.0024929802215876984,true,true,,,,,,results/diblock_stress_free_lamella_comparison/summary.csv,canonical-own-cell-burp_ti,,,,
lamellar-cell-stress-mechanism-v2,f0.35_chiN30,0.35,30.0,burp_ti,BURP,64,5,4.673864913247109,1.052,false,-3.6237906385181704,-1.8991644311082938,0.219670995283189,0.10367534568614575,1.8032076589580281,0.8510371482833899,true,607,9.999999999920157e-11,0.9988954724775959,0.35,0.0004849749550941511,0.0022819720559169587,true,true,,,,,,results/diblock_stress_free_lamella_comparison/summary.csv,canonical-own-cell-burp_ti,,,,
lamellar-cell-stress-mechanism-v2,f0.35_chiN30,0.35,30.0,burp_ti,BURP,64,5,4.798264359607298,1.08,false,-3.62274673424679,-1.8493939268833923,0.2694414995080905,0.1271649020740451,1.9852287389288126,0.9369433388745009,true,673,1.0000000634967738e-10,0.9967826669634398,0.3499999999999999,0.00026759514965612265,0.0008357982226980809,true,true,,,,,,results/diblock_stress_free_lamella_comparison/summary.csv,canonical-own-cell-burp_ti,,,,
lamellar-cell-stress-mechanism-v2,f0.35_chiN30,0.35,30.0,bvk2_fixed,PRM,256,3,3.5542698960054064,0.8,false,-3.0496809456340808,-2.101743090328507,0.09834097319818325,0.04469873439315072,-1.0586333037129505,-0.4811785700660832,true,146,0.000846218635584106,0.9834799461857071,0.34999999999998277,1.801161998300718e-8,5.6462536015293225e-8,true,true,,,,,,results/bvk2_fixed_stiffness_figure6_nx256/f0.35_chiN30/root.csv,root_sha256=6bc2f707ae953fa41d3d1a66d9d99963be0c69e265467fe37e51cae6e4725574|profile_sha256=33395902f4cdf2a455e1f2d72b1fd89bd65c5ff41a5668154462ebd169c4f566|adaptive=false|nx=256|oversample=2|sensor_filter_ratio=12.0|c2=0.16,false,2,12.0,ud-theta-spectral-fixed-k-physical-sensor-filter-oversampled-v2
lamellar-cell-stress-mechanism-v2,f0.35_chiN30,0.35,30.0,bvk2_fixed,PRM,256,3,3.678669342365595,0.828,false,-3.2063379282608997,-2.134981738293781,0.06510232523290904,0.029590835328606187,-0.8725186681543657,-0.396584240856568,true,147,0.0007502901197091994,0.9856282795560998,0.3499999999999697,1.5586565361933502e-8,4.8731944237672976e-8,true,true,,,,,,results/bvk2_fixed_stiffness_figure6_nx256/f0.35_chiN30/root.csv,root_sha256=6bc2f707ae953fa41d3d1a66d9d99963be0c69e265467fe37e51cae6e4725574|profile_sha256=33395902f4cdf2a455e1f2d72b1fd89bd65c5ff41a5668154462ebd169c4f566|adaptive=false|nx=256|oversample=2|sensor_filter_ratio=12.0|c2=0.16,false,2,12.0,ud-theta-spectral-fixed-k-physical-sensor-filter-oversampled-v2
lamellar-cell-stress-mechanism-v2,f0.35_chiN30,0.35,30.0,bvk2_fixed,PRM,256,3,3.8030687887257844,0.856,false,-3.355016855890369,-2.1609073703138533,0.03917669321283679,0.017806907409727492,-0.6853786382460172,-0.31152384111512954,true,142,0.0006775623252902454,0.9874386325797888,0.34999999999999637,7.246158156154316e-9,2.312763891126867e-8,true,true,,,,,,results/bvk2_fixed_stiffness_figure6_nx256/f0.35_chiN30/root.csv,root_sha256=6bc2f707ae953fa41d3d1a66d9d99963be0c69e265467fe37e51cae6e4725574|profile_sha256=33395902f4cdf2a455e1f2d72b1fd89bd65c5ff41a5668154462ebd169c4f566|adaptive=false|nx=256|oversample=2|sensor_filter_ratio=12.0|c2=0.16,false,2,12.0,ud-theta-spectral-fixed-k-physical-sensor-filter-oversampled-v2
lamellar-cell-stress-mechanism-v2,f0.35_chiN30,0.35,30.0,bvk2_fixed,PRM,256,3,3.9274682350859735,0.884,false,-3.495307541945802,-2.1799590625286127,0.020125000998077347,0.009147378198729997,-0.4972787907780285,-0.22602717733471542,true,144,0.0006234254311071191,0.9889682463885945,0.3499999999999997,4.372109549807767e-9,1.566073548812545e-8,true,true,,,,,,results/bvk2_fixed_stiffness_figure6_nx256/f0.35_chiN30/root.csv,root_sha256=6bc2f707ae953fa41d3d1a66d9d99963be0c69e265467fe37e51cae6e4725574|profile_sha256=33395902f4cdf2a455e1f2d72b1fd89bd65c5ff41a5668154462ebd169c4f566|adaptive=false|nx=256|oversample=2|sensor_filter_ratio=12.0|c2=0.16,false,2,12.0,ud-theta-spectral-fixed-k-physical-sensor-filter-oversampled-v2
lamellar-cell-stress-mechanism-v2,f0.35_chiN30,0.35,30.0,bvk2_fixed,PRM,256,3,4.051867681446163,0.912,false,-3.6268228129100617,-2.1925358816121223,0.007548181914567742,0.0034308606837814004,-0.3082257511087867,-0.14009726092679708,true,139,0.0005846532286952629,0.9902639649704106,0.3499999999999675,2.4544947897121604e-8,5.855158026054212e-8,true,true,,,,,,results/bvk2_fixed_stiffness_figure6_nx256/f0.35_chiN30/root.csv,root_sha256=6bc2f707ae953fa41d3d1a66d9d99963be0c69e265467fe37e51cae6e4725574|profile_sha256=33395902f4cdf2a455e1f2d72b1fd89bd65c5ff41a5668154462ebd169c4f566|adaptive=false|nx=256|oversample=2|sensor_filter_ratio=12.0|c2=0.16,false,2,12.0,ud-theta-spectral-fixed-k-physical-sensor-filter-oversampled-v2
lamellar-cell-stress-mechanism-v2,f0.35_chiN30,0.35,30.0,bvk2_fixed,PRM,256,3,4.176267127806352,0.94,false,-3.7491940548071776,-2.1990002315243866,0.001083832002303442,0.0004926320863240477,-0.11818550245295278,-0.05371863030701828,true,82,0.0005590788508684118,0.9913642124960883,0.3499999999998303,1.1600655726643515e-7,4.317424421334539e-7,true,true,,,,,,results/bvk2_fixed_stiffness_figure6_nx256/f0.35_chiN30/root.csv,root_sha256=6bc2f707ae953fa41d3d1a66d9d99963be0c69e265467fe37e51cae6e4725574|profile_sha256=33395902f4cdf2a455e1f2d72b1fd89bd65c5ff41a5668154462ebd169c4f566|adaptive=false|nx=256|oversample=2|sensor_filter_ratio=12.0|c2=0.16,false,2,12.0,ud-theta-spectral-fixed-k-physical-sensor-filter-oversampled-v2
lamellar-cell-stress-mechanism-v2,f0.35_chiN30,0.35,30.0,bvk2_fixed,PRM,256,3,4.189490575698247,0.942976352,false,-3.7616495329663255,-2.1993418484801013,0.0007422150465887789,0.000337357585054738,-0.0979241703016902,-0.04450928577007178,true,112,0.0005570747055581274,0.9914710327033944,0.34999999999995857,4.147429084059777e-8,1.1783371538541698e-7,true,true,,,,,,results/bvk2_fixed_stiffness_figure6_nx256/f0.35_chiN30/root.csv,root_sha256=6bc2f707ae953fa41d3d1a66d9d99963be0c69e265467fe37e51cae6e4725574|profile_sha256=33395902f4cdf2a455e1f2d72b1fd89bd65c5ff41a5668154462ebd169c4f566|adaptive=false|nx=256|oversample=2|sensor_filter_ratio=12.0|c2=0.16,false,2,12.0,ud-theta-spectral-fixed-k-physical-sensor-filter-oversampled-v2
lamellar-cell-stress-mechanism-v2,f0.35_chiN30,0.35,30.0,bvk2_fixed,PRM,256,3,4.253289924407068,0.9573363979336021,true,-3.8202223168382297,-2.20008406352669,0.0,0.0,-1.7328091850288274e-8,-7.876104435078583e-9,true,2,0.0005492528683840373,0.9919615251371519,0.35000000000000014,2.9545816967912976e-10,8.281340738060998e-10,true,true,,,,,,results/bvk2_fixed_stiffness_figure6_nx256/f0.35_chiN30/root.csv,root_sha256=6bc2f707ae953fa41d3d1a66d9d99963be0c69e265467fe37e51cae6e4725574|profile_sha256=33395902f4cdf2a455e1f2d72b1fd89bd65c5ff41a5668154462ebd169c4f566|adaptive=false|nx=256|oversample=2|sensor_filter_ratio=12.0|c2=0.16,false,2,12.0,ud-theta-spectral-fixed-k-physical-sensor-filter-oversampled-v2
lamellar-cell-stress-mechanism-v2,f0.35_chiN30,0.35,30.0,bvk2_fixed,PRM,256,3,4.3006665741665415,0.968,false,-3.8620677369725094,-2.199681176046842,0.0004028874798480686,0.00018312367537549822,0.07290288394525613,0.03313640835541269,true,107,0.0005453883220438923,0.9923005756108916,0.34999999999998016,3.49711009304999e-8,1.0835737568326306e-7,true,true,,,,,,results/bvk2_fixed_stiffness_figure6_nx256/f0.35_chiN30/root.csv,root_sha256=6bc2f707ae953fa41d3d1a66d9d99963be0c69e265467fe37e51cae6e4725574|profile_sha256=33395902f4cdf2a455e1f2d72b1fd89bd65c5ff41a5668154462ebd169c4f566|adaptive=false|nx=256|oversample=2|sensor_filter_ratio=12.0|c2=0.16,false,2,12.0,ud-theta-spectral-fixed-k-physical-sensor-filter-oversampled-v2
lamellar-cell-stress-mechanism-v2,f0.35_chiN30,0.35,30.0,bvk2_fixed,PRM,256,3,4.317089273261595,0.9716964439,false,-3.876240933220903,-2.19935512227837,0.0007289412483202362,0.00033132427092433833,0.09821188074089604,0.04464005824553103,true,91,0.0005444307800129243,0.9924133827425302,0.3499999999999545,9.285924424856854e-8,3.341963188897096e-7,true,true,,,,,,results/bvk2_fixed_stiffness_figure6_nx256/f0.35_chiN30/root.csv,root_sha256=6bc2f707ae953fa41d3d1a66d9d99963be0c69e265467fe37e51cae6e4725574|profile_sha256=33395902f4cdf2a455e1f2d72b1fd89bd65c5ff41a5668154462ebd169c4f566|adaptive=false|nx=256|oversample=2|sensor_filter_ratio=12.0|c2=0.16,false,2,12.0,ud-theta-spectral-fixed-k-physical-sensor-filter-oversampled-v2
lamellar-cell-stress-mechanism-v2,f0.35_chiN30,0.35,30.0,bvk2_fixed,PRM,256,3,4.425066020526731,0.996,false,-3.9651027111195774,-2.1948776300546733,0.005206433472016769,0.0023664702446282724,0.2651167855514345,0.1205030252918871,true,126,0.0005430104600632532,0.9930990747985358,0.35000000000000475,2.763577294525881e-8,6.251286415839825e-8,true,true,,,,,,results/bvk2_fixed_stiffness_figure6_nx256/f0.35_chiN30/root.csv,root_sha256=6bc2f707ae953fa41d3d1a66d9d99963be0c69e265467fe37e51cae6e4725574|profile_sha256=33395902f4cdf2a455e1f2d72b1fd89bd65c5ff41a5668154462ebd169c4f566|adaptive=false|nx=256|oversample=2|sensor_filter_ratio=12.0|c2=0.16,false,2,12.0,ud-theta-spectral-fixed-k-physical-sensor-filter-oversampled-v2
lamellar-cell-stress-mechanism-v2,f0.35_chiN30,0.35,30.0,bvk2_fixed,PRM,256,3,4.54946546688692,1.024,false,-4.057968136731409,-2.1848613644420514,0.015222699084638691,0.006919144289530926,0.45854188336227053,0.20842016492189722,true,124,0.0005520774355182994,0.993781185822954,0.35000000000000564,1.8447556711568184e-8,4.230432686891124e-8,true,true,,,,,,results/bvk2_fixed_stiffness_figure6_nx256/f0.35_chiN30/root.csv,root_sha256=6bc2f707ae953fa41d3d1a66d9d99963be0c69e265467fe37e51cae6e4725574|profile_sha256=33395902f4cdf2a455e1f2d72b1fd89bd65c5ff41a5668154462ebd169c4f566|adaptive=false|nx=256|oversample=2|sensor_filter_ratio=12.0|c2=0.16,false,2,12.0,ud-theta-spectral-fixed-k-physical-sensor-filter-oversampled-v2
lamellar-cell-stress-mechanism-v2,f0.35_chiN30,0.35,30.0,bvk2_fixed,PRM,256,3,4.673864913247109,1.052,false,-4.140341926467256,-2.1698798037042217,0.030204259822468327,0.013728684427653874,0.6532655170288275,0.2969275255699349,true,125,0.0005734649296343612,0.9943646643285635,0.35000000000003556,3.151040683173567e-8,8.102676032534584e-8,true,true,,,,,,results/bvk2_fixed_stiffness_figure6_nx256/f0.35_chiN30/root.csv,root_sha256=6bc2f707ae953fa41d3d1a66d9d99963be0c69e265467fe37e51cae6e4725574|profile_sha256=33395902f4cdf2a455e1f2d72b1fd89bd65c5ff41a5668154462ebd169c4f566|adaptive=false|nx=256|oversample=2|sensor_filter_ratio=12.0|c2=0.16,false,2,12.0,ud-theta-spectral-fixed-k-physical-sensor-filter-oversampled-v2
lamellar-cell-stress-mechanism-v2,f0.35_chiN30,0.35,30.0,bvk2_fixed,PRM,256,3,4.798264359607298,1.08,false,-4.211909641697646,-2.1501586181283945,0.049925445398295576,0.0226925171751238,0.8493708790356127,0.386062920556812,true,122,0.0006089126476973938,0.9948642103292743,0.3500000000000237,1.6343422333348518e-8,4.4544585982300916e-8,true,true,,,,,,results/bvk2_fixed_stiffness_figure6_nx256/f0.35_chiN30/root.csv,root_sha256=6bc2f707ae953fa41d3d1a66d9d99963be0c69e265467fe37e51cae6e4725574|profile_sha256=33395902f4cdf2a455e1f2d72b1fd89bd65c5ff41a5668154462ebd169c4f566|adaptive=false|nx=256|oversample=2|sensor_filter_ratio=12.0|c2=0.16,false,2,12.0,ud-theta-spectral-fixed-k-physical-sensor-filter-oversampled-v2
lamellar-cell-stress-mechanism-v2,f0.35_chiN30,0.35,30.0,bvk2,APRM,256,3,3.5542698960054064,0.8,false,-2.6801932669396242,-1.8471039364296942,0.14550583469335887,0.0730227447451241,-1.2833278494716926,-0.6440437400587459,true,145,0.000993240093633106,0.9666284572203141,0.349999999999925,1.459507382211413e-7,4.486364290643449e-7,true,true,,,,,,results/bvk2_filtered_period_map_r12_nx256/summary.csv,summary_sha256=07b1f3a4ba60250595d05509ce64b8c1545ad05a2131cd2afe351fc5af9c67ed|profiles_sha256=a9c31d20752aa08b0301b51c7956181cd5e735688620768d6c4aa4d3fb86afce|adaptive=true|nx=256|oversample=2|sensor_filter_ratio=12.0|c2=0.16,true,2,12.0,ud-theta-spectral-adaptive-physical-sensor-filter-oversampled-v2
lamellar-cell-stress-mechanism-v2,f0.35_chiN30,0.35,30.0,bvk2,APRM,256,3,3.678669342365595,0.828,false,-2.8357142867327028,-1.8881971746742425,0.10441259644881051,0.05239992193251297,-1.1041741926713935,-0.5541346874200416,true,143,0.0008634787721594228,0.9706707094573658,0.34999999999951653,3.246692284789855e-7,1.0677394350281325e-6,true,true,,,,,,results/bvk2_filtered_period_map_r12_nx256/summary.csv,summary_sha256=07b1f3a4ba60250595d05509ce64b8c1545ad05a2131cd2afe351fc5af9c67ed|profiles_sha256=a9c31d20752aa08b0301b51c7956181cd5e735688620768d6c4aa4d3fb86afce|adaptive=true|nx=256|oversample=2|sensor_filter_ratio=12.0|c2=0.16,true,2,12.0,ud-theta-spectral-adaptive-physical-sensor-filter-oversampled-v2
lamellar-cell-stress-mechanism-v2,f0.35_chiN30,0.35,30.0,bvk2,APRM,256,3,3.8030687887257844,0.856,false,-2.9839603273213164,-1.9219163840300755,0.07069338709297757,0.03547778803329572,-0.922155010925062,-0.4627875584517118,true,171,0.0007656555715533314,0.9741578347056634,0.3499999999998246,2.2702812381603552e-7,7.34953424633133e-7,true,true,,,,,,results/bvk2_filtered_period_map_r12_nx256/summary.csv,summary_sha256=07b1f3a4ba60250595d05509ce64b8c1545ad05a2131cd2afe351fc5af9c67ed|profiles_sha256=a9c31d20752aa08b0301b51c7956181cd5e735688620768d6c4aa4d3fb86afce|adaptive=true|nx=256|oversample=2|sensor_filter_ratio=12.0|c2=0.16,true,2,12.0,ud-theta-spectral-adaptive-physical-sensor-filter-oversampled-v2
lamellar-cell-stress-mechanism-v2,f0.35_chiN30,0.35,30.0,bvk2,APRM,256,3,3.9274682350859735,0.884,false,-3.1244308323607908,-1.9486500762839987,0.043959694839054375,0.02206136669413113,-0.7376252749905639,-0.3701804967938261,true,148,0.000692611559925243,0.9771686631561044,0.3499999999994606,2.265338512161277e-7,8.517218491220429e-7,true,true,,,,,,results/bvk2_filtered_period_map_r12_nx256/summary.csv,summary_sha256=07b1f3a4ba60250595d05509ce64b8c1545ad05a2131cd2afe351fc5af9c67ed|profiles_sha256=a9c31d20752aa08b0301b51c7956181cd5e735688620768d6c4aa4d3fb86afce|adaptive=true|nx=256|oversample=2|sensor_filter_ratio=12.0|c2=0.16,true,2,12.0,ud-theta-spectral-adaptive-physical-sensor-filter-oversampled-v2
lamellar-cell-stress-mechanism-v2,f0.35_chiN30,0.35,30.0,bvk2,APRM,256,3,4.051867681446163,0.912,false,-3.256659711104721,-1.9687598868576808,0.023849884265372268,0.01196916958403263,-0.5508416883673972,-0.276442330229535,true,147,0.000639342725437066,0.9797703249814942,0.34999999999999515,1.9243025985565796e-7,7.384149901690594e-7,true,true,,,,,,results/bvk2_filtered_period_map_r12_nx256/summary.csv,summary_sha256=07b1f3a4ba60250595d05509ce64b8c1545ad05a2131cd2afe351fc5af9c67ed|profiles_sha256=a9c31d20752aa08b0301b51c7956181cd5e735688620768d6c4aa4d3fb86afce|adaptive=true|nx=256|oversample=2|sensor_filter_ratio=12.0|c2=0.16,true,2,12.0,ud-theta-spectral-adaptive-physical-sensor-filter-oversampled-v2
lamellar-cell-stress-mechanism-v2,f0.35_chiN30,0.35,30.0,bvk2,APRM,256,3,4.176267127806352,0.94,false,-3.380209620100809,-1.98258122373581,0.010028547387243014,0.0050328707269114885,-0.36198615502963305,-0.18166434807032705,true,131,0.0006024208048789829,0.9820200988279489,0.3499999999999689,5.921679939699449e-7,2.0735161243604652e-6,true,true,,,,,,results/bvk2_filtered_period_map_r12_nx256/summary.csv,summary_sha256=07b1f3a4ba60250595d05509ce64b8c1545ad05a2131cd2afe351fc5af9c67ed|profiles_sha256=a9c31d20752aa08b0301b51c7956181cd5e735688620768d6c4aa4d3fb86afce|adaptive=true|nx=256|oversample=2|sensor_filter_ratio=12.0|c2=0.16,true,2,12.0,ud-theta-spectral-adaptive-physical-sensor-filter-oversampled-v2
lamellar-cell-stress-mechanism-v2,f0.35_chiN30,0.35,30.0,bvk2,APRM,256,3,4.3006665741665415,0.968,false,-3.49466733759005,-1.9904244261310027,0.0021853449920503643,0.0010967250204834056,-0.17118382064455062,-0.08590935522115294,true,125,0.0005796180903358884,0.9839669263858787,0.34999999999999404,1.9399628690653668e-7,6.211225275742289e-7,true,true,,,,,,results/bvk2_filtered_period_map_r12_nx256/summary.csv,summary_sha256=07b1f3a4ba60250595d05509ce64b8c1545ad05a2131cd2afe351fc5af9c67ed|profiles_sha256=a9c31d20752aa08b0301b51c7956181cd5e735688620768d6c4aa4d3fb86afce|adaptive=true|nx=256|oversample=2|sensor_filter_ratio=12.0|c2=0.16,true,2,12.0,ud-theta-spectral-adaptive-physical-sensor-filter-oversampled-v2
lamellar-cell-stress-mechanism-v2,f0.35_chiN30,0.35,30.0,bvk2,APRM,256,3,4.34508458450416,0.9779976674,false,-3.5332574058285484,-1.9918318287875998,0.0007779423354532522,0.0003904137913640747,-0.10260111977723008,-0.051490824377220204,true,135,0.0005746307061560124,0.9845968252945918,0.34999999999999715,1.3846363517760114e-7,5.151599233824527e-7,true,true,,,,,,results/bvk2_filtered_period_map_r12_nx256/summary.csv,summary_sha256=07b1f3a4ba60250595d05509ce64b8c1545ad05a2131cd2afe351fc5af9c67ed|profiles_sha256=a9c31d20752aa08b0301b51c7956181cd5e735688620768d6c4aa4d3fb86afce|adaptive=true|nx=256|oversample=2|sensor_filter_ratio=12.0|c2=0.16,true,2,12.0,ud-theta-spectral-adaptive-physical-sensor-filter-oversampled-v2
lamellar-cell-stress-mechanism-v2,f0.35_chiN30,0.35,30.0,bvk2,APRM,256,3,4.411253385484674,0.9928910329387016,true,-3.588464342303828,-1.992609771123053,0.0,0.0,-1.3278267374516872e-13,-6.663757032082162e-14,true,2,0.0005701653005113948,0.985477214038157,0.34999999999999987,1.7551511586735153e-8,3.740558413177551e-8,true,true,,,,,,results/bvk2_filtered_period_map_r12_nx256/summary.csv,summary_sha256=07b1f3a4ba60250595d05509ce64b8c1545ad05a2131cd2afe351fc5af9c67ed|profiles_sha256=a9c31d20752aa08b0301b51c7956181cd5e735688620768d6c4aa4d3fb86afce|adaptive=true|nx=256|oversample=2|sensor_filter_ratio=12.0|c2=0.16,true,2,12.0,ud-theta-spectral-adaptive-physical-sensor-filter-oversampled-v2
lamellar-cell-stress-mechanism-v2,f0.35_chiN30,0.35,30.0,bvk2,APRM,256,3,4.425066020526731,0.996,false,-3.5996400148736925,-1.9925762131556726,3.35579673804709e-5,1.6841213902889437e-5,0.021482852727841006,0.010781264369557455,true,92,0.0005696766746308757,0.9856526643481135,0.3499999999999999,4.301693664932566e-7,1.4606311314082623e-6,true,true,,,,,,results/bvk2_filtered_period_map_r12_nx256/summary.csv,summary_sha256=07b1f3a4ba60250595d05509ce64b8c1545ad05a2131cd2afe351fc5af9c67ed|profiles_sha256=a9c31d20752aa08b0301b51c7956181cd5e735688620768d6c4aa4d3fb86afce|adaptive=true|nx=256|oversample=2|sensor_filter_ratio=12.0|c2=0.16,true,2,12.0,ud-theta-spectral-adaptive-physical-sensor-filter-oversampled-v2
lamellar-cell-stress-mechanism-v2,f0.35_chiN30,0.35,30.0,bvk2,APRM,256,3,4.477422186121298,1.0077843984,false,-3.6408928161967546,-1.9918446903423868,0.0007650807806662829,0.0003839591633815368,0.10311498403288644,0.05174870941979266,true,128,0.0005692111054804199,0.9862929074542124,0.34999999999995873,2.5172246358687474e-7,1.035430085051294e-6,true,true,,,,,,results/bvk2_filtered_period_map_r12_nx256/summary.csv,summary_sha256=07b1f3a4ba60250595d05509ce64b8c1545ad05a2131cd2afe351fc5af9c67ed|profiles_sha256=a9c31d20752aa08b0301b51c7956181cd5e735688620768d6c4aa4d3fb86afce|adaptive=true|nx=256|oversample=2|sensor_filter_ratio=12.0|c2=0.16,true,2,12.0,ud-theta-spectral-adaptive-physical-sensor-filter-oversampled-v2
lamellar-cell-stress-mechanism-v2,f0.35_chiN30,0.35,30.0,bvk2,APRM,256,3,4.54946546688692,1.024,false,-3.694752147478577,-1.9893012823697171,0.003308488753335892,0.0016603796695582786,0.21596273349982065,0.10838185008904282,true,134,0.0005721894559614912,0.9871131261466217,0.349999999999994,6.002959251501938e-8,2.0522620563664438e-7,true,true,,,,,,results/bvk2_filtered_period_map_r12_nx256/summary.csv,summary_sha256=07b1f3a4ba60250595d05509ce64b8c1545ad05a2131cd2afe351fc5af9c67ed|profiles_sha256=a9c31d20752aa08b0301b51c7956181cd5e735688620768d6c4aa4d3fb86afce|adaptive=true|nx=256|oversample=2|sensor_filter_ratio=12.0|c2=0.16,true,2,12.0,ud-theta-spectral-adaptive-physical-sensor-filter-oversampled-v2
lamellar-cell-stress-mechanism-v2,f0.35_chiN30,0.35,30.0,bvk2,APRM,256,3,4.673864913247109,1.052,false,-3.7796431534658472,-1.980843971239905,0.011765799883147965,0.0059047185523519,0.412226592507706,0.20687773315262392,true,143,0.0005875777228321665,0.9883789607562254,0.3499999999998733,3.210947415183054e-7,1.1675110097509007e-6,true,true,,,,,,results/bvk2_filtered_period_map_r12_nx256/summary.csv,summary_sha256=07b1f3a4ba60250595d05509ce64b8c1545ad05a2131cd2afe351fc5af9c67ed|profiles_sha256=a9c31d20752aa08b0301b51c7956181cd5e735688620768d6c4aa4d3fb86afce|adaptive=true|nx=256|oversample=2|sensor_filter_ratio=12.0|c2=0.16,true,2,12.0,ud-theta-spectral-adaptive-physical-sensor-filter-oversampled-v2
lamellar-cell-stress-mechanism-v2,f0.35_chiN30,0.35,30.0,bvk2,APRM,256,3,4.798264359607298,1.08,false,-3.853965482353032,-1.9674299310254735,0.025179840097579564,0.012636613782832139,0.6102588676153471,0.30626110363365305,true,139,0.0006171576355696445,0.9894763876411568,0.34999999999987336,2.47316662257082e-7,1.0976638155304165e-6,true,true,,,,,,results/bvk2_filtered_period_map_r12_nx256/summary.csv,summary_sha256=07b1f3a4ba60250595d05509ce64b8c1545ad05a2131cd2afe351fc5af9c67ed|profiles_sha256=a9c31d20752aa08b0301b51c7956181cd5e735688620768d6c4aa4d3fb86afce|adaptive=true|nx=256|oversample=2|sensor_filter_ratio=12.0|c2=0.16,true,2,12.0,ud-theta-spectral-adaptive-physical-sensor-filter-oversampled-v2
