schema,case_id,f,chiN,model,model_label,nx,source_period_rg,scft_period_rg,source_period_ratio,signed_period_error,root_free_energy_density,root_normalized_log_period_stress,local_left_period_ratio,local_left_normalized_excess_density,local_left_normalized_log_period_stress,local_right_period_ratio,local_right_normalized_excess_density,local_right_normalized_log_period_stress,scan_point_count,internal_minimum_pass,stress_orientation_pass,root_stress_pass,force_gate_pass,morphology_gate_pass,provenance_pass,accepted,source_artifact,source_fingerprint
lamellar-cell-stress-mechanism-v2,f0.5_chiN20,0.5,20.0,uneyama_doi,Uneyama-Doi,64,3.50066940704187,4.045700132441193,0.8652814821768687,-0.13471851782313127,-0.6336183145879142,0.0014526049538221564,0.856,0.00023356567408794326,-0.044732868985652985,0.8782607044,0.0004982068535462902,0.06552444709345684,14,true,true,true,true,true,true,true,results/diblock_stress_free_lamella_comparison/summary.csv,canonical-own-cell-uneyama_doi
lamellar-cell-stress-mechanism-v2,f0.5_chiN20,0.5,20.0,liu2019_opf,OPF,128,4.0626397621480175,4.045700132441193,1.0041870700131705,0.004187070013170535,-0.1343499900803721,1.338695007168896e-7,0.996,1.3110841388913608e-5,-0.0013066582194778528,1.0192498761,4.349143931162147e-5,0.0023875546028023606,14,true,true,true,true,true,true,true,results/liu2019_stress_free_period_map/summary.csv,summary_sha256=2950f7d21ea03001a1851c3ac45a8268fb609f22f138ebe6be0054797bbc8154|profiles_sha256=a9c31d20752aa08b0301b51c7956181cd5e735688620768d6c4aa4d3fb86afce|mapping=Liu2019_Eq18_c2_fixed_-1
lamellar-cell-stress-mechanism-v2,f0.5_chiN20,0.5,20.0,burp_ti,BURP,64,3.314016454594729,4.045700132441193,0.8191453508925876,-0.18085464910741245,-1.0735804715042756,0.0007344571055655801,0.8068581706,0.0005772321608238281,-0.07705521033754631,0.828,0.0003068275364413073,0.056361576974625474,14,true,true,true,true,true,true,true,results/diblock_stress_free_lamella_comparison/summary.csv,canonical-own-cell-burp_ti
lamellar-cell-stress-mechanism-v2,f0.5_chiN20,0.5,20.0,bvk2_fixed,PRM,256,3.938284819487791,4.045700132441193,0.9734495119665264,-0.026550488033473596,-1.05358459744712,-5.2756187913728094e-9,0.968,7.93474917539261e-5,-0.02823442573048236,0.9880512546,0.0005630147359045883,0.07587057261352036,14,true,true,true,true,true,true,true,results/bvk2_fixed_stiffness_figure6_nx256/f0.5_chiN20/root.csv,root_sha256=6b49ad2145cc770032af01e14b1831c249a89377f7b77f1411c102c251db47fe|profile_sha256=347f4f3f68f758f72bb14ace6fe0731ad44b108be02b06fb54fe3fb19cd2d93d|adaptive=false|nx=256|oversample=2|sensor_filter_ratio=12.0|c2=0.16
lamellar-cell-stress-mechanism-v2,f0.5_chiN20,0.5,20.0,bvk2,APRM,256,4.053535160581758,4.045700132441193,1.0019366309622748,0.0019366309622748101,-0.9570013303542194,-1.0050154042318127e-9,0.996,9.72079661798464e-5,-0.03267055573029931,1.0169656804,0.0006159122911773007,0.08301331428994474,14,true,true,true,true,true,true,true,results/bvk2_filtered_period_map_r12_nx256/summary.csv,summary_sha256=07b1f3a4ba60250595d05509ce64b8c1545ad05a2131cd2afe351fc5af9c67ed|profiles_sha256=a9c31d20752aa08b0301b51c7956181cd5e735688620768d6c4aa4d3fb86afce|adaptive=true|nx=256|oversample=2|sensor_filter_ratio=12.0|c2=0.16
lamellar-cell-stress-mechanism-v2,f0.35_chiN30,0.35,30.0,uneyama_doi,Uneyama-Doi,64,3.8107186734824214,4.442837370006758,0.8577218466757934,-0.14227815332420657,-1.5801581716578865,0.00306610506887316,0.856,9.171385989367812e-7,-0.004000585859477413,0.8705876744,0.0004352954885708693,0.0554121847855957,14,true,true,true,true,true,true,true,results/diblock_stress_free_lamella_comparison/summary.csv,canonical-own-cell-uneyama_doi
lamellar-cell-stress-mechanism-v2,f0.35_chiN30,0.35,30.0,liu2019_opf,OPF,128,4.308270690077157,4.442837370006758,0.9697115449604232,-0.030288455039576778,-0.18256186265331295,3.2043350761946326e-9,0.968,4.913410462381584e-7,-0.00022717831563085858,0.9842572181,3.501492160390418e-5,0.0019225794110900782,14,true,true,true,true,true,true,true,results/liu2019_stress_free_period_map/summary.csv,summary_sha256=2950f7d21ea03001a1851c3ac45a8268fb609f22f138ebe6be0054797bbc8154|profiles_sha256=a9c31d20752aa08b0301b51c7956181cd5e735688620768d6c4aa4d3fb86afce|mapping=Liu2019_Eq18_c2_fixed_-1
lamellar-cell-stress-mechanism-v2,f0.35_chiN30,0.35,30.0,burp_ti,BURP,64,3.652914637177955,4.442837370006758,0.8222030952198457,-0.1777969047801543,-2.118835426391483,0.001865407508171637,0.8098700488,0.0003355227086383232,-0.04622626038764302,0.828,9.223968660414233e-5,0.02438027434142433,14,true,true,true,true,true,true,true,results/diblock_stress_free_lamella_comparison/summary.csv,canonical-own-cell-burp_ti
lamellar-cell-stress-mechanism-v2,f0.35_chiN30,0.35,30.0,bvk2_fixed,PRM,256,4.253289924407068,4.442837370006758,0.9573363979336021,-0.042663602066397854,-2.20008406352669,-7.876104435078583e-9,0.942976352,0.000337357585054738,-0.04450928577007178,0.968,0.00018312367537549822,0.03313640835541269,14,true,true,true,true,true,true,true,results/bvk2_fixed_stiffness_figure6_nx256/f0.35_chiN30/root.csv,root_sha256=6bc2f707ae953fa41d3d1a66d9d99963be0c69e265467fe37e51cae6e4725574|profile_sha256=33395902f4cdf2a455e1f2d72b1fd89bd65c5ff41a5668154462ebd169c4f566|adaptive=false|nx=256|oversample=2|sensor_filter_ratio=12.0|c2=0.16
lamellar-cell-stress-mechanism-v2,f0.35_chiN30,0.35,30.0,bvk2,APRM,256,4.411253385484674,4.442837370006758,0.9928910329387016,-0.007108967061298377,-1.992609771123053,-6.663757032082162e-14,0.9779976674,0.0003904137913640747,-0.051490824377220204,0.996,1.6841213902889437e-5,0.010781264369557455,14,true,true,true,true,true,true,true,results/bvk2_filtered_period_map_r12_nx256/summary.csv,summary_sha256=07b1f3a4ba60250595d05509ce64b8c1545ad05a2131cd2afe351fc5af9c67ed|profiles_sha256=a9c31d20752aa08b0301b51c7956181cd5e735688620768d6c4aa4d3fb86afce|adaptive=true|nx=256|oversample=2|sensor_filter_ratio=12.0|c2=0.16
