schema,case_id,f,chiN,bvk2_split,model,model_label,model_calibration_role,period_rg,scft_period_rg,signed_period_error,abs_period_error,profile_rms,profile_r2,profile_correlation,alignment_shift_fraction,alignment_swapped,min_phi_a,max_phi_a,mean_phi_a,amplitude_error,field_gate_pass,cell_gate_pass,accepted,status_reason,source_artifact,source_fingerprint
unified-own-cell-lamella-v1,f0.5_chiN12,0.5,12.0,holdout,scft,SCFT,reference,3.4267271327159823,3.4267271327159823,0.0,0.0,0.0,1.0,1.0,0.0,false,0.17134652191957137,0.8286538214075029,0.4999999999999995,0.0,true,true,true,reference,results/diblock_stress_free_lamella_comparison/summary.csv,Polyorder-cell-solved-SCFT
unified-own-cell-lamella-v1,f0.5_chiN12,0.5,12.0,holdout,ohta_kawasaki,Ohta-Kawasaki,not_applicable,3.258750455764168,3.4267271327159823,-0.049019566030831796,0.049019566030831796,0.143300107974906,0.6462221655671634,0.9996035684634853,0.00390625,false,9.976094252747864e-10,0.9999999990023907,0.5000000000000001,0.3426926985168497,true,true,true,accepted,results/diblock_stress_free_lamella_comparison/summary.csv,canonical-own-cell-ohta_kawasaki
unified-own-cell-lamella-v1,f0.5_chiN12,0.5,12.0,holdout,uneyama_doi,Uneyama-Doi,not_applicable,3.4085610412973453,3.4267271327159823,-0.005301295001052142,0.005301295001052142,0.1264683567376582,0.7244494164349192,0.9996527837012512,0.50390625,true,0.33987665960567554,0.6601233404229022,0.5000000000000001,0.33706061867070486,true,true,true,accepted,results/diblock_stress_free_lamella_comparison/summary.csv,canonical-own-cell-uneyama_doi
unified-own-cell-lamella-v1,f0.5_chiN12,0.5,12.0,holdout,liu2019_opf,Liu-OPF,not_applicable,3.472606287280441,3.4267271327159823,0.013388622083864377,0.013388622083864377,0.0031430056896093136,0.9998298123982622,0.9999825017617382,0.50390625,true,0.16748154661062095,0.8325184533532192,0.5000000000000002,0.007729607254666648,true,true,true,accepted,results/liu2019_opf_baseline/summary.csv,Liu2019-Eqs20-24-Table2
unified-own-cell-lamella-v1,f0.5_chiN12,0.5,12.0,holdout,burp_ti,BURP-TI,not_applicable,3.231361503723243,3.4267271327159823,-0.05701230982984484,0.05701230982984484,0.002673189876775383,0.9998768889034689,0.999948389844246,0.50390625,true,0.17050498784597928,0.8294950122841738,0.5,0.0016827249502630037,true,true,true,accepted,results/diblock_stress_free_lamella_comparison/summary.csv,canonical-own-cell-burp_ti
unified-own-cell-lamella-v1,f0.5_chiN12,0.5,12.0,holdout,bvk2,BVK2,holdout,3.528112881426439,3.4267271327159823,0.029586758671998448,0.029586758671998448,0.02287065445114363,0.9909885481095522,0.9998700964812709,0.0078125,false,0.19805372808802119,0.8019462719119916,0.49999999999999994,0.053414755663961144,true,true,true,accepted_frozen_c2,results/bvk2_c2_calibration_holdout_nx128/stage2_rows.csv,model=BVK2|schema=bvk2-rpa-eta-v1|law_mode=adaptive|discretization=central_eta_forward_edge_exact_v1|coordinate=eta_psi|units=lengths_and_b_same_units|c2=0.16|f=0.5|N=1|b=1|k_star_definition=k_star^4=12*f*(1-f)*A_psi/b^2|k_star=4.559014113909555
unified-own-cell-lamella-v1,f0.5_chiN15,0.5,15.0,train,scft,SCFT,reference,3.7135620657436155,3.7135620657436155,0.0,0.0,0.0,1.0,1.0,0.0,false,0.05971889460191256,0.9402808644528569,0.49999999999999983,0.0,true,true,true,reference,results/diblock_stress_free_lamella_comparison/summary.csv,Polyorder-cell-solved-SCFT
unified-own-cell-lamella-v1,f0.5_chiN15,0.5,15.0,train,ohta_kawasaki,Ohta-Kawasaki,not_applicable,3.378604560970278,3.7135620657436155,-0.0901984398923098,0.0901984398923098,0.07835557715558779,0.946958942059215,0.9983600535981593,0.3359375,false,5.12830190487708e-12,0.9999999999948717,0.5000000000000001,0.11943803013879906,true,true,true,accepted,results/diblock_stress_free_lamella_comparison/summary.csv,canonical-own-cell-ohta_kawasaki
unified-own-cell-lamella-v1,f0.5_chiN15,0.5,15.0,train,uneyama_doi,Uneyama-Doi,not_applicable,3.422576337287111,3.7135620657436155,-0.07835757779323305,0.07835757779323305,0.07546761622336474,0.9507967698815664,0.9995749040328924,0.8359375,true,0.14859374365528266,0.8514062560096027,0.5,0.17774945749662419,true,true,true,accepted,results/diblock_stress_free_lamella_comparison/summary.csv,canonical-own-cell-uneyama_doi
unified-own-cell-lamella-v1,f0.5_chiN15,0.5,15.0,train,liu2019_opf,Liu-OPF,not_applicable,3.8106547987855452,3.7135620657436155,0.0261454450802312,0.0261454450802312,0.0042377874161447695,0.9998448503915048,0.9999235083635387,0.8359375,true,0.06246403119769049,0.9375359687857532,0.49999999999999994,0.005490032262881583,true,true,true,accepted,results/liu2019_opf_baseline/summary.csv,Liu2019-Eqs20-24-Table2
unified-own-cell-lamella-v1,f0.5_chiN15,0.5,15.0,train,burp_ti,BURP-TI,not_applicable,3.2461006765526306,3.7135620657436155,-0.12587951430869082,0.12587951430869082,0.01093791479751,0.9989664263661446,0.9998065956284342,0.3359375,false,0.044110483791977115,0.9558895236222648,0.5,0.03121706997934337,true,true,true,accepted,results/diblock_stress_free_lamella_comparison/summary.csv,canonical-own-cell-burp_ti
unified-own-cell-lamella-v1,f0.5_chiN15,0.5,15.0,train,bvk2,BVK2,train,3.7627943443634932,3.7135620657436155,0.013257427167847613,0.013257427167847613,0.012856941833732581,0.9985719358771232,0.9997372905877439,0.33984375,true,0.06705819725093654,0.932941802749095,0.49999999999999994,0.0146783643527858,true,true,true,accepted_frozen_c2,results/bvk2_c2_calibration_nx128/stage2_rows.csv,model=BVK2|schema=bvk2-rpa-eta-v1|law_mode=adaptive|discretization=central_eta_forward_edge_exact_v1|coordinate=eta_psi|units=lengths_and_b_same_units|c2=0.16|f=0.5|N=1|b=1|k_star_definition=k_star^4=12*f*(1-f)*A_psi/b^2|k_star=4.559014113909555
unified-own-cell-lamella-v1,f0.5_chiN20,0.5,20.0,holdout,scft,SCFT,reference,4.045700132441193,4.045700132441193,0.0,0.0,0.0,1.0,1.0,0.0,false,0.01726663015300904,0.9827332293774936,0.4999999999999994,0.0,true,true,true,reference,results/diblock_stress_free_lamella_comparison/summary.csv,Polyorder-cell-solved-SCFT
unified-own-cell-lamella-v1,f0.5_chiN20,0.5,20.0,holdout,ohta_kawasaki,Ohta-Kawasaki,not_applicable,3.5605094113897486,4.045700132441193,-0.11992750455251322,0.11992750455251322,0.05113945939248273,0.9832307733981611,0.9979207457393272,0.90234375,false,1.9786190800727927e-11,0.9999999999802138,0.5000000000000002,0.03453340073594302,true,true,true,accepted,results/diblock_stress_free_lamella_comparison/summary.csv,canonical-own-cell-ohta_kawasaki
unified-own-cell-lamella-v1,f0.5_chiN20,0.5,20.0,holdout,uneyama_doi,Uneyama-Doi,not_applicable,3.50066940704187,4.045700132441193,-0.13471851782313127,0.13471851782313127,0.045730304623706114,0.9865906120162123,0.9996580125382803,0.40234375,true,0.06370425407034189,0.9362957459176979,0.5000000000000001,0.09287510737712856,true,true,true,accepted,results/diblock_stress_free_lamella_comparison/summary.csv,canonical-own-cell-uneyama_doi
unified-own-cell-lamella-v1,f0.5_chiN20,0.5,20.0,holdout,liu2019_opf,Liu-OPF,not_applicable,4.1707473057397975,4.045700132441193,0.030908660851032943,0.030908660851032943,0.004166211870179119,0.9998887029964664,0.9999458286752453,0.90234375,false,0.023998067951411142,0.9760019320482519,0.49999999999999983,0.013462735127643843,true,true,true,accepted,results/liu2019_opf_baseline/summary.csv,Liu2019-Eqs20-24-Table2
unified-own-cell-lamella-v1,f0.5_chiN20,0.5,20.0,holdout,burp_ti,BURP-TI,not_applicable,3.314016454594729,4.045700132441193,-0.18085464910741245,0.18085464910741245,0.016692109747727044,0.9982134168612694,0.9998226510325974,0.90234375,false,1.2954336671924704e-5,0.9999870456382479,0.5,0.03450749207709136,true,true,true,accepted,results/diblock_stress_free_lamella_comparison/summary.csv,canonical-own-cell-burp_ti
unified-own-cell-lamella-v1,f0.5_chiN20,0.5,20.0,holdout,bvk2,BVK2,holdout,4.053668504663181,4.045700132441193,0.0019695904197376546,0.0019695904197376546,0.007800883629999496,0.9996097990094868,0.9998120847957268,0.40625,false,0.015509769919864193,0.9844902300801411,0.49999999999999967,0.0035138609357923123,true,true,true,accepted_frozen_c2,results/bvk2_c2_calibration_holdout_nx128/stage2_rows.csv,model=BVK2|schema=bvk2-rpa-eta-v1|law_mode=adaptive|discretization=central_eta_forward_edge_exact_v1|coordinate=eta_psi|units=lengths_and_b_same_units|c2=0.16|f=0.5|N=1|b=1|k_star_definition=k_star^4=12*f*(1-f)*A_psi/b^2|k_star=4.559014113909555
unified-own-cell-lamella-v1,f0.5_chiN25,0.5,25.0,train,scft,SCFT,reference,4.288401513627919,4.288401513627919,0.0,0.0,0.0,1.0,1.0,0.0,false,0.00663424452380744,0.9933668104362531,0.5000000000000001,0.0,true,true,true,reference,results/diblock_stress_free_lamella_comparison/summary.csv,Polyorder-cell-solved-SCFT
unified-own-cell-lamella-v1,f0.5_chiN25,0.5,25.0,train,ohta_kawasaki,Ohta-Kawasaki,not_applicable,3.7231139309789425,4.288401513627919,-0.13181778358499652,0.13181778358499652,0.042826987107235044,0.9895297714593632,0.997893400095531,0.77734375,true,6.497161740656198e-15,0.9999999999999936,0.4999999999999999,0.013267434087541385,true,true,true,accepted,results/diblock_stress_free_lamella_comparison/summary.csv,canonical-own-cell-ohta_kawasaki
unified-own-cell-lamella-v1,f0.5_chiN25,0.5,25.0,train,uneyama_doi,Uneyama-Doi,not_applicable,3.577712047083706,4.288401513627919,-0.16572363018848524,0.16572363018848524,0.03177855722081351,0.9942351306694736,0.9996575752440834,0.27734375,false,0.035014280036933625,0.9649857199574647,0.5,0.05676112599191452,true,true,true,accepted,results/diblock_stress_free_lamella_comparison/summary.csv,canonical-own-cell-uneyama_doi
unified-own-cell-lamella-v1,f0.5_chiN25,0.5,25.0,train,liu2019_opf,Liu-OPF,not_applicable,4.437185736363516,4.288401513627919,0.034694564457824706,0.034694564457824706,0.006443544448402567,0.9997629877607926,0.9998815249112774,0.77734375,true,0.014589152837562186,0.9854108471620303,0.49999999999999994,0.01591087158797755,true,true,true,accepted,results/liu2019_opf_baseline/summary.csv,Liu2019-Eqs20-24-Table2
unified-own-cell-lamella-v1,f0.5_chiN25,0.5,25.0,train,burp_ti,BURP-TI,not_applicable,3.44597945190315,4.288401513627919,-0.1964419747189422,0.1964419747189422,0.016042659362070086,0.9985308239493006,0.9997589703213633,0.27734375,false,3.7096524180987626e-8,0.9999999629034954,0.5000000000000001,0.013267359894525543,true,true,true,accepted,results/diblock_stress_free_lamella_comparison/summary.csv,canonical-own-cell-burp_ti
unified-own-cell-lamella-v1,f0.5_chiN25,0.5,25.0,train,bvk2,BVK2,train,4.2781856010392465,4.288401513627919,-0.0023822192386155905,0.0023822192386155905,0.008630908871299452,0.9995747599327228,0.9997877210881898,0.28125,false,0.004294071555272616,0.9957059284452442,0.5,0.004679290977525952,true,true,true,accepted_frozen_c2,results/bvk2_c2_calibration_nx128/stage2_rows.csv,model=BVK2|schema=bvk2-rpa-eta-v1|law_mode=adaptive|discretization=central_eta_forward_edge_exact_v1|coordinate=eta_psi|units=lengths_and_b_same_units|c2=0.16|f=0.5|N=1|b=1|k_star_definition=k_star^4=12*f*(1-f)*A_psi/b^2|k_star=4.559014113909555
unified-own-cell-lamella-v1,f0.5_chiN30,0.5,30.0,holdout,scft,SCFT,reference,4.482349595936568,4.482349595936568,0.0,0.0,0.0,1.0,1.0,0.0,false,0.002915681019697223,0.9970853432062258,0.4999999999999989,0.0,true,true,true,reference,results/diblock_stress_free_lamella_comparison/summary.csv,Polyorder-cell-solved-SCFT
unified-own-cell-lamella-v1,f0.5_chiN30,0.5,30.0,holdout,ohta_kawasaki,Ohta-Kawasaki,not_applicable,3.8445926614715087,4.482349595936568,-0.14228183697300445,0.14228183697300445,0.03706461071094017,0.9926439198609927,0.9981713990228731,0.12890625,false,4.166448421035708e-14,0.9999999999999583,0.5000000000000001,0.005830337813388042,true,true,true,accepted,results/diblock_stress_free_lamella_comparison/summary.csv,canonical-own-cell-ohta_kawasaki
unified-own-cell-lamella-v1,f0.5_chiN30,0.5,30.0,holdout,uneyama_doi,Uneyama-Doi,not_applicable,3.653556302146619,4.482349595936568,-0.18490152899748913,0.18490152899748913,0.02417210995232653,0.996871352116329,0.9996812906482051,0.12890625,false,0.022269079234329615,0.9777309223446953,0.5,0.03870781907616294,true,true,true,accepted,results/diblock_stress_free_lamella_comparison/summary.csv,canonical-own-cell-uneyama_doi
unified-own-cell-lamella-v1,f0.5_chiN30,0.5,30.0,holdout,liu2019_opf,Liu-OPF,not_applicable,4.649607278605667,4.482349595936568,0.03731473395576401,0.03731473395576401,0.007582830833086534,0.9996921137454948,0.9998461685673888,0.12890625,false,0.010946695093634745,0.9890533049086181,0.5000000000000001,0.01606305237154526,true,true,true,accepted,results/liu2019_opf_baseline/summary.csv,Liu2019-Eqs20-24-Table2
unified-own-cell-lamella-v1,f0.5_chiN30,0.5,30.0,holdout,burp_ti,BURP-TI,not_applicable,3.5719711822291353,4.482349595936568,-0.20310294728745104,0.20310294728745104,0.015550376270015955,0.9987051800869223,0.9997102314411681,0.12890625,false,6.464057696112787e-9,0.9999999935361112,0.49999999999999994,0.005830324885524929,true,true,true,accepted,results/diblock_stress_free_lamella_comparison/summary.csv,canonical-own-cell-burp_ti
unified-own-cell-lamella-v1,f0.5_chiN30,0.5,30.0,holdout,bvk2,BVK2,holdout,4.4622511634561794,4.482349595936568,-0.004483905605802918,0.004483905605802918,0.009018133969588,0.9995645273029109,0.9997830592092929,0.1328125,false,0.0013097841618634476,0.9986902158395028,0.4999999999999999,0.0032107694911107654,true,true,true,accepted_frozen_c2,results/bvk2_c2_calibration_holdout_nx128/stage2_rows.csv,model=BVK2|schema=bvk2-rpa-eta-v1|law_mode=adaptive|discretization=central_eta_forward_edge_exact_v1|coordinate=eta_psi|units=lengths_and_b_same_units|c2=0.16|f=0.5|N=1|b=1|k_star_definition=k_star^4=12*f*(1-f)*A_psi/b^2|k_star=4.559014113909555
unified-own-cell-lamella-v1,f0.35_chiN30,0.35,30.0,train,scft,SCFT,reference,4.442837370006758,4.442837370006758,0.0,0.0,0.0,1.0,1.0,0.0,false,0.0010881292799340572,0.9847832143311844,0.35000000000000087,0.0,true,true,true,reference,results/diblock_stress_free_lamella_comparison/summary.csv,Polyorder-cell-solved-SCFT
unified-own-cell-lamella-v1,f0.35_chiN30,0.35,30.0,train,ohta_kawasaki,Ohta-Kawasaki,not_applicable,3.90988457899641,4.442837370006758,-0.1199577537112364,0.1199577537112364,0.03441528966390131,0.9927334487910613,0.9984862814248202,0.50390625,false,9.999999999920157e-11,0.9999999999,0.35000000000147746,0.01630491474874962,true,true,true,accepted,results/diblock_stress_free_lamella_comparison/summary.csv,canonical-own-cell-ohta_kawasaki
unified-own-cell-lamella-v1,f0.35_chiN30,0.35,30.0,train,uneyama_doi,Uneyama-Doi,not_applicable,3.8107186734824214,4.442837370006758,-0.14227815332420657,0.14227815332420657,0.02520797203822747,0.9961014662631487,0.9995896652138688,0.50390625,false,0.027181868258610048,0.9641072080930514,0.3499999999999999,0.04676974521680899,true,true,true,accepted,results/diblock_stress_free_lamella_comparison/summary.csv,canonical-own-cell-uneyama_doi
unified-own-cell-lamella-v1,f0.35_chiN30,0.35,30.0,train,liu2019_opf,Liu-OPF,not_applicable,4.622977457443886,4.442837370006758,0.04054618083777717,0.04054618083777717,0.036571781380696784,0.9917942607981207,0.9958951019435788,0.50390625,false,5.876090093556255e-8,0.9376321556152086,0.3499999999999999,0.046062988196942656,true,true,true,accepted,results/liu2019_opf_baseline/summary.csv,Liu2019-Eqs20-24-Table2
unified-own-cell-lamella-v1,f0.35_chiN30,0.35,30.0,train,burp_ti,BURP-TI,not_applicable,3.652914637177955,4.442837370006758,-0.1777969047801543,0.1777969047801543,0.015086340065596717,0.9986036532900551,0.9995663106269735,0.50390625,false,1.715357624393633e-10,0.9999997292851875,0.3499999999999998,0.016304644062401397,true,true,true,accepted,results/diblock_stress_free_lamella_comparison/summary.csv,canonical-own-cell-burp_ti
unified-own-cell-lamella-v1,f0.35_chiN30,0.35,30.0,train,bvk2,BVK2,train,4.410551224594251,4.442837370006758,-0.007267010408814056,0.007267010408814056,0.01604403610263877,0.998420743252128,0.9992313062534075,0.0078125,false,0.0005612489073855535,0.9852852441570409,0.3499999999999999,0.0010289101984050086,true,true,true,accepted_frozen_c2,results/bvk2_c2_calibration_nx128/stage2_rows.csv,model=BVK2|schema=bvk2-rpa-eta-v1|law_mode=adaptive|discretization=central_eta_forward_edge_exact_v1|coordinate=eta_psi|units=lengths_and_b_same_units|c2=0.16|f=0.34999999999999998|N=1|b=1|k_star_definition=k_star^4=12*f*(1-f)*A_psi/b^2|k_star=4.6677822545698175
