f,N,b,model,model_label,qRg_star,period_rg,kernel_star,chiN_spinodal,exact_qRg_star,exact_period_rg,exact_chiN_spinodal,relative_spinodal_error,converged,iterations
0.1,1.0,1.0,exact_rpa,Full RPA kernel (BURP-TI Gaussian limit),2.3562056734804733,2.6666540098336866,148.66274758864446,74.33137379432223,2.3562056734804733,2.6666540098336866,74.33137379432223,0.0,true,38
0.1,1.0,1.0,uneyama_doi,Literal nonlinear UD Hessian,2.4028113692266455,2.6149307380719837,171.8536953617597,85.92684768087985,2.3562056734804733,2.6666540098336866,74.33137379432223,0.15599703455828404,true,37
0.1,1.0,1.0,bvk1_bvk2,Nominal reduced kernel shared by BVK1 and BVK2,2.4028113692266455,2.6149307380719837,146.54505338645106,73.27252669322553,2.3562056734804733,2.6666540098336866,74.33137379432223,-0.014244955353934037,true,37
0.1,1.0,1.0,ok,OK,2.4028113692266455,2.6149307380719837,148.66274758864444,74.33137379432222,2.3562056734804733,2.6666540098336866,74.33137379432223,-1.911824575518271e-16,true,37
0.25,1.0,1.0,exact_rpa,Full RPA kernel (BURP-TI Gaussian limit),2.0527621199934423,3.060844335533461,36.343848088622245,18.171924044311123,2.0527621199934423,3.060844335533461,18.171924044311123,0.0,true,38
0.25,1.0,1.0,uneyama_doi,Literal nonlinear UD Hessian,2.0000000215715747,3.1415926197052433,40.51534671993245,20.257673359966226,2.0527621199934423,3.060844335533461,18.171924044311123,0.1147786723392158,true,38
0.25,1.0,1.0,bvk1_bvk2,Nominal reduced kernel shared by BVK1 and BVK2,2.0000000215715747,3.1415926197052433,36.07090227548801,18.035451137744005,2.0527621199934423,3.060844335533461,18.171924044311123,-0.007510096687303828,true,38
0.25,1.0,1.0,ok,OK,2.0000000215715747,3.1415926197052433,36.343848088622266,18.171924044311133,2.0527621199934423,3.060844335533461,18.171924044311123,5.865169263536585e-16,true,38
0.3,1.0,1.0,exact_rpa,Full RPA kernel (BURP-TI Gaussian limit),2.0098437064790473,3.126205926821449,29.26975625139335,14.634878125696675,2.0098437064790473,3.126205926821449,14.634878125696675,0.0,true,38
0.3,1.0,1.0,uneyama_doi,Literal nonlinear UD Hessian,1.9441308487537627,3.231873673115813,32.456577485409426,16.228288742704713,2.0098437064790473,3.126205926821449,14.634878125696675,0.10887761437590965,true,38
0.3,1.0,1.0,bvk1_bvk2,Nominal reduced kernel shared by BVK1 and BVK2,1.9441308487537627,3.231873673115813,29.168595625998996,14.584297812999498,2.0098437064790473,3.126205926821449,14.634878125696675,-0.0034561485420479955,true,38
0.3,1.0,1.0,ok,OK,1.9441308487537627,3.231873673115813,29.269756251393346,14.634878125696673,2.0098437064790473,3.126205926821449,14.634878125696675,-1.2137831447200311e-16,true,38
0.35,1.0,1.0,exact_rpa,Full RPA kernel (BURP-TI Gaussian limit),1.9800792878381115,3.17319884399159,25.124008698572375,12.562004349286187,1.9800792878381115,3.17319884399159,12.562004349286187,0.0,true,38
0.35,1.0,1.0,uneyama_doi,Literal nonlinear UD Hessian,1.905614102266132,3.297197108117379,27.762348032797917,13.881174016398958,1.9800792878381115,3.17319884399159,12.562004349286187,0.10501267396772794,true,38
0.35,1.0,1.0,bvk1_bvk2,Nominal reduced kernel shared by BVK1 and BVK2,1.905614102266132,3.297197108117379,25.12981572993594,12.56490786496797,1.9800792878381115,3.17319884399159,12.562004349286187,0.0002311347457818992,true,38
0.35,1.0,1.0,ok,OK,1.905614102266132,3.297197108117379,25.124008698572382,12.562004349286191,1.9800792878381115,3.17319884399159,12.562004349286187,2.828142372839074e-16,true,38
0.5,1.0,1.0,exact_rpa,Full RPA kernel (BURP-TI Gaussian limit),1.9455682032234494,3.229486016871319,20.989736490727736,10.494868245363868,1.9455682032234494,3.229486016871319,10.494868245363868,0.0,true,38
0.5,1.0,1.0,uneyama_doi,Literal nonlinear UD Hessian,1.8612097156876801,3.375861008149785,23.107555041060095,11.553777520530048,1.9455682032234494,3.229486016871319,10.494868245363868,0.10089781504726894,true,38
0.5,1.0,1.0,bvk1_bvk2,Nominal reduced kernel shared by BVK1 and BVK2,1.8612097156876801,3.375861008149785,21.107555041060095,10.553777520530048,1.9455682032234494,3.229486016871319,10.494868245363868,0.005613150521656411,true,38
0.5,1.0,1.0,ok,OK,1.8612097156876801,3.375861008149785,20.989736490727747,10.494868245363874,1.9455682032234494,3.229486016871319,10.494868245363868,5.077786965600907e-16,true,38
