case_id,f,chiN,N,b,model,model_label,model_period_b,model_period_rg,model_initial_amplitude,model_period_optimizer,model_period_iterations,reference_period_b,reference_period_rg,period_factor,period_selected_at_endpoint,period_boundary_limited,period_local_minimum_check_pass,period_local_center_factor,period_local_center_objective,period_local_left_factor,period_local_left_objective,period_local_right_factor,period_local_right_objective,period_local_check_fraction,period_bootstrap_used,period_bootstrap_factor,period_bootstrap_window,model_converged,model_convergence,model_iterations,model_energy,model_homogeneous_energy,model_minimum_phi_a,model_maximum_phi_a,model_mean_phi_a,scft_period_rg,scft_period_factor,scft_selected_at_endpoint,scft_convergence,scft_presolve_convergence,scft_stress_norm,scft_cell_iterations,scft_field_evaluations,scft_grid_count,scft_free_energy,scft_minimum_phi_a,scft_maximum_phi_a,scft_mean_phi_a,scft_incompressibility_rms,alignment_shift_fraction,alignment_swapped,profile_rms,profile_r2,profile_correlation
f0.5_chiN12,0.5,12.0,1.0,1.0,burp_ti,BURP-TI,1.3191978097657517,3.231361503723243,0.2,BootstrapLocal,12,1.3184321550536418,3.229486040359416,1.0005807312186488,false,false,true,1.0005807312186488,-0.04694472947646403,0.9905749239064623,-0.04685824799422688,1.0105865385308352,-0.04684638976693792,0.01,true,1.0,0.18,true,true,5200,-0.06192938430539707,0.0,0.17050498784597928,0.8294950122841738,0.5,3.4267271327159823,1.061075071974801,false,Polyorder.Successful(),Polyorder.Successful(),9.708889499476746e-9,44,220,64,1.9522747961463094,0.17134652191957137,0.8286538214075029,0.4999999999999995,4.5778422553862554e-7,0.50390625,true,0.002673189876775383,0.9998768889034689,0.999948389844246
f0.5_chiN12,0.5,12.0,1.0,1.0,bvk1,BVK1,1.4306847405110288,3.5044475970381774,0.2,BootstrapLocal,21,1.3184321550536418,3.229486040359416,1.085140964612487,false,false,true,1.085140964612487,-0.033839730190744766,1.074289554966362,-0.03377818308611568,1.095992374258612,-0.03377320420185711,0.01,true,1.0,0.18,true,true,135,-0.048413985606908905,0.0,0.21418241460847492,0.785802269344454,0.5,3.4267271327159823,1.061075071974801,false,Polyorder.Successful(),Polyorder.Successful(),9.708889499476746e-9,44,220,64,1.9522747961463094,0.17134652191957137,0.8286538214075029,0.4999999999999995,4.5778422553862554e-7,0.50390625,true,0.030281031629987007,0.984202843610786,0.9999624249425141
f0.5_chiN12,0.5,12.0,1.0,1.0,uneyama_doi,Uneyama-Doi,1.3915392180513662,3.4085610412973453,1.0,BootstrapLocal,17,1.3184321550536418,3.229486040359416,1.05545,false,false,true,1.05545,-0.0026811181112665005,1.0448955,-0.0021276955545131864,1.0660045,-0.0024654218371190357,0.01,true,1.0,0.18,true,true,3142,-0.0037308810000551418,0.0,0.33987665960567554,0.6601233404229022,0.5000000000000001,3.4267271327159823,1.061075071974801,false,Polyorder.Successful(),Polyorder.Successful(),9.708889499476746e-9,44,220,64,1.9522747961463094,0.17134652191957137,0.8286538214075029,0.4999999999999995,4.5778422553862554e-7,0.50390625,true,0.1264683567376582,0.7244494164349192,0.9996527837012512
f0.5_chiN12,0.5,12.0,1.0,1.0,ohta_kawasaki,Ohta-Kawasaki,1.3303793026140562,3.258750455764168,0.2,BootstrapLocal,17,1.3184321550536418,3.229486040359416,1.0090616324204627,false,false,true,1.0090616324204627,-0.2067978615135444,0.998971016096258,-0.20658097445763826,1.0191522487446674,-0.003508708732125215,0.01,true,1.0,0.18,true,true,5483,-0.2751195947824674,0.0,9.976094252747864e-10,0.9999999990023907,0.5000000000000001,3.4267271327159823,1.061075071974801,false,Polyorder.Successful(),Polyorder.Successful(),9.708889499476746e-9,44,220,64,1.9522747961463094,0.17134652191957137,0.8286538214075029,0.4999999999999995,4.5778422553862554e-7,0.00390625,false,0.143300107974906,0.6462221655671634,0.9996035684634853
f0.5_chiN15,0.5,15.0,1.0,1.0,burp_ti,BURP-TI,1.3252150518762007,3.2461006765526306,0.2,BootstrapLocal,12,1.3184321550536418,3.229486040359416,1.0051446688375731,false,false,true,1.0051446688375731,-0.32907245184795775,0.9950932221491974,-0.32887416705553996,1.0151961155259488,-0.32875427266275137,0.01,true,1.0005807312186488,0.18,true,true,2473,-0.43609176634671987,0.0,0.044110483791977115,0.9558895236222648,0.5,3.7135620657436155,1.1498925895125796,false,Polyorder.Successful(),Polyorder.Successful(),2.8503364545761265e-8,54,270,64,2.429542672173361,0.05971889460191256,0.9402808644528569,0.49999999999999983,6.423230799193659e-7,0.3359375,false,0.01093791479751,0.9989664263661446,0.9998065956284342
f0.5_chiN15,0.5,15.0,1.0,1.0,bvk1,BVK1,1.5274066968473368,3.7413670369858862,0.5,BootstrapLocal,18,1.3184321550536418,3.229486040359416,1.1585023097265044,false,false,true,1.1585023097265044,-0.2669001525604045,1.1469172866292394,-0.2667458714584119,1.1700873328237693,-0.2667304856482073,0.01,true,1.085140964612487,0.18,true,true,159,-0.40766508041033767,0.0,0.08369353040891385,0.9163108524883233,0.49999999999999994,3.7135620657436155,1.1498925895125796,false,Polyorder.Successful(),Polyorder.Successful(),2.8503364545761265e-8,54,270,64,2.429542672173361,0.05971889460191256,0.9402808644528569,0.49999999999999983,6.423230799193659e-7,0.8359375,true,0.01684537833585885,0.9975484887602651,0.9998083443387591
f0.5_chiN15,0.5,15.0,1.0,1.0,uneyama_doi,Uneyama-Doi,1.397260938679533,3.422576337287111,0.5,BootstrapLocal,12,1.3184321550536418,3.229486040359416,1.0597897914759853,false,false,true,1.0597897914759853,-0.1346251935844195,1.0491918935612254,-0.13451171184469804,1.0703876893907451,-0.1345110879215427,0.01,true,1.05545,0.18,true,true,1714,-0.18810652435767983,0.0,0.14859374365528266,0.8514062560096027,0.5,3.7135620657436155,1.1498925895125796,false,Polyorder.Successful(),Polyorder.Successful(),2.8503364545761265e-8,54,270,64,2.429542672173361,0.05971889460191256,0.9402808644528569,0.49999999999999983,6.423230799193659e-7,0.8359375,true,0.07546761622336474,0.9507967698815664,0.9995749040328924
f0.5_chiN15,0.5,15.0,1.0,1.0,ohta_kawasaki,Ohta-Kawasaki,1.3793095361695265,3.378604560970278,1.0,BootstrapLocal,16,1.3184321550536418,3.229486040359416,1.0461740718948165,false,false,true,1.0461740718948165,-0.6925625193865542,1.0357123311758683,-0.6923451191964624,1.0566358126137647,-0.6923172198137074,0.01,true,1.0090616324204627,0.18,true,true,2154,-0.9552580873834668,0.0,5.12830190487708e-12,0.9999999999948717,0.5000000000000001,3.7135620657436155,1.1498925895125796,false,Polyorder.Successful(),Polyorder.Successful(),2.8503364545761265e-8,54,270,64,2.429542672173361,0.05971889460191256,0.9402808644528569,0.49999999999999983,6.423230799193659e-7,0.3359375,false,0.07835557715558779,0.946958942059215,0.9983600535981593
f0.5_chiN20,0.5,20.0,1.0,1.0,burp_ti,BURP-TI,1.3529415521574106,3.314016454594729,0.2,BootstrapLocal,15,1.3184321550536418,3.229486040359416,1.0261745717983985,false,false,true,1.0261745717983985,-1.0735702832095066,1.0159128260804144,-1.0733004764987792,1.0364363175163827,-1.073253350724818,0.01,true,1.0110286077863802,0.18,true,true,2597,-1.4524778453155407,0.0,1.2954336671924704e-5,0.9999870456382479,0.5,4.045700132441193,1.2527380771681365,false,Polyorder.Successful(),Polyorder.Successful(),6.302480409226948e-7,2,10,80,2.984894524500401,0.01726663015300904,0.9827332293774936,0.4999999999999994,2.662519319321587e-7,0.90234375,false,0.016692109747727044,0.9982134168612694,0.9998226510325974
f0.5_chiN20,0.5,20.0,1.0,1.0,bvk1,BVK1,1.6495031939599223,4.04044115429292,0.2,BootstrapLocal,12,1.3184321550536418,3.229486040359416,1.2511096514426339,false,false,true,1.2511096514426339,-0.9462960807310159,1.2385985549282075,-0.9460255374967402,1.2636207479570603,-0.9460257274484895,0.01,true,1.253081533172371,0.18,true,true,260,-1.5609184075975673,0.0,0.016597077492201014,0.983384880950514,0.49999999999999994,4.045700132441193,1.2527380771681365,false,Polyorder.Successful(),Polyorder.Successful(),6.302480409226948e-7,2,10,80,2.984894524500401,0.01726663015300904,0.9827332293774936,0.4999999999999994,2.662519319321587e-7,0.40234375,true,0.008163546979796654,0.9995726747446945,0.9998043012464026
f0.5_chiN20,0.5,20.0,1.0,1.0,uneyama_doi,Uneyama-Doi,1.4291423009039885,3.50066940704187,1.0,BootstrapLocal,15,1.3184321550536418,3.229486040359416,1.0839710601914456,false,false,true,1.0839710601914456,-0.6336179500683515,1.0731313495895312,-0.6334162765415277,1.09481077079336,-0.6333905884423734,0.01,true,1.065384755786928,0.18,true,true,445,-0.9055302150547524,0.0,0.06370425407034189,0.9362957459176979,0.5000000000000001,4.045700132441193,1.2527380771681365,false,Polyorder.Successful(),Polyorder.Successful(),6.302480409226948e-7,2,10,80,2.984894524500401,0.01726663015300904,0.9827332293774936,0.4999999999999994,2.662519319321587e-7,0.40234375,true,0.045730304623706114,0.9865906120162123,0.9996580125382803
f0.5_chiN20,0.5,20.0,1.0,1.0,ohta_kawasaki,Ohta-Kawasaki,1.4535718803803601,3.5605094113897486,1.0,BootstrapLocal,18,1.3184321550536418,3.229486040359416,1.102500325715448,false,false,true,1.102500325715448,-1.6135935442595088,1.0914753224582936,-1.6133403678093305,1.1135253289726024,-1.6133338697472426,0.01,true,1.0940203279880056,0.18,true,true,933,-2.345474202298904,0.0,1.9786190800727927e-11,0.9999999999802138,0.5000000000000002,4.045700132441193,1.2527380771681365,false,Polyorder.Successful(),Polyorder.Successful(),6.302480409226948e-7,2,10,80,2.984894524500401,0.01726663015300904,0.9827332293774936,0.4999999999999994,2.662519319321587e-7,0.90234375,false,0.05113945939248273,0.9832307733981611,0.9979207457393272
f0.5_chiN25,0.5,25.0,1.0,1.0,burp_ti,BURP-TI,1.4068152202130608,3.44597945190315,0.5,BootstrapLocal,15,1.3184321550536418,3.229486040359416,1.0670364908961305,false,false,true,1.0670364908961305,-1.9659525728052398,1.0563661259871693,-1.9656627427382,1.0777068558050917,-1.9656245508523646,0.01,true,1.0424866318113086,0.18,true,true,1176,-2.765732001639437,0.0,3.7096524180987626e-8,0.9999999629034954,0.5000000000000001,4.288401513627919,1.3278897818523019,false,Polyorder.Successful(),Polyorder.Successful(),3.7743089602511144e-7,15,75,90,3.40237842191518,0.00663424452380744,0.9933668104362531,0.5000000000000001,6.579957141290909e-7,0.27734375,false,0.016042659362070086,0.9985308239493006,0.9997589703213633
f0.5_chiN25,0.5,25.0,1.0,1.0,bvk1,BVK1,1.7351750967154227,4.250293601337236,0.2,BootstrapLocal,18,1.3184321550536418,3.229486040359416,1.3160897889697065,false,false,true,1.3160897889697065,-1.8008593245909192,1.3029288910800094,-1.8005332198390787,1.3292506868594036,-1.8005363539232127,0.01,true,1.3229414862601105,0.18,true,true,318,-3.124806252717919,0.0,0.004704155625210473,0.995291352036811,0.49999999999999994,4.288401513627919,1.3278897818523019,false,Polyorder.Successful(),Polyorder.Successful(),3.7743089602511144e-7,15,75,90,3.40237842191518,0.00663424452380744,0.9933668104362531,0.5000000000000001,6.579957141290909e-7,0.77734375,true,0.0112726132533367,0.9992746120606587,0.999770340753964
f0.5_chiN25,0.5,25.0,1.0,1.0,uneyama_doi,Uneyama-Doi,1.4605948269938909,3.577712047083706,1.0,BootstrapLocal,12,1.3184321550536418,3.229486040359416,1.1078270667135428,false,false,true,1.1078270667135428,-1.3252556639336186,1.0967487960464073,-1.3249727891615801,1.1189053373806783,-1.3249759240930479,0.01,true,1.10272750938713,0.18,true,true,107,-1.9356615671857975,0.0,0.035014280036933625,0.9649857199574647,0.5,4.288401513627919,1.3278897818523019,false,Polyorder.Successful(),Polyorder.Successful(),3.7743089602511144e-7,15,75,90,3.40237842191518,0.00663424452380744,0.9933668104362531,0.5000000000000001,6.579957141290909e-7,0.27734375,false,0.03177855722081351,0.9942351306694736,0.9996575752440834
f0.5_chiN25,0.5,25.0,1.0,1.0,ohta_kawasaki,Ohta-Kawasaki,1.5199548975243462,3.7231139309789425,0.2,BootstrapLocal,16,1.3184321550536418,3.229486040359416,1.152850293963367,false,false,true,1.152850293963367,-2.6066639503559577,1.1413217910237332,-2.6064086209902455,1.1643787969030006,-2.6063186616503513,0.01,true,1.1461903624377328,0.18,true,true,815,-3.9620116375436973,0.0,6.497161740656198e-15,0.9999999999999936,0.4999999999999999,4.288401513627919,1.3278897818523019,false,Polyorder.Successful(),Polyorder.Successful(),3.7743089602511144e-7,15,75,90,3.40237842191518,0.00663424452380744,0.9933668104362531,0.5000000000000001,6.579957141290909e-7,0.77734375,true,0.042826987107235044,0.9895297714593632,0.997893400095531
f0.5_chiN30,0.5,30.0,1.0,1.0,burp_ti,BURP-TI,1.4582511287312283,3.5719711822291353,1.0,BootstrapLocal,18,1.3184321550536418,3.229486040359416,1.1060494263141647,false,false,true,1.1060494263141647,-2.9279335437451683,1.094988932051023,-2.9276046567701948,1.1171099205773063,-2.927598276923893,0.01,true,1.1004231097771606,0.18,true,true,625,-4.269662395016417,0.0,6.464057696112787e-9,0.9999999935361112,0.49999999999999994,4.482349595936568,1.3879451838217942,false,Polyorder.Successful(),Polyorder.Successful(),1.0626390471318807e-7,3088,15440,64,3.745100500565613,0.002915681019697223,0.9970853432062258,0.4999999999999989,5.425392298941952e-7,0.12890625,false,0.015550376270015955,0.9987051800869223,0.9997102314411681
f0.5_chiN30,0.5,30.0,1.0,1.0,bvk1,BVK1,1.803560700829282,4.417803437168166,0.5,BootstrapLocal,12,1.3184321550536418,3.229486040359416,1.3679586726674626,false,false,true,1.3679586726674626,-2.7420766174280145,1.354279085940788,-2.7417129778363942,1.3816382593941372,-2.7417203668961903,0.01,true,1.3691824271608903,0.18,true,true,346,-4.945501625856057,0.0,0.0013982701018477282,0.9985950760451986,0.5000000000000001,4.482349595936568,1.3879451838217942,false,Polyorder.Successful(),Polyorder.Successful(),1.0626390471318807e-7,3088,15440,64,3.745100500565613,0.002915681019697223,0.9970853432062258,0.4999999999999989,5.425392298941952e-7,0.12890625,false,0.012533009907214301,0.9991589180136871,0.9997519555106545
f0.5_chiN30,0.5,30.0,1.0,1.0,uneyama_doi,Uneyama-Doi,1.4915581144648302,3.653556302146619,1.0,BootstrapLocal,12,1.3184321550536418,3.229486040359416,1.1313119971684433,false,false,true,1.1313119971684433,-2.1284401218918987,1.1199988771967588,-2.128109764165161,1.1426251171401278,-2.128110679490288,0.01,true,1.1273188432958334,0.18,true,true,132,-3.174692134960374,0.0,0.022269079234329615,0.9777309223446953,0.5,4.482349595936568,1.3879451838217942,false,Polyorder.Successful(),Polyorder.Successful(),1.0626390471318807e-7,3088,15440,64,3.745100500565613,0.002915681019697223,0.9970853432062258,0.4999999999999989,5.425392298941952e-7,0.12890625,false,0.02417210995232653,0.996871352116329,0.9996812906482051
f0.5_chiN30,0.5,30.0,1.0,1.0,ohta_kawasaki,Ohta-Kawasaki,1.5695483815756568,3.8445926614715087,1.0,BootstrapLocal,11,1.3184321550536418,3.229486040359416,1.190465793449795,false,false,true,1.190465793449795,-3.641568071772018,1.1785611355152972,-3.6412864405158643,1.202370451384293,-3.6412868781871652,0.01,true,1.193989213467971,0.18,true,true,399,-5.715617273447356,0.0,4.166448421035708e-14,0.9999999999999583,0.5000000000000001,4.482349595936568,1.3879451838217942,false,Polyorder.Successful(),Polyorder.Successful(),1.0626390471318807e-7,3088,15440,64,3.745100500565613,0.002915681019697223,0.9970853432062258,0.4999999999999989,5.425392298941952e-7,0.12890625,false,0.03706461071094017,0.9926439198609927,0.9981713990228731
f0.5_chiN50,0.5,50.0,1.0,1.0,burp_ti,BURP-TI,1.6173959478519904,3.961794784282526,0.2,BootstrapLocal,18,1.3184321550536418,3.229486040359416,1.226757055076668,false,false,true,1.226757055076668,-7.0993465852860185,1.2144894845259013,-7.098966933514925,1.2390246256274347,-7.098949034180614,0.01,true,1.2153552452216982,0.18,true,true,181,-11.48245439943847,0.0,4.384111613836385e-13,0.9999999999995617,0.49999999999999994,5.029213885195934,1.5572799579700993,false,Polyorder.Successful(),Polyorder.Successful(),8.526382909158734e-7,6112,30560,70,4.740077296454835,0.00019337156396058953,0.9998066279239264,0.500000000000001,6.45641797594275e-7,0.76171875,true,0.013647938131142687,0.9991113667930037,0.9996611470681801
f0.5_chiN50,0.5,50.0,1.0,1.0,bvk1,BVK1,1.9993781863692803,4.897456359455985,0.2,BootstrapLocal,12,1.3184321550536418,3.229486040359416,1.516481662484888,false,false,true,1.516481662484888,-6.885539509906802,1.5013168458600392,-6.885132667403109,1.5316464791097368,-6.885053257732641,0.01,true,1.5132840819875217,0.18,true,true,428,-13.766797497491485,0.0,1.4851308372379922e-5,0.9999849829502065,0.5000000000000001,5.029213885195934,1.5572799579700993,false,Polyorder.Successful(),Polyorder.Successful(),8.526382909158734e-7,6112,30560,70,4.740077296454835,0.00019337156396058953,0.9998066279239264,0.500000000000001,6.45641797594275e-7,0.26171875,false,0.01213118422222744,0.9992979066754158,0.9997411596069687
f0.5_chiN50,0.5,50.0,1.0,1.0,uneyama_doi,Uneyama-Doi,1.5991404466138344,3.9170781212502974,1.0,BootstrapLocal,13,1.3184321550536418,3.229486040359416,1.2129106837118757,false,false,true,1.2129106837118757,-5.887752664240041,1.200781576874757,-5.887319677157351,1.2250397905489945,-5.887281852475975,0.01,true,1.1971116999555536,0.18,true,true,188,-9.415343425044611,0.0,0.007525989671931391,0.9924740103400153,0.49999999999999994,5.029213885195934,1.5572799579700993,false,Polyorder.Successful(),Polyorder.Successful(),8.526382909158734e-7,6112,30560,70,4.740077296454835,0.00019337156396058953,0.9998066279239264,0.500000000000001,6.45641797594275e-7,0.76171875,true,0.016053236078625535,0.9987705421819145,0.9996174789178993
f0.5_chiN50,0.5,50.0,1.0,1.0,ohta_kawasaki,Ohta-Kawasaki,1.714954322930505,4.200763023359942,0.2,BootstrapLocal,11,1.3184321550536418,3.229486040359416,1.300752804273596,false,false,true,1.300752804273596,-8.000022274940367,1.28774527623086,-7.9996455341304475,1.313760332316332,-7.999648969714279,0.01,true,1.2958562986994797,0.18,true,true,124,-13.719672783949315,0.0,5.01040629804579e-13,0.9999999999994988,0.4999999999999999,5.029213885195934,1.5572799579700993,false,Polyorder.Successful(),Polyorder.Successful(),8.526382909158734e-7,6112,30560,70,4.740077296454835,0.00019337156396058953,0.9998066279239264,0.500000000000001,6.45641797594275e-7,0.26171875,false,0.024664446316882915,0.9970977742624356,0.9989994837482327
f0.35_chiN30,0.35,30.0,1.0,1.0,burp_ti,BURP-TI,1.4912961558383226,3.652914637177955,1.0,BootstrapLocal,14,1.295453002824992,3.173198842677485,1.1511773507693879,false,false,true,1.1511773507693879,-2.118826658538908,1.139665577261694,-2.1185336232773326,1.1626891242770818,-2.1184087453998695,0.01,true,1.0,0.18,true,true,952,-3.159798050766832,0.0,1.715357624393633e-10,0.9999997292851875,0.3499999999999998,4.442837370006758,1.4001131319769347,false,Polyorder.Successful(),Polyorder.Successful(),3.379869369234909e-8,935,4675,64,3.7280764151943266,0.0010881292799340572,0.9847832143311844,0.35000000000000087,5.109018999043376e-7,0.50390625,false,0.015086340065596717,0.9986036532900551,0.9995663106269735
f0.35_chiN30,0.35,30.0,1.0,1.0,bvk1,BVK1,1.7838724047113832,4.369577157774495,1.0,BootstrapLocal,36,1.295453002824992,3.173198842677485,1.3770259521737152,false,false,true,1.3770259521737152,-2.0284390233993093,1.3632556926519779,-2.028138581438493,1.3907962116954524,-2.028071437493627,0.01,true,1.0,0.18,true,true,301,-3.618476398481736,0.0,0.0005673879089767977,0.9820527889760688,0.35,4.442837370006758,1.4001131319769347,false,Polyorder.Successful(),Polyorder.Successful(),3.379869369234909e-8,935,4675,64,3.7280764151943266,0.0010881292799340572,0.9847832143311844,0.35000000000000087,5.109018999043376e-7,0.50390625,false,0.010258488350295436,0.9993543573384064,0.9997617869125575
f0.35_chiN30,0.35,30.0,1.0,1.0,uneyama_doi,Uneyama-Doi,1.5557193838879184,3.8107186734824214,0.2,BootstrapLocal,27,1.295453002824992,3.173198842677485,1.200907621114285,false,false,true,1.200907621114285,-1.5801580449522568,1.1888985449031422,-1.5799267940519206,1.212916697325428,-1.579834514032627,0.01,true,1.0,0.18,true,true,363,-2.4582825001386626,0.0,0.027181868258610048,0.9641072080930514,0.3499999999999999,4.442837370006758,1.4001131319769347,false,Polyorder.Successful(),Polyorder.Successful(),3.379869369234909e-8,935,4675,64,3.7280764151943266,0.0010881292799340572,0.9847832143311844,0.35000000000000087,5.109018999043376e-7,0.50390625,false,0.02520797203822747,0.9961014662631487,0.9995896652138688
f0.35_chiN30,0.35,30.0,1.0,1.0,ohta_kawasaki,Ohta-Kawasaki,1.5962036952863052,3.90988457899641,0.2,BootstrapLocal,30,1.295453002824992,3.173198842677485,1.2321587057233776,false,false,true,1.2321587057233776,-2.7767318815591384,1.2198371186661439,-2.776432379190792,1.2444802927806113,-2.7764033014212273,0.01,true,1.0,0.18,true,true,791,-4.432229690163992,0.0,9.999999999920157e-11,0.9999999999,0.35000000000147746,4.442837370006758,1.4001131319769347,false,Polyorder.Successful(),Polyorder.Successful(),3.379869369234909e-8,935,4675,64,3.7280764151943266,0.0010881292799340572,0.9847832143311844,0.35000000000000087,5.109018999043376e-7,0.50390625,false,0.03441528966390131,0.9927334487910613,0.9984862814248202
f0.25_chiN50,0.25,50.0,1.0,1.0,burp_ti,BURP-TI,1.707655793662485,4.1828853507805235,0.2,BootstrapLocal,36,1.249584497924847,3.0608444104077797,1.3665788880210545,false,false,true,1.3665788880210545,-3.4215867820691406,1.352913099140844,-3.4211890070707183,1.380244676901265,-3.4211129191753975,0.01,true,1.0,0.18,true,true,487,-5.842892491919346,0.0,9.999999999920157e-11,0.9999999052962512,0.25000000000116496,4.942637,1.6147952451269876,false,Polyorder.Successful(),Polyorder.Successful(),1.0947166870995794e-7,2,10,250,4.716113521574446,9.747974819575541e-5,0.9896267408357248,0.25000000000000006,6.341642499542119e-7,0.52734375,false,0.017539081360198532,0.9978988302570679,0.9989534656246708
f0.25_chiN50,0.25,50.0,1.0,1.0,bvk1,BVK1,1.9725102550136624,4.831643637190597,0.5,BootstrapLocal,45,1.249584497924847,3.0608444104077797,1.5785329109710946,false,false,true,1.5785329109710946,-3.5581772110647676,1.5627475818613836,-3.557739654041432,1.5943182400808056,-3.557661025221169,0.01,true,1.0,0.18,true,true,462,-7.018541037981167,0.0,5.4314136637184216e-12,0.988541537123332,0.25,4.942637,1.6147952451269876,false,Polyorder.Successful(),Polyorder.Successful(),1.0947166870995794e-7,2,10,250,4.716113521574446,9.747974819575541e-5,0.9896267408357248,0.25000000000000006,6.341642499542119e-7,0.52734375,false,0.009356068546026653,0.9994020921672996,0.999743590212307
f0.25_chiN50,0.25,50.0,1.0,1.0,uneyama_doi,Uneyama-Doi,1.8246100858539638,4.469363689878018,1.0,BootstrapLocal,29,1.249584497924847,3.0608444104077797,1.4601734327562859,false,false,true,1.4601734327562859,-3.1675833955954897,1.445571698428723,-3.1672896396615546,1.4747751670838487,-3.1672219358380573,0.01,true,1.0,0.18,true,true,160,-5.779604611387077,0.0,0.008164864275444729,0.9841942585263945,0.2499999999999999,4.942637,1.6147952451269876,false,Polyorder.Successful(),Polyorder.Successful(),1.0947166870995794e-7,2,10,250,4.716113521574446,9.747974819575541e-5,0.9896267408357248,0.25000000000000006,6.341642499542119e-7,0.52734375,false,0.01646611055320373,0.9981480489357244,0.99933003010337
f0.25_chiN50,0.25,50.0,1.0,1.0,ohta_kawasaki,Ohta-Kawasaki,1.8278062027360416,4.477192545397403,1.0,BootstrapLocal,34,1.249584497924847,3.0608444104077797,1.4627311764602016,false,false,true,1.4627311764602016,-4.156125308400634,1.4481038646955995,-4.155829489922797,1.4773584882248036,-4.155763498166857,0.01,true,1.0,0.18,true,true,251,-7.596591618042923,0.0,9.999999999920157e-11,0.9999999999,0.250000000004822,4.942637,1.6147952451269876,false,Polyorder.Successful(),Polyorder.Successful(),1.0947166870995794e-7,2,10,250,4.716113521574446,9.747974819575541e-5,0.9896267408357248,0.25000000000000006,6.341642499542119e-7,0.52734375,false,0.019817361650197794,0.9973175037543391,0.9991933373383963
