source,role,data_rows,sha256
results/diblock_kernel_comparison/kernel_samples.csv,Figure 1 panel (a),8400,59613f3dc55fcad5df29d7c008aeb50a238b8655b0532425b2c9ab7335386a31
results/diblock_weak_response_map/weak_response_map.csv,Figure 1 panels (b) and (c),324,810739a293c8430459e5fd53030d4645f75445a475d6832c64349e4c3b98a635
results/bvk2_aba_comprehensive_validation/benchmark_summary.csv,"TOC ABA UD, BURP, and AQCE period errors",35,fe890e94ed44ee5a1cbe5dd8608d583e3f9f63e4066d08f2a1c213c83f636e4b
results/bvk2_aba_fixed_stiffness_validation/summary.csv,TOC ABA QCE period errors,7,e32430a11351d713672aa3fd5615d7b46985554f7551c2a72509299be474aaec
results/bvk2_publication_phase_diagram/phase_diagram_plot_data.csv,TOC Figure 6 plotted AQCE phase boundaries,141,a17b49cdbb2bace48abc46c2258acc3e67b0a4272e80ede8b4e9565cd11a50c6
results/bvk2_publication_phase_diagram/scft_reference_boundaries.csv,TOC Figure 6 SCFT reference boundaries,1334,c2130bd398e7342c73536b6c5069b1ad371ce6bf3d81d367b8abc7a4f33d5620
results/bvk2_publication_phase_diagram/fcc_region_zoom_triple_point.csv,TOC Figure 6 estimated triple-point topology,1,cd75f3839354d635210bf876d549f7f27b42797d3a32042635de84f509097a52
results/bvk2_publication_phase_diagram/estimated_g_c_o70_triple_point.csv,TOC Figure 6 estimated triple-point topology,1,f1a6c7ce77821801ad34c4c77f7578ad30a0bff7ad8f871353731130b798b376
results/bvk2_publication_phase_diagram/estimated_g_o70_l_triple_point.csv,TOC Figure 6 estimated triple-point topology,1,385687512e7977fd8384eda6ec82a5ab72853ad74b642d6292af0bd0b4e75417
