schema,phase,chiN,fA,iteration,record_kind,energy,energy_density,abs_gap_to_selected_energy_density,projected_theta_r2,projected_theta_rinf,residual_role
bvk2-si-convergence-morphology-v1,BCC,47.5,0.2085,0,trace,-26.295723886991027,-2.360082912147295,8.556492824390078e-06,0.10530194955547209,0.8282193383937679,diagnostic_only
bvk2-si-convergence-morphology-v1,BCC,47.5,0.2085,9,trace,-26.29574024752234,-2.3600843805309206,7.0881091986385354e-06,0.1420571942169024,1.037966139178633,diagnostic_only
bvk2-si-convergence-morphology-v1,BCC,47.5,0.2085,19,trace,-26.295765049548397,-2.360086606552084,4.862088034998516e-06,0.12505121936978736,1.7311915461061749,diagnostic_only
bvk2-si-convergence-morphology-v1,BCC,47.5,0.2085,29,trace,-26.295786206602536,-2.360088505431239,2.9632088803848324e-06,0.1676515941591512,1.1484450394089907,diagnostic_only
bvk2-si-convergence-morphology-v1,BCC,47.5,0.2085,39,trace,-26.295801779534763,-2.360089903126598,1.565513521258565e-06,0.11509149194864692,1.0391115223374439,diagnostic_only
bvk2-si-convergence-morphology-v1,BCC,47.5,0.2085,49,trace,-26.29581144087669,-2.3600907702473544,6.983927646979443e-07,0.07662471347298667,0.5337343319231813,diagnostic_only
bvk2-si-convergence-morphology-v1,BCC,47.5,0.2085,59,trace,-26.295819222274204,-2.3600914686401193,0.0,0.07291316920771004,0.5709389545654582,diagnostic_only
bvk2-si-convergence-morphology-v1,BCC,47.5,0.2085,60,selected_plateau,-26.295819222274204,-2.3600914686401193,0.0,0.07291316920771004,0.570938954565456,diagnostic_only
bvk2-si-convergence-morphology-v1,CYL,54.0,0.363,0,trace,-61.1831837015762,-6.462257659846587,0.00018952586171149964,64.99778427467162,4458.161159310467,diagnostic_only
bvk2-si-convergence-morphology-v1,CYL,54.0,0.363,9,trace,-61.18322620048083,-6.46226214864327,0.00018503706502932956,61.52815959300133,3969.660752661085,diagnostic_only
bvk2-si-convergence-morphology-v1,CYL,54.0,0.363,19,trace,-61.183398529155475,-6.462280350250809,0.00016683545749021823,108.24041637346029,5235.128011226388,diagnostic_only
bvk2-si-convergence-morphology-v1,CYL,54.0,0.363,29,trace,-61.18361899204042,-6.462303635864286,0.00014354984401333332,81.77921429249542,6307.526370931417,diagnostic_only
bvk2-si-convergence-morphology-v1,CYL,54.0,0.363,39,trace,-61.1840481945559,-6.4623489688639015,9.821684439706435e-05,254.939163533752,15707.482133345995,diagnostic_only
bvk2-si-convergence-morphology-v1,CYL,54.0,0.363,49,trace,-61.18432982038728,-6.462378714597549,6.84711107498853e-05,62.67834604429089,4495.013562498604,diagnostic_only
bvk2-si-convergence-morphology-v1,CYL,54.0,0.363,59,trace,-61.184435727147694,-6.462389900625021,5.728508327819634e-05,80.25300979420274,3225.5619430152983,diagnostic_only
bvk2-si-convergence-morphology-v1,CYL,54.0,0.363,69,trace,-61.18450802654722,-6.462397536993711,4.964871458785103e-05,142.90565663885087,7166.02771570546,diagnostic_only
bvk2-si-convergence-morphology-v1,CYL,54.0,0.363,79,trace,-61.184571662400955,-6.4624042583059795,4.2927402319349626e-05,45.04810802126327,2073.8302711542374,diagnostic_only
bvk2-si-convergence-morphology-v1,CYL,54.0,0.363,89,trace,-61.18458930452956,-6.462406121693496,4.106401480318642e-05,276.62327652336995,22055.775039720345,diagnostic_only
bvk2-si-convergence-morphology-v1,CYL,54.0,0.363,99,trace,-61.18461158673973,-6.462408475173237,3.8710535062143294e-05,123.59719085381666,9838.524493245215,diagnostic_only
bvk2-si-convergence-morphology-v1,CYL,54.0,0.363,109,trace,-61.184680746564595,-6.462415779935444,3.140577285516121e-05,54.59045873518915,3606.7874734900533,diagnostic_only
bvk2-si-convergence-morphology-v1,CYL,54.0,0.363,119,trace,-61.1847392959895,-6.462421964011634,2.522169666475584e-05,53.35763785554583,2554.2397806212166,diagnostic_only
bvk2-si-convergence-morphology-v1,CYL,54.0,0.363,129,trace,-61.18485295053239,-6.462433968371262,1.3217337036689326e-05,79.89812610081113,7777.87072955461,diagnostic_only
bvk2-si-convergence-morphology-v1,CYL,54.0,0.363,139,trace,-61.18497577203922,-6.462446940959077,2.4474922218670634e-07,55.90683121312005,3465.709235936863,diagnostic_only
bvk2-si-convergence-morphology-v1,CYL,54.0,0.363,144,selected_plateau,-61.184978089269116,-6.4624471857082995,0.0,54.242207858007575,3418.19120973329,diagnostic_only
bvk2-si-convergence-morphology-v1,GYR,54.0,0.363,0,trace,-805.242172451525,-6.4615205597220315,4.482024027157755e-07,0.016074997596335017,0.06916959068603765,diagnostic_only
bvk2-si-convergence-morphology-v1,GYR,54.0,0.363,24,trace,-805.2421903740334,-6.461520703537967,3.0438646707154356e-07,0.01842385559590776,0.14928233212918168,diagnostic_only
bvk2-si-convergence-morphology-v1,GYR,54.0,0.363,49,trace,-805.2422032644026,-6.46152080697441,2.0095002425868245e-07,0.021181758146870632,0.18549714973945702,diagnostic_only
bvk2-si-convergence-morphology-v1,GYR,54.0,0.363,74,trace,-805.2422113853745,-6.461520872139683,1.3578475038371555e-07,0.020424328087751225,0.1758684925875031,diagnostic_only
bvk2-si-convergence-morphology-v1,GYR,54.0,0.363,99,trace,-805.2422272681085,-6.461520999587818,8.336616134287484e-09,0.11033718655685443,1.768869058018062,diagnostic_only
bvk2-si-convergence-morphology-v1,GYR,54.0,0.363,97,selected_plateau,-805.2422283070273,-6.461521007924434,0.0,0.017837826037345374,0.14409407154205098,diagnostic_only
bvk2-si-convergence-morphology-v1,LAM,54.0,0.363,1,trace,-13.387607012291513,-6.462884638028981,1.2364550611624588e-05,13.448218832280938,54.25153003461467,diagnostic_only
bvk2-si-convergence-morphology-v1,LAM,54.0,0.363,10,trace,-13.387607173428362,-6.462884715818004,1.2286761588596748e-05,22.300017114542793,136.97007187770654,diagnostic_only
bvk2-si-convergence-morphology-v1,LAM,54.0,0.363,20,trace,-13.387607357114454,-6.4628848044927025,1.2198086889536906e-05,12.463570382965683,61.814925701687116,diagnostic_only
bvk2-si-convergence-morphology-v1,LAM,54.0,0.363,30,trace,-13.387607544818072,-6.462884895106868,1.2107472724657045e-05,10.577219319534532,43.6970927554727,diagnostic_only
bvk2-si-convergence-morphology-v1,LAM,54.0,0.363,40,trace,-13.387607708815363,-6.462884974276772,1.2028302820138306e-05,25.24717590192877,161.37405919737265,diagnostic_only
bvk2-si-convergence-morphology-v1,LAM,54.0,0.363,50,trace,-13.387607874177627,-6.4628850541056195,1.1948473972694444e-05,8.183362613509344,30.08477966883955,diagnostic_only
bvk2-si-convergence-morphology-v1,LAM,54.0,0.363,60,trace,-13.387608032677356,-6.4628851306215696,1.187195802312397e-05,16.785842924109602,89.66897052597436,diagnostic_only
bvk2-si-convergence-morphology-v1,LAM,54.0,0.363,70,trace,-13.387608183076143,-6.4628852032267785,1.1799352813871592e-05,20.403166613936758,86.76066686038686,diagnostic_only
bvk2-si-convergence-morphology-v1,LAM,54.0,0.363,80,trace,-13.387608336291372,-6.462885277191629,1.1725387963501074e-05,8.362538091236448,45.472103576054714,diagnostic_only
bvk2-si-convergence-morphology-v1,LAM,54.0,0.363,90,trace,-13.38760845226504,-6.462885333178067,1.166940152494937e-05,7.707463236200005,31.720069742584677,diagnostic_only
bvk2-si-convergence-morphology-v1,LAM,54.0,0.363,100,trace,-13.387608581886077,-6.462885395752791,1.1606826801102875e-05,6.151379059114157,22.386166327638616,diagnostic_only
bvk2-si-convergence-morphology-v1,LAM,54.0,0.363,110,trace,-13.38760871561347,-6.462885460309864,1.1542269728505255e-05,14.020841907904677,76.80774519724743,diagnostic_only
bvk2-si-convergence-morphology-v1,LAM,54.0,0.363,120,trace,-13.387608877518955,-6.462885538469946,1.1464109645966982e-05,15.406670872636962,76.483545727241,diagnostic_only
bvk2-si-convergence-morphology-v1,LAM,54.0,0.363,130,trace,-13.387609040988192,-6.462885617384932,1.1385194660222893e-05,7.4068097370445125,28.957679635322492,diagnostic_only
bvk2-si-convergence-morphology-v1,LAM,54.0,0.363,140,trace,-13.387609182579084,-6.462885685738119,1.131684147362985e-05,10.34970251024537,61.66590258175945,diagnostic_only
bvk2-si-convergence-morphology-v1,LAM,54.0,0.363,150,trace,-13.387609337840217,-6.462885760690632,1.1241888960075432e-05,8.727460115089242,42.487963110087776,diagnostic_only
bvk2-si-convergence-morphology-v1,LAM,54.0,0.363,160,trace,-13.38760951005995,-6.462885843829931,1.1158749661315713e-05,9.626157477529285,37.418670314756724,diagnostic_only
bvk2-si-convergence-morphology-v1,LAM,54.0,0.363,170,trace,-13.387609737370418,-6.462885953564355,1.1049015237713918e-05,10.356119732018731,48.8490910404361,diagnostic_only
bvk2-si-convergence-morphology-v1,LAM,54.0,0.363,180,trace,-13.387609937698745,-6.462886050273114,1.0952306478494892e-05,8.051958474318408,35.93320428643101,diagnostic_only
bvk2-si-convergence-morphology-v1,LAM,54.0,0.363,190,trace,-13.387610130778986,-6.462886143482851,1.0859096741607464e-05,14.858129240104487,69.07269958126402,diagnostic_only
bvk2-si-convergence-morphology-v1,LAM,54.0,0.363,200,trace,-13.387610335839994,-6.462886242476318,1.0760103274114075e-05,21.1578465479609,99.18811127056476,diagnostic_only
bvk2-si-convergence-morphology-v1,LAM,54.0,0.363,210,trace,-13.3876105554644,-6.462886348500285,1.0654079307552889e-05,9.657795838104152,39.04871531696561,diagnostic_only
bvk2-si-convergence-morphology-v1,LAM,54.0,0.363,220,trace,-13.387610808457685,-6.462886470633121,1.053194647129818e-05,10.036340398292344,42.03315119802432,diagnostic_only
bvk2-si-convergence-morphology-v1,LAM,54.0,0.363,230,trace,-13.387611073971346,-6.462886598810185,1.0403769407374482e-05,12.479846663667843,70.39529329752133,diagnostic_only
bvk2-si-convergence-morphology-v1,LAM,54.0,0.363,240,trace,-13.387611312049707,-6.462886713742822,1.0288836770209614e-05,17.691131504230697,81.18158744539936,diagnostic_only
bvk2-si-convergence-morphology-v1,LAM,54.0,0.363,250,trace,-13.38761151384268,-6.462886811158642,1.0191420950718947e-05,11.01831047501128,63.409371422606036,diagnostic_only
bvk2-si-convergence-morphology-v1,LAM,54.0,0.363,260,trace,-13.38761170725543,-6.462886904528897,1.0098050694617372e-05,14.60933441788975,68.05041125314881,diagnostic_only
bvk2-si-convergence-morphology-v1,LAM,54.0,0.363,270,trace,-13.387611972580652,-6.462887032614992,9.969964600099908e-06,13.40642649451208,59.85193750648424,diagnostic_only
bvk2-si-convergence-morphology-v1,LAM,54.0,0.363,280,trace,-13.387612251691863,-6.462887167356291,9.835223301408062e-06,31.58019479888005,163.7975298563145,diagnostic_only
bvk2-si-convergence-morphology-v1,LAM,54.0,0.363,290,trace,-13.38761253111915,-6.462887302250175,9.700329416591348e-06,8.503388859024524,33.39654064000023,diagnostic_only
bvk2-si-convergence-morphology-v1,LAM,54.0,0.363,300,trace,-13.387612799954605,-6.46288743203084,9.570548752117746e-06,10.793814063648686,59.18005159863684,diagnostic_only
bvk2-si-convergence-morphology-v1,LAM,54.0,0.363,310,trace,-13.387613064422185,-6.462887559702907,9.442876684938138e-06,15.41719551135883,68.05882210463608,diagnostic_only
bvk2-si-convergence-morphology-v1,LAM,54.0,0.363,320,trace,-13.387613370060112,-6.462887707250013,9.295329579316336e-06,12.211456282269895,46.9677528163903,diagnostic_only
bvk2-si-convergence-morphology-v1,LAM,54.0,0.363,330,trace,-13.387613660918856,-6.462887847662448,9.154917143974797e-06,12.606088384065195,66.22376177386802,diagnostic_only
bvk2-si-convergence-morphology-v1,LAM,54.0,0.363,340,trace,-13.387613948207438,-6.462887986351384,9.016228208510484e-06,14.380840813511726,75.06767449419249,diagnostic_only
bvk2-si-convergence-morphology-v1,LAM,54.0,0.363,350,trace,-13.387614248095609,-6.462888131122787,8.871456805159876e-06,38.21191354269708,263.64032524611804,diagnostic_only
bvk2-si-convergence-morphology-v1,LAM,54.0,0.363,360,trace,-13.387614550094018,-6.46288827691291,8.725666682008637e-06,10.187186829977206,39.53974338286775,diagnostic_only
bvk2-si-convergence-morphology-v1,LAM,54.0,0.363,370,trace,-13.387614805363508,-6.462888400144588,8.60243500440993e-06,13.013785212414676,79.75253057398041,diagnostic_only
bvk2-si-convergence-morphology-v1,LAM,54.0,0.363,380,trace,-13.387615050837002,-6.462888518647235,8.48393235701337e-06,12.65750118171434,72.83563984202353,diagnostic_only
bvk2-si-convergence-morphology-v1,LAM,54.0,0.363,390,trace,-13.387615304627898,-6.462888641165119,8.361414473079129e-06,12.140074664443752,72.41470068038002,diagnostic_only
bvk2-si-convergence-morphology-v1,LAM,54.0,0.363,400,trace,-13.387615559017524,-6.462888763972041,8.238607551483286e-06,13.765071602527504,59.96942449676176,diagnostic_only
bvk2-si-convergence-morphology-v1,LAM,54.0,0.363,410,trace,-13.387615832192676,-6.4628888958476995,8.106731892849972e-06,11.41342828261296,51.924391295094416,diagnostic_only
bvk2-si-convergence-morphology-v1,LAM,54.0,0.363,420,trace,-13.38761611635364,-6.462889033026773,7.969552819537298e-06,29.134592132459723,141.75556094019709,diagnostic_only
bvk2-si-convergence-morphology-v1,LAM,54.0,0.363,430,trace,-13.387616451627016,-6.46288919488043,7.807699162183942e-06,19.095212324885065,103.43553490258336,diagnostic_only
bvk2-si-convergence-morphology-v1,LAM,54.0,0.363,440,trace,-13.387616775180144,-6.462889351076122,7.651503470545431e-06,22.923398312021334,111.59505242609234,diagnostic_only
bvk2-si-convergence-morphology-v1,LAM,54.0,0.363,450,trace,-13.387617099459256,-6.462889507622283,7.4949573088974746e-06,12.489070770404801,56.5607938387543,diagnostic_only
bvk2-si-convergence-morphology-v1,LAM,54.0,0.363,460,trace,-13.387617414143083,-6.462889659536309,7.343043283311475e-06,13.545309345202531,63.46028635043977,diagnostic_only
bvk2-si-convergence-morphology-v1,LAM,54.0,0.363,470,trace,-13.38761772519534,-6.46288980969719,7.19288240271095e-06,14.05845508912248,63.58690656130713,diagnostic_only
bvk2-si-convergence-morphology-v1,LAM,54.0,0.363,480,trace,-13.387618017387048,-6.462889950753115,7.05182647728926e-06,14.43439609727629,78.68690190360354,diagnostic_only
bvk2-si-convergence-morphology-v1,LAM,54.0,0.363,490,trace,-13.387618322435813,-6.4628900980158015,6.90456379062634e-06,13.499945655356198,69.64526258994847,diagnostic_only
bvk2-si-convergence-morphology-v1,LAM,54.0,0.363,500,trace,-13.387618684077047,-6.462890272598576,6.729981016017048e-06,21.008209311403196,100.34089496177907,diagnostic_only
bvk2-si-convergence-morphology-v1,LAM,54.0,0.363,510,trace,-13.38761899700716,-6.462890423665994,6.578913598811188e-06,29.046038011433456,146.27686669434388,diagnostic_only
bvk2-si-convergence-morphology-v1,LAM,54.0,0.363,520,trace,-13.387619378087178,-6.4628906076328665,6.3949467256414415e-06,13.080970922739557,56.81176409172442,diagnostic_only
bvk2-si-convergence-morphology-v1,LAM,54.0,0.363,530,trace,-13.387619719780073,-6.4628907725855544,6.229994037960618e-06,15.028668660156356,108.3840158676468,diagnostic_only
bvk2-si-convergence-morphology-v1,LAM,54.0,0.363,540,trace,-13.387620038151464,-6.462890926279756,6.0762998360584415e-06,23.72424010107599,107.12050675438422,diagnostic_only
bvk2-si-convergence-morphology-v1,LAM,54.0,0.363,550,trace,-13.387620364368972,-6.462891083761681,5.918817911175718e-06,10.35728895626141,38.1653422719162,diagnostic_only
bvk2-si-convergence-morphology-v1,LAM,54.0,0.363,560,trace,-13.387620672899562,-6.462891232705223,5.769874369170957e-06,11.864193431596052,53.45027268734571,diagnostic_only
bvk2-si-convergence-morphology-v1,LAM,54.0,0.363,570,trace,-13.387621028294117,-6.462891404272405,5.598307187244128e-06,14.393499415794619,66.73817853861742,diagnostic_only
bvk2-si-convergence-morphology-v1,LAM,54.0,0.363,580,trace,-13.387621359351023,-6.4628915640905555,5.438489036600109e-06,10.90284214642273,47.35859480596217,diagnostic_only
bvk2-si-convergence-morphology-v1,LAM,54.0,0.363,590,trace,-13.387621719188676,-6.462891737802649,5.264776943193601e-06,17.85932860605914,103.25134766474343,diagnostic_only
bvk2-si-convergence-morphology-v1,LAM,54.0,0.363,600,trace,-13.387622106652174,-6.462891924851155,5.07772843743883e-06,17.738073721225593,113.12611655646538,diagnostic_only
bvk2-si-convergence-morphology-v1,LAM,54.0,0.363,610,trace,-13.387622446067896,-6.4628920887045345,4.913875057602986e-06,9.805950027997586,46.74378279236272,diagnostic_only
bvk2-si-convergence-morphology-v1,LAM,54.0,0.363,620,trace,-13.387622756834071,-6.462892238727308,4.763852283588631e-06,12.133987342201001,68.65954462352397,diagnostic_only
bvk2-si-convergence-morphology-v1,LAM,54.0,0.363,630,trace,-13.387623045341218,-6.462892378004508,4.624575084385401e-06,12.268701388773026,69.5777362309711,diagnostic_only
bvk2-si-convergence-morphology-v1,LAM,54.0,0.363,640,trace,-13.387623390884228,-6.462892544815843,4.457763748749239e-06,30.034706096338994,202.96824991818463,diagnostic_only
bvk2-si-convergence-morphology-v1,LAM,54.0,0.363,650,trace,-13.387623708943549,-6.462892698359393,4.3042201992224625e-06,12.457202920814328,67.25743461388284,diagnostic_only
bvk2-si-convergence-morphology-v1,LAM,54.0,0.363,660,trace,-13.387624064874725,-6.462892870185629,4.132393962612477e-06,12.872253786982663,49.12615700960475,diagnostic_only
bvk2-si-convergence-morphology-v1,LAM,54.0,0.363,670,trace,-13.387624472329495,-6.4628930668849485,3.935694644079618e-06,16.65527477516849,71.01642332341264,diagnostic_only
bvk2-si-convergence-morphology-v1,LAM,54.0,0.363,680,trace,-13.387624819143936,-6.4628932343100685,3.768269523499255e-06,14.87410879173228,70.54786229424091,diagnostic_only
bvk2-si-convergence-morphology-v1,LAM,54.0,0.363,690,trace,-13.387625173233774,-6.462893405247397,3.5973321950742897e-06,12.823756312917888,56.420634196682435,diagnostic_only
bvk2-si-convergence-morphology-v1,LAM,54.0,0.363,700,trace,-13.387625508828416,-6.462893567256145,3.4353234467259116e-06,13.013378909854628,53.664416440921556,diagnostic_only
bvk2-si-convergence-morphology-v1,LAM,54.0,0.363,710,trace,-13.38762576776675,-6.4628936922589615,3.3103206304099825e-06,16.553999367239516,84.76219982999542,diagnostic_only
bvk2-si-convergence-morphology-v1,LAM,54.0,0.363,720,trace,-13.387626047416685,-6.462893827260331,3.175319261709317e-06,10.239605055566456,56.59591709696192,diagnostic_only
bvk2-si-convergence-morphology-v1,LAM,54.0,0.363,730,trace,-13.38762626441614,-6.462893932017098,3.070562493608778e-06,10.087542129370656,54.75013160997231,diagnostic_only
bvk2-si-convergence-morphology-v1,LAM,54.0,0.363,740,trace,-13.387626475857193,-6.462894034090541,2.9684890511524132e-06,11.147341287777232,68.86945503165813,diagnostic_only
bvk2-si-convergence-morphology-v1,LAM,54.0,0.363,750,trace,-13.387626670895322,-6.462894128245451,2.874334141259527e-06,26.693627567692157,168.3858098435554,diagnostic_only
bvk2-si-convergence-morphology-v1,LAM,54.0,0.363,760,trace,-13.387626905707085,-6.462894241601134,2.7609784583486793e-06,9.999464021644023,40.13801391774667,diagnostic_only
bvk2-si-convergence-morphology-v1,LAM,54.0,0.363,770,trace,-13.38762715198035,-6.462894360489872,2.64208972050569e-06,8.479722490251778,39.25207888892869,diagnostic_only
bvk2-si-convergence-morphology-v1,LAM,54.0,0.363,780,trace,-13.38762741735769,-6.462894488601126,2.5139784658066796e-06,23.654346188836705,131.0820567163041,diagnostic_only
bvk2-si-convergence-morphology-v1,LAM,54.0,0.363,790,trace,-13.387627654382442,-6.462894603025132,2.3995544596343455e-06,8.825556416624767,37.84929383045577,diagnostic_only
bvk2-si-convergence-morphology-v1,LAM,54.0,0.363,800,trace,-13.387627929841498,-6.462894736003349,2.2665762430848866e-06,12.925130081848144,59.366669411088395,diagnostic_only
bvk2-si-convergence-morphology-v1,LAM,54.0,0.363,810,trace,-13.387628167239255,-6.462894850607424,2.151972168391699e-06,9.972524093644381,38.36234651293421,diagnostic_only
bvk2-si-convergence-morphology-v1,LAM,54.0,0.363,820,trace,-13.387628421385665,-6.462894973296933,2.0292826592613326e-06,18.07884999276763,100.76389818152404,diagnostic_only
bvk2-si-convergence-morphology-v1,LAM,54.0,0.363,830,trace,-13.38762865056857,-6.462895083935278,1.9186443145468307e-06,10.211083403150864,34.32034071211242,diagnostic_only
bvk2-si-convergence-morphology-v1,LAM,54.0,0.363,840,trace,-13.3876289133209,-6.462895210779305,1.791800287464778e-06,31.53913848663543,184.74109766829133,diagnostic_only
bvk2-si-convergence-morphology-v1,LAM,54.0,0.363,850,trace,-13.387629200193276,-6.462895349267316,1.6533122758592612e-06,9.690371648233084,41.43429585650003,diagnostic_only
bvk2-si-convergence-morphology-v1,LAM,54.0,0.363,860,trace,-13.387629465122139,-6.462895477162069,1.5254175239221882e-06,11.698476666382108,54.48411478881812,diagnostic_only
bvk2-si-convergence-morphology-v1,LAM,54.0,0.363,870,trace,-13.387629756003957,-6.462895617585643,1.3849939491546685e-06,18.382147532718875,96.89191472850291,diagnostic_only
bvk2-si-convergence-morphology-v1,LAM,54.0,0.363,880,trace,-13.387630011213252,-6.4628957407882615,1.2617913309653713e-06,8.540873162674009,36.20020942328968,diagnostic_only
bvk2-si-convergence-morphology-v1,LAM,54.0,0.363,890,trace,-13.387630250629378,-6.462895856366706,1.1462128857936048e-06,10.091181111097669,60.203816718858356,diagnostic_only
bvk2-si-convergence-morphology-v1,LAM,54.0,0.363,900,trace,-13.387630490329713,-6.462895972082354,1.0304972387388572e-06,10.48021864002667,46.727506779203395,diagnostic_only
bvk2-si-convergence-morphology-v1,LAM,54.0,0.363,910,trace,-13.387630712424674,-6.462896079298984,9.232806083966277e-07,18.55019028208167,127.53475912763899,diagnostic_only
bvk2-si-convergence-morphology-v1,LAM,54.0,0.363,920,trace,-13.387630914313142,-6.462896176760903,8.258186884901522e-07,8.364101831485838,32.73569396708755,diagnostic_only
bvk2-si-convergence-morphology-v1,LAM,54.0,0.363,930,trace,-13.387631156210082,-6.462896293536965,7.090426272521189e-07,11.819812711160763,53.04156357054665,diagnostic_only
bvk2-si-convergence-morphology-v1,LAM,54.0,0.363,940,trace,-13.387631418712402,-6.4628964202603,5.823192918630225e-07,21.19826024990652,130.3132463849414,diagnostic_only
bvk2-si-convergence-morphology-v1,LAM,54.0,0.363,950,trace,-13.387631645806849,-6.462896529890439,4.726891535263262e-07,10.358941068136602,63.36913887954572,diagnostic_only
bvk2-si-convergence-morphology-v1,LAM,54.0,0.363,960,trace,-13.387631885498637,-6.46289664560196,3.56977632089623e-07,12.740476374455344,57.636374080313516,diagnostic_only
bvk2-si-convergence-morphology-v1,LAM,54.0,0.363,970,trace,-13.387632128579375,-6.4628967629495016,2.396300908575005e-07,12.876909678615288,85.94601104966642,diagnostic_only
bvk2-si-convergence-morphology-v1,LAM,54.0,0.363,980,trace,-13.387632297087059,-6.462896844296805,1.5828278786802206e-07,11.792878839951516,57.328111945265604,diagnostic_only
bvk2-si-convergence-morphology-v1,LAM,54.0,0.363,990,trace,-13.387632441364811,-6.462896913947076,8.863251588020622e-08,20.432353023767888,112.62466591654294,diagnostic_only
bvk2-si-convergence-morphology-v1,LAM,54.0,0.363,1000,trace,-13.387632606975789,-6.46289699389599,8.683601889002818e-09,8.269816372472764,34.43194745744987,diagnostic_only
bvk2-si-convergence-morphology-v1,LAM,54.0,0.363,1002,selected_plateau,-13.387632624963523,-6.462897002579592,0.0,9.504745364185485,42.088926184425716,diagnostic_only
