f,N,b,model,model_label,qRg_star,period_rg,kernel_star,chiN_spinodal,exact_qRg_star,exact_period_rg,exact_chiN_spinodal,relative_qRg_error,relative_period_error,relative_spinodal_error,converged,iterations,boundary_limited
0.1,1.0,1.0,exact_rpa,Full RPA kernel (BURP-TI Gaussian limit),2.3562056560288847,2.6666540295846572,148.66274758864444,74.33137379432222,2.3562056560288847,2.6666540295846572,74.33137379432222,0.0,0.0,0.0,true,38,false
0.1,1.0,1.0,uneyama_doi,Literal nonlinear UD Hessian,2.402811384836291,2.614930721084324,171.85369536175966,85.92684768087983,2.3562056560288847,2.6666540295846572,74.33137379432222,0.019779991906969215,-0.019396332605017146,0.15599703455828406,true,38,false
0.1,1.0,1.0,bvk1_bvk2,Nominal reduced kernel shared by BVK1 and BVK2,2.4028114381286567,2.614930663087329,146.545053386451,73.2725266932255,2.3562056560288847,2.6666540295846572,74.33137379432222,0.019780014524844482,-0.019396354353993416,-0.014244955353934231,true,38,false
0.1,1.0,1.0,ok,OK,2.402811384836291,2.614930721084324,148.66274758864438,74.33137379432219,2.3562056560288847,2.6666540295846572,74.33137379432222,0.019779991906969215,-0.019396332605017146,-3.8236491510365427e-16,true,38,false
0.105,1.0,1.0,exact_rpa,Full RPA kernel (BURP-TI Gaussian limit),2.336948954025574,2.6886275356405696,136.78440733136208,68.39220366568104,2.336948954025574,2.6886275356405696,68.39220366568104,0.0,0.0,0.0,true,38,false
0.105,1.0,1.0,uneyama_doi,Literal nonlinear UD Hessian,2.376989315940937,2.6433376309444503,157.80453113692795,78.90226556846397,2.336948954025574,2.6886275356405696,68.39220366568104,0.017133605698314576,-0.01684499027691795,0.15367339169474442,true,38,false
0.105,1.0,1.0,bvk1_bvk2,Nominal reduced kernel shared by BVK1 and BVK2,2.376989315940937,2.6433376309444503,134.81669405375766,67.40834702687883,2.336948954025574,2.6886275356405696,68.39220366568104,0.017133605698314576,-0.01684499027691795,-0.014385508670133764,true,38,false
0.105,1.0,1.0,ok,OK,2.376989315940937,2.6433376309444503,136.7844073313621,68.39220366568105,2.336948954025574,2.6886275356405696,68.39220366568104,0.017133605698314576,-0.01684499027691795,2.0778471746090204e-16,true,38,false
0.11,1.0,1.0,exact_rpa,Full RPA kernel (BURP-TI Gaussian limit),2.3188950008673506,2.709560072719743,126.41924247188534,63.20962123594267,2.3188950008673506,2.709560072719743,63.20962123594267,0.0,0.0,0.0,true,38,false
0.11,1.0,1.0,uneyama_doi,Literal nonlinear UD Hessian,2.352797977402122,2.670516282114991,145.565006899923,72.7825034499615,2.3188950008673506,2.709560072719743,63.20962123594267,0.014620315504622094,-0.014409641992384876,0.15144659985045805,true,38,false
0.11,1.0,1.0,bvk1_bvk2,Nominal reduced kernel shared by BVK1 and BVK2,2.352797977402122,2.670516282114991,124.5882331600684,62.2941165800342,2.3188950008673506,2.709560072719743,63.20962123594267,0.014620315504622094,-0.014409641992384876,-0.01448362825164171,true,38,false
0.11,1.0,1.0,ok,OK,2.352797977402122,2.670516282114991,126.41924247188534,63.20962123594267,2.3188950008673506,2.709560072719743,63.20962123594267,0.014620315504622094,-0.014409641992384876,0.0,true,38,false
0.115,1.0,1.0,exact_rpa,Full RPA kernel (BURP-TI Gaussian limit),2.3019237921194295,2.7295366287493494,117.31696106805467,58.65848053402733,2.3019237921194295,2.7295366287493494,58.65848053402733,0.0,0.0,0.0,true,38,false
0.115,1.0,1.0,uneyama_doi,Literal nonlinear UD Hessian,2.3300757084729016,2.6965584355615193,134.83374437895597,67.41687218947798,2.3019237921194295,2.7295366287493494,58.65848053402733,0.012229734298698032,-0.01208197495519247,0.1493116012503934,true,38,false
0.115,1.0,1.0,bvk1_bvk2,Nominal reduced kernel shared by BVK1 and BVK2,2.3300757084729016,2.6965584355615193,115.6109596166423,57.80547980832115,2.3019237921194295,2.7295366287493494,58.65848053402733,0.012229734298698032,-0.01208197495519247,-0.014541814208967822,true,38,false
0.115,1.0,1.0,ok,OK,2.33007576015205,2.6965583757540887,117.31696106805477,58.65848053402738,2.3019237921194295,2.7295366287493494,58.65848053402733,0.012229756749114808,-0.01208199686639525,8.479249897097895e-16,true,38,false
0.12,1.0,1.0,exact_rpa,Full RPA kernel (BURP-TI Gaussian limit),2.2859322090319516,2.7486315133730037,109.27738813017737,54.638694065088686,2.2859322090319516,2.7486315133730037,54.638694065088686,0.0,0.0,0.0,true,38,false
0.12,1.0,1.0,uneyama_doi,Literal nonlinear UD Hessian,2.3086831570092543,2.7215450886379036,125.36998471403311,62.684992357016554,2.2859322090319516,2.7486315133730037,54.638694065088686,0.009952590845612737,-0.009854512910630511,0.14726373734962744,true,38,false
0.12,1.0,1.0,bvk1_bvk2,Nominal reduced kernel shared by BVK1 and BVK2,2.3086831570092543,2.7215450886379036,107.68604302440963,53.843021512204814,2.2859322090319516,2.7486315133730037,54.638694065088686,0.009952590845612737,-0.009854512910630511,-0.014562437234243223,true,38,false
0.12,1.0,1.0,ok,OK,2.3086831570092543,2.7215450886379036,109.27738813017736,54.63869406508868,2.2859322090319516,2.7486315133730037,54.638694065088686,0.009952590845612737,-0.009854512910630511,-1.300438723725098e-16,true,38,false
0.125,1.0,1.0,exact_rpa,Full RPA kernel (BURP-TI Gaussian limit),2.2708307946989352,2.766910384449232,102.13883840844338,51.06941920422169,2.2708307946989352,2.766910384449232,51.06941920422169,0.0,0.0,0.0,true,38,false
0.125,1.0,1.0,uneyama_doi,Literal nonlinear UD Hessian,2.2884993953043815,2.745548161416006,116.97947909935488,58.48973954967744,2.2708307946989352,2.766910384449232,51.06941920422169,0.0077806768547846695,-0.007720605319668946,0.14529870245405774,true,38,false
0.125,1.0,1.0,bvk1_bvk2,Nominal reduced kernel shared by BVK1 and BVK2,2.2884993953043815,2.745548161416006,100.65294848710998,50.32647424355499,2.2708307946989352,2.766910384449232,51.06941920422169,0.0077806768547846695,-0.007720605319668946,-0.014547746425228226,true,38,false
0.125,1.0,1.0,ok,OK,2.2884993953043815,2.745548161416006,102.13883840844336,51.06941920422168,2.2708307946989352,2.766910384449232,51.06941920422169,0.0077806768547846695,-0.007720605319668946,-1.3913272303307548e-16,true,38,false
0.13,1.0,1.0,exact_rpa,Full RPA kernel (BURP-TI Gaussian limit),2.256541831138062,2.7844311239782034,95.76952678112764,47.88476339056382,2.256541831138062,2.7844311239782034,47.88476339056382,0.0,0.0,0.0,true,38,false
0.13,1.0,1.0,uneyama_doi,Literal nonlinear UD Hessian,2.2694188559546467,2.7686318418891083,109.50407446739638,54.75203723369819,2.256541831138062,2.7844311239782034,47.88476339056382,0.005706530514477735,-0.005674150799795027,0.143412504456222,true,38,false
0.13,1.0,1.0,bvk1_bvk2,Nominal reduced kernel shared by BVK1 and BVK2,2.2694188559546467,2.7686318418891083,94.38088043630881,47.19044021815441,2.256541831138062,2.7844311239782034,47.88476339056382,0.005706530514477735,-0.005674150799795027,-0.014499876855322112,true,38,false
0.13,1.0,1.0,ok,OK,2.2694188559546467,2.7686318418891083,95.76952678112767,47.88476339056383,2.256541831138062,2.7844311239782034,47.88476339056382,0.005706530514477735,-0.005674150799795027,2.9677195226576805e-16,true,38,false
0.135,1.0,1.0,exact_rpa,Full RPA kernel (BURP-TI Gaussian limit),2.242997061419569,2.801245447554454,90.06114053587656,45.03057026793828,2.242997061419569,2.801245447554454,45.03057026793828,0.0,0.0,0.0,true,38,false
0.135,1.0,1.0,uneyama_doi,Literal nonlinear UD Hessian,2.2513491288004075,2.7908533717857757,102.81392694402727,51.406963472013636,2.242997061419569,2.801245447554454,45.03057026793828,0.0037236194039205147,-0.003709805500175252,0.141601431341751,true,38,false
0.135,1.0,1.0,bvk1_bvk2,Nominal reduced kernel shared by BVK1 and BVK2,2.2513491288004075,2.7908533717857757,88.76238172551034,44.38119086275517,2.242997061419569,2.801245447554454,45.03057026793828,0.0037236194039205147,-0.003709805500175252,-0.014420856793933812,true,38,false
0.135,1.0,1.0,ok,OK,2.2513491288004075,2.7908533717857757,90.06114053587653,45.030570267938266,2.242997061419569,2.801245447554454,45.03057026793828,0.0037236194039205147,-0.003709805500175252,-3.155823839370766e-16,true,38,false
0.14,1.0,1.0,exact_rpa,Full RPA kernel (BURP-TI Gaussian limit),2.2301364370939707,2.817399510931731,84.92397226700632,42.46198613350316,2.2301364370939707,2.817399510931731,42.46198613350316,0.0,0.0,0.0,true,38,false
0.14,1.0,1.0,uneyama_doi,Literal nonlinear UD Hessian,2.2342084542686407,2.8122645830898363,96.80161078042845,48.400805390214224,2.2301364370939707,2.817399510931731,42.46198613350316,0.001825904956728171,-0.0018225771041596765,0.13986202242257442,true,38,false
0.14,1.0,1.0,bvk1_bvk2,Nominal reduced kernel shared by BVK1 and BVK2,2.2342084542686407,2.8122645830898363,83.70848818796257,41.854244093981286,2.2301364370939707,2.817399510931731,42.46198613350316,0.001825904956728171,-0.0018225771041596765,-0.014312614525639346,true,38,false
0.14,1.0,1.0,ok,OK,2.2342084542686407,2.8122645830898363,84.92397226700626,42.46198613350313,2.2301364370939707,2.817399510931731,42.46198613350316,0.001825904956728171,-0.0018225771041596765,-6.693447956260068e-16,true,38,false
0.145,1.0,1.0,exact_rpa,Full RPA kernel (BURP-TI Gaussian limit),2.2179068664900763,2.832934692664968,80.28319413101755,40.141597065508776,2.2179068664900763,2.832934692664968,40.141597065508776,0.0,0.0,0.0,true,38,false
0.145,1.0,1.0,uneyama_doi,Literal nonlinear UD Hessian,2.217924630610492,2.832912002717656,91.37761250162077,45.68880625081039,2.2179068664900763,2.832934692664968,40.141597065508776,8.009407736608212e-6,-8.009343586508544e-6,0.13819104347664307,true,38,false
0.145,1.0,1.0,bvk1_bvk2,Nominal reduced kernel shared by BVK1 and BVK2,2.217924630610492,2.832912002717656,79.14502051248428,39.57251025624214,2.2179068664900763,2.832934692664968,40.141597065508776,8.009407736608212e-6,-8.009343586508544e-6,-0.014176984745721986,true,38,false
0.145,1.0,1.0,ok,OK,2.217924630610492,2.832912002717656,80.28319413101758,40.14159706550879,2.2179068664900763,2.832934692664968,40.141597065508776,8.009407736608212e-6,-8.009343586508544e-6,3.540181695314889e-16,true,38,false
0.15,1.0,1.0,exact_rpa,Full RPA kernel (BURP-TI Gaussian limit),2.206261110455144,2.847888347124691,76.0759769436028,38.0379884718014,2.206261110455144,2.847888347124691,38.0379884718014,0.0,0.0,0.0,true,38,false
0.15,1.0,1.0,uneyama_doi,Literal nonlinear UD Hessian,2.202433279008499,2.852837980185342,86.46684964061599,43.233424820307995,2.206261110455144,2.847888347124691,38.0379884718014,-0.001734985686193528,0.0017380010932128616,0.13658546514251446,true,38,false
0.15,1.0,1.0,bvk1_bvk2,Nominal reduced kernel shared by BVK1 and BVK2,2.202433279008499,2.852837980185342,75.00971776825921,37.504858884129604,2.206261110455144,2.847888347124691,38.0379884718014,-0.001734985686193528,0.0017380010932128616,-0.014015714528832619,true,38,false
0.15,1.0,1.0,ok,OK,2.202433279008499,2.852837980185342,76.07597694360281,38.037988471801405,2.206261110455144,2.847888347124691,38.0379884718014,-0.001734985686193528,0.0017380010932128616,1.8679818894388828e-16,true,38,false
0.155,1.0,1.0,exact_rpa,Full RPA kernel (BURP-TI Gaussian limit),2.1951570684291126,2.8622941827465347,72.24924164197941,36.124620820989705,2.1951570684291126,2.8622941827465347,36.124620820989705,0.0,0.0,0.0,true,38,false
0.155,1.0,1.0,uneyama_doi,Literal nonlinear UD Hessian,2.1876770852939176,2.872080778930603,82.00595581377613,41.00297790688806,2.1951570684291126,2.8622941827465347,36.124620820989705,-0.0034074933601666297,0.0034191440708856873,0.1350424440459139,true,38,false
0.155,1.0,1.0,bvk1_bvk2,Nominal reduced kernel shared by BVK1 and BVK2,2.1876770852939176,2.872080778930603,71.25000075386292,35.62500037693146,2.1951570684291126,2.8622941827465347,36.124620820989705,-0.0034074933601666297,0.0034191440708856873,-0.013830468879771525,true,38,false
0.155,1.0,1.0,ok,OK,2.1876770852939176,2.872080778930603,72.2492416419794,36.1246208209897,2.1951570684291126,2.8622941827465347,36.124620820989705,-0.0034074933601666297,0.0034191440708856873,-1.9669209520041503e-16,true,38,false
0.16,1.0,1.0,exact_rpa,Full RPA kernel (BURP-TI Gaussian limit),2.1845570053041277,2.876182810484664,68.7578889966142,34.3789444983071,2.1845570053041277,2.876182810484664,34.3789444983071,0.0,0.0,0.0,true,38,false
0.16,1.0,1.0,uneyama_doi,Literal nonlinear UD Hessian,2.173604334984931,2.890675734331909,77.94114494917635,38.970572474588174,2.1845570053041277,2.876182810484664,34.3789444983071,-0.0050136802530689134,0.00503894390662981,0.13355930623487225,true,38,false
0.16,1.0,1.0,bvk1_bvk2,Nominal reduced kernel shared by BVK1 and BVK2,2.173604334984931,2.890675734331909,67.82121155915368,33.91060577957684,2.1845570053041277,2.876182810484664,34.3789444983071,-0.0050136802530689134,0.00503894390662981,-0.013622835882972518,true,38,false
0.16,1.0,1.0,ok,OK,2.173604334984931,2.890675734331909,68.75788899661423,34.37894449830711,2.1845570053041277,2.876182810484664,34.3789444983071,-0.0050136802530689134,0.00503894390662981,4.1335925004625374e-16,true,38,false
0.165,1.0,1.0,exact_rpa,Full RPA kernel (BURP-TI Gaussian limit),2.1744270869097466,2.889581970811965,65.56339451757799,32.781697258788995,2.1744270869097466,2.889581970811965,32.781697258788995,0.0,0.0,0.0,true,38,false
0.165,1.0,1.0,uneyama_doi,Literal nonlinear UD Hessian,2.1601688981637452,2.9086546484955953,74.22651744297129,37.11325872148564,2.1744270869097466,2.889581970811965,32.781697258788995,-0.006557216303934493,0.006600497191734175,0.1321335325777047,true,38,false
0.165,1.0,1.0,bvk1_bvk2,Nominal reduced kernel shared by BVK1 and BVK2,2.1601688981637452,2.9086546484955953,64.68521667899883,32.342608339499414,2.1744270869097466,2.889581970811965,32.781697258788995,-0.006557216303934493,0.006600497191734175,-0.01339433147171349,true,38,false
0.165,1.0,1.0,ok,OK,2.1601688981637452,2.9086546484955953,65.56339451757795,32.781697258788974,2.1744270869097466,2.889581970811965,32.781697258788995,-0.006557216303934493,0.006600497191734175,-6.502494945434214e-16,true,38,false
0.17,1.0,1.0,exact_rpa,Full RPA kernel (BURP-TI Gaussian limit),2.164736611792633,2.9025172267846657,62.63268474469027,31.316342372345137,2.164736611792633,2.9025172267846657,31.316342372345137,0.0,0.0,0.0,true,38,false
0.17,1.0,1.0,uneyama_doi,Literal nonlinear UD Hessian,2.147328853927102,2.9260470727102192,70.8227065811995,35.41135329059975,2.164736611792633,2.9025172267846657,31.316342372345137,-0.008041513120210819,0.008106703281006631,0.1307627458394004,true,38,false
0.17,1.0,1.0,bvk1_bvk2,Nominal reduced kernel shared by BVK1 and BVK2,2.147328853927102,2.9260470727102192,61.80929017743461,30.904645088717306,2.164736611792633,2.9025172267846657,31.316342372345137,-0.008041513120210819,0.008106703281006631,-0.013146403840296266,true,38,false
0.17,1.0,1.0,ok,OK,2.147328853927102,2.9260470727102192,62.632684744690245,31.316342372345122,2.164736611792633,2.9025172267846657,31.316342372345137,-0.008041513120210819,0.008106703281006631,-4.537839874860781e-16,true,38,false
0.175,1.0,1.0,exact_rpa,Full RPA kernel (BURP-TI Gaussian limit),2.1554579724402116,2.91501174577129,59.93723217622234,29.96861608811117,2.1554579724402116,2.91501174577129,29.96861608811117,0.0,0.0,0.0,true,38,false
0.175,1.0,1.0,uneyama_doi,Literal nonlinear UD Hessian,2.13504637655979,2.942880012425637,67.69578916619496,33.84789458309748,2.1554579724402116,2.91501174577129,29.96861608811117,-0.00946972575731249,0.009560258786186654,0.12944469920068333,true,38,false
0.175,1.0,1.0,bvk1_bvk2,Nominal reduced kernel shared by BVK1 and BVK2,2.13504637655979,2.942880012425637,59.16521440185396,29.58260720092698,2.1554579724402116,2.91501174577129,29.96861608811117,-0.00946972575731249,0.009560258786186654,-0.0128804375233504,true,38,false
0.175,1.0,1.0,ok,OK,2.13504637655979,2.942880012425637,59.93723217622235,29.968616088111176,2.1554579724402116,2.91501174577129,29.96861608811117,-0.00946972575731249,0.009560258786186654,2.3709561151273155e-16,true,38,false
0.18,1.0,1.0,exact_rpa,Full RPA kernel (BURP-TI Gaussian limit),2.1465660111870597,2.9270869260176906,57.45232142740076,28.72616071370038,2.1465660111870597,2.9270869260176906,28.72616071370038,0.0,0.0,0.0,true,38,false
0.18,1.0,1.0,uneyama_doi,Literal nonlinear UD Hessian,2.123287098123525,2.9591783950142263,64.81640291465158,32.40820145732579,2.1465660111870597,2.9270869260176906,28.72616071370038,-0.010844722660386101,0.010963620079502124,0.12817726602320825,true,38,false
0.18,1.0,1.0,bvk1_bvk2,Nominal reduced kernel shared by BVK1 and BVK2,2.123287127228443,2.959178354451345,56.72855103342275,28.364275516711373,2.1465660111870597,2.9270869260176906,28.72616071370038,-0.010844709101558709,0.010963606221737553,-0.012597757166220032,true,38,false
0.18,1.0,1.0,ok,OK,2.123287127228443,2.959178354451345,57.452321427400754,28.726160713700377,2.1465660111870597,2.9270869260176906,28.72616071370038,-0.010844709101558709,0.010963606221737553,-1.236752002541747e-16,true,38,false
0.185,1.0,1.0,exact_rpa,Full RPA kernel (BURP-TI Gaussian limit),2.1380379457819236,2.938762298197518,55.15645048711961,27.578225243559807,2.1380379457819236,2.938762298197518,27.578225243559807,0.0,0.0,0.0,true,38,false
0.185,1.0,1.0,uneyama_doi,Literal nonlinear UD Hessian,2.1120197773959983,2.974965184713564,62.15902688372201,31.079513441861003,2.1380379457819236,2.938762298197518,27.578225243559807,-0.01216917989564022,0.012319093156411847,0.1269584306959286,true,38,false
0.185,1.0,1.0,bvk1_bvk2,Nominal reduced kernel shared by BVK1 and BVK2,2.1120197773959983,2.974965184713564,54.478046498319785,27.239023249159892,2.1380379457819236,2.938762298197518,27.578225243559807,-0.01216917989564022,0.012319093156411847,-0.012299631009762911,true,38,false
0.185,1.0,1.0,ok,OK,2.1120197773959983,2.974965184713564,55.15645048711964,27.57822524355982,2.1380379457819236,2.938762298197518,27.578225243559807,-0.01216917989564022,0.012319093156411847,5.152925755626928e-16,true,38,false
0.19,1.0,1.0,exact_rpa,Full RPA kernel (BURP-TI Gaussian limit),2.1298529314858743,2.95005594719452,53.03083931142173,26.515419655710865,2.1298529314858743,2.95005594719452,26.515419655710865,0.0,0.0,0.0,true,38,false
0.19,1.0,1.0,uneyama_doi,Literal nonlinear UD Hessian,2.10121582248162,2.9902617522453703,59.70139133614149,29.850695668070745,2.1298529314858743,2.95005594719452,26.515419655710865,-0.013445580481594976,0.013628827985138944,0.12578628042349435,true,38,false
0.19,1.0,1.0,bvk1_bvk2,Nominal reduced kernel shared by BVK1 and BVK2,2.10121582248162,2.9902617522453703,52.39514410421913,26.197572052109564,2.1298529314858743,2.95005594719452,26.515419655710865,-0.013445580481594976,0.013628827985138944,-0.011987274111757956,true,38,false
0.19,1.0,1.0,ok,OK,2.10121582248162,2.9902617522453703,53.03083931142172,26.51541965571086,2.1298529314858743,2.95005594719452,26.515419655710865,-0.013445580481594976,0.013628827985138944,-1.3398670377201897e-16,true,38,false
0.195,1.0,1.0,exact_rpa,Full RPA kernel (BURP-TI Gaussian limit),2.121991816932566,2.9609847017516833,51.05902425969217,25.529512129846086,2.121991816932566,2.9609847017516833,25.529512129846086,0.0,0.0,0.0,true,38,false
0.195,1.0,1.0,uneyama_doi,Literal nonlinear UD Hessian,2.090849086919157,3.005087907342844,57.423991054525324,28.711995527262662,2.121991816932566,2.9609847017516833,25.529512129846086,-0.01467617818546871,0.014894776580598283,0.12465899783866188,true,38,false
0.195,1.0,1.0,bvk1_bvk2,Nominal reduced kernel shared by BVK1 and BVK2,2.090849086919157,3.005087907342844,50.46358150993248,25.23179075496624,2.121991816932566,2.9609847017516833,25.529512129846086,-0.01467617818546871,0.014894776580598283,-0.011661851325853772,true,38,false
0.195,1.0,1.0,ok,OK,2.090849086919157,3.005087907342844,51.05902425969217,25.529512129846086,2.121991816932566,2.9609847017516833,25.529512129846086,-0.01467617818546871,0.014894776580598283,0.0,true,38,false
0.2,1.0,1.0,exact_rpa,Full RPA kernel (BURP-TI Gaussian limit),2.1144372001966385,2.9715639256608153,49.226521611437114,24.613260805718557,2.1144372001966385,2.9715639256608153,24.613260805718557,0.0,0.0,0.0,true,38,false
0.2,1.0,1.0,uneyama_doi,Literal nonlinear UD Hessian,2.080895713515727,3.0194618915159293,55.30968184914304,27.65484092457152,2.1144372001966385,2.9715639256608153,24.613260805718557,-0.01586308010367597,0.016118773498861354,0.12357485433812544,true,38,false
0.2,1.0,1.0,bvk1_bvk2,Nominal reduced kernel shared by BVK1 and BVK2,2.080895713515727,3.0194618915159293,48.66905684914304,24.33452842457152,2.1144372001966385,2.9715639256608153,24.613260805718557,-0.01586308010367597,0.016118773498861354,-0.011324480057606896,true,38,false
0.2,1.0,1.0,ok,OK,2.080895713515727,3.0194618915159293,49.22652161143712,24.61326080571856,2.1144372001966385,2.9715639256608153,24.613260805718557,-0.01586308010367597,0.016118773498861354,1.4434144694778012e-16,true,38,false
0.205,1.0,1.0,exact_rpa,Full RPA kernel (BURP-TI Gaussian limit),2.1071731106981137,2.9818078425924606,47.520547002246936,23.760273501123468,2.1071731106981137,2.9818078425924606,23.760273501123468,0.0,0.0,0.0,true,38,false
0.205,1.0,1.0,uneyama_doi,Literal nonlinear UD Hessian,2.0713336584660897,3.033400863013326,53.343344364364526,26.671672182182263,2.1071731106981137,2.9818078425924606,23.760273501123468,-0.017008309402804723,0.0173025973316943,0.1225322040556955,true,38,false
0.205,1.0,1.0,bvk1_bvk2,Nominal reduced kernel shared by BVK1 and BVK2,2.0713336584660897,3.033400863013326,46.99895041482022,23.49947520741011,2.1071731106981137,2.9818078425924606,23.760273501123468,-0.017008309402804723,0.0173025973316943,-0.010976232815713406,true,38,false
0.205,1.0,1.0,ok,OK,2.0713336584660897,3.033400863013326,47.52054700224696,23.76027350112348,2.1071731106981137,2.9818078425924606,23.760273501123468,-0.017008309402804723,0.0173025973316943,4.485697959620519e-16,true,38,false
0.21,1.0,1.0,exact_rpa,Full RPA kernel (BURP-TI Gaussian limit),2.1001846390138392,2.991729960528572,45.92978037783846,22.96489018891923,2.1001846390138392,2.991729960528572,22.96489018891923,0.0,0.0,0.0,true,38,false
0.21,1.0,1.0,uneyama_doi,Literal nonlinear UD Hessian,2.0621427488291517,3.046920641525456,51.51160263012709,25.755801315063547,2.1001846390138392,2.991729960528572,22.96489018891923,-0.018113593194620463,0.01844774820088805,0.121529478398767,true,38,false
0.21,1.0,1.0,bvk1_bvk2,Nominal reduced kernel shared by BVK1 and BVK2,2.0621426748257528,3.04692075086924,45.442091559128166,22.721045779564083,2.1001846390138392,2.991729960528572,22.96489018891923,-0.018113628431236133,0.018447784749569145,-0.01061813957520273,true,38,false
0.21,1.0,1.0,ok,OK,2.0621427488291517,3.046920641525456,45.92978037783849,22.964890188919245,2.1001846390138392,2.991729960528572,22.96489018891923,-0.018113593194620463,0.01844774820088805,6.18807867065651e-16,true,38,false
0.215,1.0,1.0,exact_rpa,Full RPA kernel (BURP-TI Gaussian limit),2.093458270330191,3.0013425135952527,44.44416819598789,22.222084097993946,2.093458270330191,3.0013425135952527,22.222084097993946,0.0,0.0,0.0,true,38,false
0.215,1.0,1.0,uneyama_doi,Literal nonlinear UD Hessian,2.053304120776983,3.060036379219845,49.80258738267527,24.901293691337635,2.093458270330191,3.0013425135952527,22.222084097993946,-0.019180773804903673,0.019555870534177733,0.12056518108423275,true,38,false
0.215,1.0,1.0,bvk1_bvk2,Nominal reduced kernel shared by BVK1 and BVK2,2.053304166317567,3.060036311350775,43.98856258484363,21.994281292421814,2.093458270330191,3.0013425135952527,22.222084097993946,-0.019180752051145868,0.0195558479212738,-0.010251189967942593,true,38,false
0.215,1.0,1.0,ok,OK,2.053304120776983,3.060036379219845,44.444168195987906,22.222084097993953,2.093458270330191,3.0013425135952527,22.222084097993946,-0.019180773804903673,0.019555870534177733,3.197462185035305e-16,true,38,false
0.22,1.0,1.0,exact_rpa,Full RPA kernel (BURP-TI Gaussian limit),2.0869813476901604,3.0106571456106788,43.05475626218657,21.527378131093286,2.0869813476901604,3.0106571456106788,21.527378131093286,0.0,0.0,0.0,true,38,false
0.22,1.0,1.0,uneyama_doi,Literal nonlinear UD Hessian,2.0448007310782845,3.0727616689897577,48.20573618110346,24.10286809055173,2.0869813476901604,3.0106571456106788,21.527378131093286,-0.020211305030857492,0.020628228448271776,0.1196378836184658,true,38,false
0.22,1.0,1.0,bvk1_bvk2,Nominal reduced kernel shared by BVK1 and BVK2,2.0448007310782845,3.0727616689897577,42.629533052452786,21.314766526226393,2.0869813476901604,3.0106571456106788,21.527378131093286,-0.020211305030857492,0.020628228448271776,-0.009876335314601347,true,38,false
0.22,1.0,1.0,ok,OK,2.0448007310782845,3.0727616689897577,43.05475626218658,21.52737813109329,2.0869813476901604,3.0106571456106788,21.527378131093286,-0.020211305030857492,0.020628228448271776,1.650323442625418e-16,true,38,false
0.225,1.0,1.0,exact_rpa,Full RPA kernel (BURP-TI Gaussian limit),2.0807422612084743,3.019684573297596,41.75354787996544,20.87677393998272,2.0807422612084743,3.019684573297596,20.87677393998272,0.0,0.0,0.0,true,38,false
0.225,1.0,1.0,uneyama_doi,Literal nonlinear UD Hessian,2.036616519567186,3.0851096643932086,46.71162391128765,23.355811955643826,2.0807422612084743,3.019684573297596,20.87677393998272,-0.021206731109339964,0.02166620039528377,0.11874622117324891,true,38,false
0.225,1.0,1.0,bvk1_bvk2,Nominal reduced kernel shared by BVK1 and BVK2,2.036616519567186,3.0851096643932086,41.357119215818685,20.678559607909342,2.0807422612084743,3.019684573297596,20.87677393998272,-0.021206731109339964,0.02166620039528377,-0.009494490510996115,true,38,false
0.225,1.0,1.0,ok,OK,2.036616519567186,3.0851096643932086,41.75354787996543,20.876773939982716,2.0807422612084743,3.019684573297596,20.87677393998272,-0.021206731109339964,0.02166620039528377,-1.7017541546476322e-16,true,38,false
0.23,1.0,1.0,exact_rpa,Full RPA kernel (BURP-TI Gaussian limit),2.074730199576527,3.028434882020827,40.53338301580041,20.266691507900205,2.074730199576527,3.028434882020827,20.266691507900205,0.0,0.0,0.0,true,38,false
0.23,1.0,1.0,uneyama_doi,Literal nonlinear UD Hessian,2.0287366719237205,3.097092586797697,45.31181849947421,22.655909249737103,2.074730199576527,3.028434882020827,20.266691507900205,-0.0221684379309629,0.022671019008688727,0.11788888881569799,true,38,false
0.23,1.0,1.0,bvk1_bvk2,Nominal reduced kernel shared by BVK1 and BVK2,2.0287366719237205,3.097092586797697,40.16426431305718,20.08213215652859,2.074730199576527,3.028434882020827,20.266691507900205,-0.0221684379309629,0.022671019008688727,-0.009106535780626606,true,38,false
0.23,1.0,1.0,ok,OK,2.0287366719237205,3.097092586797697,40.533383015800425,20.266691507900212,2.074730199576527,3.028434882020827,20.266691507900205,-0.0221684379309629,0.022671019008688727,3.505963148859901e-16,true,38,false
0.235,1.0,1.0,exact_rpa,Full RPA kernel (BURP-TI Gaussian limit),2.068935186810755,3.036917418793123,39.38783498481219,19.693917492406094,2.068935186810755,3.036917418793123,19.693917492406094,0.0,0.0,0.0,true,38,false
0.235,1.0,1.0,uneyama_doi,Literal nonlinear UD Hessian,2.021147419569658,3.1087219300991906,43.99875763109612,21.99937881554806,2.068935186810755,3.036917418793123,19.693917492406094,-0.023097759439608793,0.023643880094244615,0.1170646380554272,true,38,false
0.235,1.0,1.0,bvk1_bvk2,Nominal reduced kernel shared by BVK1 and BVK2,2.021147419569658,3.1087219300991906,39.04463624127575,19.522318120637873,2.068935186810755,3.036917418793123,19.693917492406094,-0.023097759439608793,0.023643880094244615,-0.008713318304211865,true,38,false
0.235,1.0,1.0,ok,OK,2.021147419569658,3.1087219300991906,39.38783498481219,19.693917492406094,2.068935186810755,3.036917418793123,19.693917492406094,-0.023097759439608793,0.023643880094244615,0.0,true,38,false
0.24,1.0,1.0,exact_rpa,Full RPA kernel (BURP-TI Gaussian limit),2.0633478234307523,3.0451411225144103,38.31112180498287,19.155560902491434,2.0633478234307523,3.0451411225144103,19.155560902491434,0.0,0.0,0.0,true,38,false
0.24,1.0,1.0,uneyama_doi,Literal nonlinear UD Hessian,2.013836007745181,3.1200084232353364,42.76564304435453,21.382821522177267,2.0633478234307523,3.0451411225144103,19.155560902491434,-0.023995864935291194,0.02458582302389563,0.11627227367673415,true,38,false
0.24,1.0,1.0,bvk1_bvk2,Nominal reduced kernel shared by BVK1 and BVK2,2.013836007745181,3.1200084232353364,37.99253978181221,18.996269890906106,2.0633478234307523,3.0451411225144103,19.155560902491434,-0.023995864935291194,0.02458582302389563,-0.008315653736070447,true,38,false
0.24,1.0,1.0,ok,OK,2.013836007745181,3.1200084232353364,38.31112180498287,19.155560902491434,2.0633478234307523,3.0451411225144103,19.155560902491434,-0.023995864935291194,0.02458582302389563,0.0,true,38,false
0.245,1.0,1.0,exact_rpa,Full RPA kernel (BURP-TI Gaussian limit),2.0579594893284106,3.0531141841038014,37.29802988067523,18.649014940337615,2.0579594893284106,3.0531141841038014,18.649014940337615,0.0,0.0,0.0,true,38,false
0.245,1.0,1.0,uneyama_doi,Literal nonlinear UD Hessian,2.0067905875637115,3.130962117381422,41.606349586772595,20.803174793386297,2.0579594893284106,3.0531141841038014,18.649014940337615,-0.024863901369310895,0.02549787809540176,0.11551065082742028,true,38,false
0.245,1.0,1.0,bvk1_bvk2,Nominal reduced kernel shared by BVK1 and BVK2,2.0067905875637115,3.130962117381422,37.00284105275516,18.50142052637758,2.0579594893284106,3.0531141841038014,18.649014940337615,-0.024863901369310895,0.02549787809540176,-0.007914327616349897,true,38,false
0.245,1.0,1.0,ok,OK,2.0067905875637115,3.130962117381422,37.298029880675244,18.649014940337622,2.0579594893284106,3.0531141841038014,18.649014940337615,-0.024863901369310895,0.02549787809540176,3.810081862410888e-16,true,38,false
0.25,1.0,1.0,exact_rpa,Full RPA kernel (BURP-TI Gaussian limit),2.0527621320968383,3.0608443174862594,36.34384808862227,18.171924044311137,2.0527621320968383,3.0608443174862594,18.171924044311137,0.0,0.0,0.0,true,38,false
0.25,1.0,1.0,uneyama_doi,Literal nonlinear UD Hessian,1.999999970878857,3.141592699333178,40.51534671993245,20.257673359966226,2.0527621320968383,3.0608443174862594,18.171924044311137,-0.02570300786096747,0.02638108099311434,0.11477867233921493,true,38,false
0.25,1.0,1.0,bvk1_bvk2,Nominal reduced kernel shared by BVK1 and BVK2,1.999999970878857,3.141592699333178,36.07090227548801,18.035451137744005,2.0527621320968383,3.0608443174862594,18.171924044311137,-0.02570300786096747,0.02638108099311434,-0.007510096687304605,true,38,false
0.25,1.0,1.0,ok,OK,2.000000015237199,3.141592629655257,36.34384808862226,18.17192404431113,2.0527621320968383,3.0608443174862594,18.171924044311137,-0.02570298625186751,0.02638105822883299,-3.9101128423577205e-16,true,38,false
0.255,1.0,1.0,exact_rpa,Full RPA kernel (BURP-TI Gaussian limit),2.047748081897329,3.0683390025973987,35.44431067259322,17.72215533629661,2.047748081897329,3.0683390025973987,17.72215533629661,0.0,0.0,0.0,true,38,false
0.255,1.0,1.0,uneyama_doi,Literal nonlinear UD Hessian,1.993453917059027,3.1519089824003883,39.487630558774235,19.743815279387118,2.047748081897329,3.0683390025973987,17.72215533629661,-0.02651408408987291,0.02723622772198453,0.11407528625764624,true,38,false
0.255,1.0,1.0,bvk1_bvk2,Nominal reduced kernel shared by BVK1 and BVK2,1.993453917059027,3.1519089824003883,35.192525273018724,17.596262636509362,2.047748081897329,3.0683390025973987,17.72215533629661,-0.02651408408987291,0.02723622772198453,-0.007103690121111132,true,38,false
0.255,1.0,1.0,ok,OK,1.993453917059027,3.1519089824003883,35.44431067259321,17.722155336296606,2.047748081897329,3.0683390025973987,17.72215533629661,-0.02651408408987291,0.02723622772198453,-2.0046735915491135e-16,true,38,false
0.26,1.0,1.0,exact_rpa,Full RPA kernel (BURP-TI Gaussian limit),2.042910349828015,3.075605010131034,34.59554762313301,17.297773811566504,2.042910349828015,3.075605010131034,17.297773811566504,0.0,0.0,0.0,true,38,false
0.26,1.0,1.0,uneyama_doi,Literal nonlinear UD Hessian,1.9871426646030055,3.1619195838839538,38.51866485713053,19.259332428565266,2.042910349828015,3.075605010131034,17.297773811566504,-0.027298155902780754,0.0280642584039887,0.11339948356170121,true,38,false
0.26,1.0,1.0,bvk1_bvk2,Nominal reduced kernel shared by BVK1 and BVK2,1.9871426646030055,3.1619195838839538,34.36390238635974,17.18195119317987,2.042910349828015,3.075605010131034,17.297773811566504,-0.027298155902780754,0.0280642584039887,-0.006695810666063101,true,38,false
0.26,1.0,1.0,ok,OK,1.9871426646030055,3.1619195838839538,34.59554762313303,17.297773811566515,2.042910349828015,3.075605010131034,17.297773811566504,-0.027298155902780754,0.0280642584039887,6.161568044828244e-16,true,38,false
0.265,1.0,1.0,exact_rpa,Full RPA kernel (BURP-TI Gaussian limit),2.0382423187174594,3.082648833988104,33.79404143893292,16.89702071946646,2.0382423187174594,3.082648833988104,16.89702071946646,0.0,0.0,0.0,true,38,false
0.265,1.0,1.0,uneyama_doi,Literal nonlinear UD Hessian,1.9810571526001852,3.171632529093244,37.60432961609508,18.80216480804754,2.0382423187174594,3.082648833988104,16.89702071946646,-0.028056117563714067,0.028865985033403683,0.11275029605581469,true,38,false
0.265,1.0,1.0,bvk1_bvk2,Nominal reduced kernel shared by BVK1 and BVK2,1.9810571526001852,3.171632529093244,33.581573713967686,16.790786856983843,2.0382423187174594,3.082648833988104,16.89702071946646,-0.028056117563714067,0.028865985033403683,-0.006287135717377085,true,38,false
0.265,1.0,1.0,ok,OK,1.9810571526001852,3.171632529093244,33.79404143893294,16.89702071946647,2.0382423187174594,3.082648833988104,16.89702071946646,-0.028056117563714067,0.028865985033403683,6.307704306785062e-16,true,38,false
0.27,1.0,1.0,exact_rpa,Full RPA kernel (BURP-TI Gaussian limit),2.0337378118732157,3.089476564037687,33.03658934653906,16.51829467326953,2.0337378118732157,3.089476564037687,16.51829467326953,0.0,0.0,0.0,true,38,false
0.27,1.0,1.0,uneyama_doi,Literal nonlinear UD Hessian,1.9751889800765756,3.181055266385698,36.74087620849073,18.370438104245366,2.0337378118732157,3.089476564037687,16.51829467326953,-0.028788780665248318,0.029642141783501774,0.11212679441861745,true,38,false
0.27,1.0,1.0,bvk1_bvk2,Nominal reduced kernel shared by BVK1 and BVK2,1.9751889800765756,3.181055266385698,32.842389758208725,16.421194879104362,2.0337378118732157,3.089476564037687,16.51829467326953,-0.028788780665248318,0.029642141783501774,-0.005878318318312705,true,38,false
0.27,1.0,1.0,ok,OK,1.9751889800765756,3.181055266385698,33.03658934653905,16.518294673269526,2.0337378118732157,3.089476564037687,16.51829467326953,-0.028788780665248318,0.029642141783501774,-2.1507750945680997e-16,true,38,false
0.275,1.0,1.0,exact_rpa,Full RPA kernel (BURP-TI Gaussian limit),2.029391063257759,3.096093907644029,32.32027020310811,16.160135101554054,2.029391063257759,3.096093907644029,16.160135101554054,0.0,0.0,0.0,true,38,false
0.275,1.0,1.0,uneyama_doi,Literal nonlinear UD Hessian,1.9695301844279467,3.190194979928448,35.924888090615305,17.962444045307652,2.029391063257759,3.096093907644029,16.160135101554054,-0.0294969658207316,0.03039348129980504,0.11152808639454241,true,38,false
0.275,1.0,1.0,bvk1_bvk2,Nominal reduced kernel shared by BVK1 and BVK2,1.9695301844279467,3.190194979928448,32.14347870981126,16.07173935490563,2.029391063257759,3.096093907644029,16.160135101554054,-0.0294969658207316,0.03039348129980504,-0.005469988096815023,true,38,false
0.275,1.0,1.0,ok,OK,1.9695301844279467,3.190194979928448,32.32027020310813,16.160135101554065,2.029391063257759,3.096093907644029,16.160135101554054,-0.0294969658207316,0.03039348129980504,6.595329166138316e-16,true,38,false
0.28,1.0,1.0,exact_rpa,Full RPA kernel (BURP-TI Gaussian limit),2.0251965472275493,3.10250642871238,31.642415428982556,15.821207714491278,2.0251965472275493,3.10250642871238,15.821207714491278,0.0,0.0,0.0,true,38,false
0.28,1.0,1.0,uneyama_doi,Literal nonlinear UD Hessian,1.9640732770288736,3.1990584977992236,35.15324631910126,17.57662315955063,2.0251965472275493,3.10250642871238,15.821207714491278,-0.03018140154463138,0.031120666888324666,0.11095331511585522,true,38,false
0.28,1.0,1.0,bvk1_bvk2,Nominal reduced kernel shared by BVK1 and BVK2,1.9640732770288736,3.1990584977992236,31.482217722477422,15.741108861238711,2.0251965472275493,3.10250642871238,15.821207714491278,-0.03018140154463138,0.031120666888324666,-0.005062752142442392,true,38,false
0.28,1.0,1.0,ok,OK,1.9640732334673567,3.19905856875169,31.64241542898254,15.82120771449127,2.0251965472275493,3.10250642871238,15.821207714491278,-0.0301814230544038,0.031120689757726618,-4.4910777266977265e-16,true,38,false
0.285,1.0,1.0,exact_rpa,Full RPA kernel (BURP-TI Gaussian limit),2.0211492630788683,3.1087190946047447,31.00058341790227,15.500291708951135,2.0211492630788683,3.1087190946047447,15.500291708951135,0.0,0.0,0.0,true,38,false
0.285,1.0,1.0,uneyama_doi,Literal nonlinear UD Hessian,1.9588112275839824,3.2076522835379757,34.42309921206855,17.211549606034275,2.0211492630788683,3.1087190946047447,15.500291708951135,-0.03084286580592509,0.03182442218884681,0.11040165754396221,true,38,false
0.285,1.0,1.0,bvk1_bvk2,Nominal reduced kernel shared by BVK1 and BVK2,1.9588112275839824,3.2076522835379757,30.856207630144915,15.428103815072458,2.0211492630788683,3.1087190946047447,15.500291708951135,-0.03084286580592509,0.03182442218884681,-0.004657195827933362,true,38,false
0.285,1.0,1.0,ok,OK,1.9588112275839824,3.2076522835379757,31.000583417902263,15.500291708951131,2.0211492630788683,3.1087190946047447,15.500291708951135,-0.03084286580592509,0.03182442218884681,-2.2920302053082485e-16,true,38,false
0.29,1.0,1.0,exact_rpa,Full RPA kernel (BURP-TI Gaussian limit),2.0172442584659867,3.1147369887460403,30.392536956615434,15.196268478307717,2.0172442584659867,3.1147369887460403,15.196268478307717,0.0,0.0,0.0,true,38,false
0.29,1.0,1.0,uneyama_doi,Literal nonlinear UD Hessian,1.9537375871554497,3.215982201748808,33.731835594509505,16.865917797254752,2.0172442584659867,3.1147369887460403,15.196268478307717,-0.03148189469074541,0.03250522062330781,0.10987232301998462,true,38,false
0.29,1.0,1.0,bvk1_bvk2,Nominal reduced kernel shared by BVK1 and BVK2,1.9537375871554497,3.215982201748808,30.263250642719413,15.131625321359707,2.0172442584659867,3.1147369887460403,15.196268478307717,-0.03148189469074541,0.03250522062330781,-0.004253883579398905,true,38,false
0.29,1.0,1.0,ok,OK,1.9537375871554497,3.215982201748808,30.39253695661544,15.19626847830772,2.0172442584659867,3.1147369887460403,15.196268478307717,-0.03148189469074541,0.03250522062330781,2.3378855696527794e-16,true,38,false
0.295,1.0,1.0,exact_rpa,Full RPA kernel (BURP-TI Gaussian limit),2.013477172768772,3.1205644604053067,29.816223255631698,14.908111627815849,2.013477172768772,3.1205644604053067,14.908111627815849,0.0,0.0,0.0,true,38,false
0.295,1.0,1.0,uneyama_doi,Literal nonlinear UD Hessian,1.9488460567319446,3.224054196315523,33.07706115179872,16.53853057589936,2.013477172768772,3.1205644604053067,14.908111627815849,-0.03209925441963271,0.033163787264556294,0.10936455191557895,true,38,false
0.295,1.0,1.0,bvk1_bvk2,Nominal reduced kernel shared by BVK1 and BVK2,1.9488460135081551,3.2240542678223734,29.701330625549616,14.850665312774808,2.013477172768772,3.1205644604053067,14.908111627815849,-0.0320992758868686,0.03316381017927288,-0.0038533595988009942,true,38,false
0.295,1.0,1.0,ok,OK,1.9488460567319446,3.224054196315523,29.816223255631694,14.908111627815847,2.013477172768772,3.1205644604053067,14.908111627815849,-0.03209925441963271,0.033163787264556294,-1.1915371200238994e-16,true,38,false
0.3,1.0,1.0,exact_rpa,Full RPA kernel (BURP-TI Gaussian limit),2.0098436667395103,3.126205988634205,29.269756251393346,14.634878125696673,2.0098436667395103,3.126205988634205,14.634878125696673,0.0,0.0,0.0,true,38,false
0.3,1.0,1.0,uneyama_doi,Literal nonlinear UD Hessian,1.9441308302225173,3.2318737039216843,32.456577485409426,16.228288742704713,2.0098436667395103,3.126205988634205,14.634878125696673,-0.03269549647291539,0.03380062467785245,0.10887761437590979,true,38,false
0.3,1.0,1.0,bvk1_bvk2,Nominal reduced kernel shared by BVK1 and BVK2,1.9441308302225173,3.2318737039216843,29.168595625998996,14.584297812999498,2.0098436667395103,3.126205988634205,14.634878125696673,-0.03269549647291539,0.03380062467785245,-0.0034561485420478745,true,38,false
0.3,1.0,1.0,ok,OK,1.9441308302225173,3.2318737039216843,29.26975625139335,14.634878125696675,2.0098436667395103,3.126205988634205,14.634878125696673,-0.03269549647291539,0.03380062467785245,1.2137831447200311e-16,true,38,false
0.305,1.0,1.0,exact_rpa,Full RPA kernel (BURP-TI Gaussian limit),2.0063397761471338,3.13166562407763,28.751400889255184,14.375700444627592,2.0063397761471338,3.13166562407763,14.375700444627592,0.0,0.0,0.0,true,38,false
0.305,1.0,1.0,uneyama_doi,Literal nonlinear UD Hessian,1.9395865050442567,3.239445774054929,31.86836352378097,15.934181761890486,2.0063397761471338,3.13166562407763,14.375700444627592,-0.03327116966751587,0.03441623816688396,0.10841080914741243,true,38,false
0.305,1.0,1.0,bvk1_bvk2,Nominal reduced kernel shared by BVK1 and BVK2,1.9395865050442567,3.239445774054929,28.66334235919379,14.331671179596896,2.0063397761471338,3.13166562407763,14.375700444627592,-0.03327116966751587,0.03441623816688396,-0.003062756155798344,true,38,false
0.305,1.0,1.0,ok,OK,1.9395865050442567,3.239445774054929,28.751400889255184,14.375700444627592,2.0063397761471338,3.13166562407763,14.375700444627592,-0.03327116966751587,0.03441623816688396,0.0,true,38,false
0.31,1.0,1.0,exact_rpa,Full RPA kernel (BURP-TI Gaussian limit),2.0029617457702455,3.1369472334896575,28.259559138003368,14.129779569001684,2.0029617457702455,3.1369472334896575,14.129779569001684,0.0,0.0,0.0,true,38,false
0.31,1.0,1.0,uneyama_doi,Literal nonlinear UD Hessian,1.9352078594705495,3.2467754181706314,31.310558990806324,15.655279495403162,2.0029617457702455,3.1369472334896575,14.129779569001684,-0.033826849885064104,0.0350111673886197,0.10796346248374346,true,38,false
0.31,1.0,1.0,bvk1_bvk2,Nominal reduced kernel shared by BVK1 and BVK2,1.9352078594705495,3.2467754181706314,28.18400240603337,14.092001203016684,2.0029617457702455,3.1369472334896575,14.129779569001684,-0.033826849885064104,0.0350111673886197,-0.002673669875776351,true,38,false
0.31,1.0,1.0,ok,OK,1.9352078594705495,3.2467754181706314,28.259559138003358,14.129779569001679,2.0029617457702455,3.1369472334896575,14.129779569001684,-0.033826849885064104,0.0350111673886197,-3.771517094216968e-16,true,38,false
0.315,1.0,1.0,exact_rpa,Full RPA kernel (BURP-TI Gaussian limit),1.9997058758170223,3.1420547307300666,27.792757521543265,13.896378760771633,1.9997058758170223,3.1420547307300666,13.896378760771633,0.0,0.0,0.0,true,38,false
0.315,1.0,1.0,uneyama_doi,Literal nonlinear UD Hessian,1.9309900187994244,3.253867314698032,30.781449676194846,15.390724838097423,1.9997058758170223,3.1420547307300666,13.896378760771633,-0.03436298200080176,0.03558581678237844,0.10753492712390728,true,38,false
0.315,1.0,1.0,bvk1_bvk2,Nominal reduced kernel shared by BVK1 and BVK2,1.9309900187994244,3.253867314698032,27.729129911159838,13.864564955579919,1.9997058758170223,3.1420547307300666,13.896378760771633,-0.03436298200080176,0.03558581678237844,-0.002289359389190058,true,38,false
0.315,1.0,1.0,ok,OK,1.9309900187994244,3.253867314698032,27.79275752154327,13.896378760771634,1.9997058758170223,3.1420547307300666,13.896378760771633,-0.03436298200080176,0.03558581678237844,1.2782875812328632e-16,true,38,false
0.32,1.0,1.0,exact_rpa,Full RPA kernel (BURP-TI Gaussian limit),1.9965689899319006,3.1469913330637747,27.349635982934743,13.674817991467371,1.9965689899319006,3.1469913330637747,13.674817991467371,0.0,0.0,0.0,true,38,false
0.32,1.0,1.0,uneyama_doi,Literal nonlinear UD Hessian,1.9269284750934461,3.2607257552073303,30.27945428732918,15.13972714366459,1.9965689899319006,3.1469913330637747,13.674817991467371,-0.03488009439675299,0.03614068489754268,0.10712458133711711,true,38,false
0.32,1.0,1.0,bvk1_bvk2,Nominal reduced kernel shared by BVK1 and BVK2,1.9269284750934461,3.2607257552073303,27.297390597882817,13.648695298941409,1.9965689899319006,3.1469913330637747,13.674817991467371,-0.03488009439675299,0.03614068489754268,-0.001910277163634826,true,38,false
0.32,1.0,1.0,ok,OK,1.9269284750934461,3.2607257552073303,27.349635982934753,13.674817991467377,1.9965689899319006,3.1469913330637747,13.674817991467371,-0.03488009439675299,0.03614068489754268,3.8969955735615006e-16,true,38,false
0.325,1.0,1.0,exact_rpa,Full RPA kernel (BURP-TI Gaussian limit),1.9935478611888926,3.1517604515561928,26.928937921040372,13.464468960520186,1.9935478611888926,3.1517604515561928,13.464468960520186,0.0,0.0,0.0,true,38,false
0.325,1.0,1.0,uneyama_doi,Literal nonlinear UD Hessian,1.9230188147234664,3.26735508725801,29.803112692244554,14.901556346122277,1.9935478611888926,3.1517604515561928,13.464468960520186,-0.035378657236433145,0.03667621238306417,0.10673182802944872,true,38,false
0.325,1.0,1.0,bvk1_bvk2,Nominal reduced kernel shared by BVK1 and BVK2,1.9230188147234664,3.26735508725801,26.887551941925967,13.443775970962983,1.9935478611888926,3.1517604515561928,13.464468960520186,-0.035378657236433145,0.03667621238306417,-0.0015368589446696846,true,38,false
0.325,1.0,1.0,ok,OK,1.9230188147234664,3.26735508725801,26.928937921040372,13.464468960520186,1.9935478611888926,3.1517604515561928,13.464468960520186,-0.035378657236433145,0.03667621238306417,0.0,true,38,false
0.33,1.0,1.0,exact_rpa,Full RPA kernel (BURP-TI Gaussian limit),1.9906394590949874,3.1563652968258435,26.52950126141001,13.264750630705006,1.9906394590949874,3.1563652968258435,13.264750630705006,0.0,0.0,0.0,true,38,false
0.33,1.0,1.0,uneyama_doi,Literal nonlinear UD Hessian,1.91925698040631,3.27375925752758,29.351075388895584,14.675537694447792,1.9906394590949874,3.1563652968258435,13.264750630705006,-0.03585906948771644,0.03719276752275534,0.10635609390779814,true,38,false
0.33,1.0,1.0,bvk1_bvk2,Nominal reduced kernel shared by BVK1 and BVK2,1.91925698040631,3.27375925752758,26.498474367032323,13.249237183516161,1.9906394590949874,3.1563652968258435,13.264750630705006,-0.03585906948771644,0.03719276752275534,-0.0011695242240690345,true,38,false
0.33,1.0,1.0,ok,OK,1.91925698040631,3.27375925752758,26.529501261410005,13.264750630705002,1.9906394590949874,3.1563652968258435,13.264750630705006,-0.03585906948771644,0.03719276752275534,-2.678311698206179e-16,true,38,false
0.335,1.0,1.0,exact_rpa,Full RPA kernel (BURP-TI Gaussian limit),1.9878409844460954,3.1608088153642595,26.150250441255093,13.075125220627546,1.9878409844460954,3.1608088153642595,13.075125220627546,0.0,0.0,0.0,true,38,false
0.335,1.0,1.0,uneyama_doi,Literal nonlinear UD Hessian,1.9156391279345604,3.2799420389549616,28.92209405766161,14.461047028830805,1.9878409844460954,3.1608088153642595,13.075125220627546,-0.03632174659667447,0.03769074010791535,0.10599682869704408,true,38,false
0.335,1.0,1.0,bvk1_bvk2,Nominal reduced kernel shared by BVK1 and BVK2,1.9156391279345604,3.2799420389549616,26.12910334353086,13.06455167176543,1.9878409844460954,3.1608088153642595,13.075125220627546,-0.03632174659667447,0.03769074010791535,-0.0008086766806205943,true,38,false
0.335,1.0,1.0,ok,OK,1.9156391279345604,3.2799420389549616,26.15025044125509,13.075125220627545,1.9878409844460954,3.1608088153642595,13.075125220627546,-0.03632174659667447,0.03769074010791535,-1.358577305705523e-16,true,38,false
0.34,1.0,1.0,exact_rpa,Full RPA kernel (BURP-TI Gaussian limit),1.9851497912445728,3.1650938054605926,25.79018920396674,12.89509460198337,1.9851497912445728,3.1650938054605926,12.89509460198337,0.0,0.0,0.0,true,38,false
0.34,1.0,1.0,uneyama_doi,Literal nonlinear UD Hessian,1.9121616058718764,3.2859070529839873,28.51501307267759,14.257506536338795,1.9851497912445728,3.1650938054605926,12.89509460198337,-0.0367670921834755,0.03817051087552638,0.10565350440669702,true,38,false
0.34,1.0,1.0,bvk1_bvk2,Nominal reduced kernel shared by BVK1 and BVK2,1.9121616058718764,3.2859070529839873,25.778462286425636,12.889231143212818,1.9851497912445728,3.1650938054605926,12.89509460198337,-0.0367670921834755,0.03817051087552638,-0.0004547045951605579,true,38,false
0.34,1.0,1.0,ok,OK,1.9121616058718764,3.2859070529839873,25.790189203966754,12.895094601983377,1.9851497912445728,3.1650938054605926,12.89509460198337,-0.0367670921834755,0.03817051087552638,5.510178542240496e-16,true,38,false
0.345,1.0,1.0,exact_rpa,Full RPA kernel (BURP-TI Gaussian limit),1.9825633716902993,3.1692229347618035,25.448394112014668,12.724197056007334,1.9825633716902993,3.1692229347618035,12.724197056007334,0.0,0.0,0.0,true,38,false
0.345,1.0,1.0,uneyama_doi,Literal nonlinear UD Hessian,1.908821036516248,3.2916576184883763,28.12876186355566,14.06438093177783,1.9825633716902993,3.1692229347618035,12.724197056007334,-0.03719544919826696,0.03863239861848815,0.10532561464361868,true,38,false
0.345,1.0,1.0,bvk1_bvk2,Nominal reduced kernel shared by BVK1 and BVK2,1.908821036516248,3.2916576184883763,25.445646162825945,12.722823081412972,1.9825633716902993,3.1692229347618035,12.724197056007334,-0.03719544919826696,0.03863239861848815,-0.00010798124143425201,true,38,false
0.345,1.0,1.0,ok,OK,1.908821036516248,3.2916576184883763,25.44839411201466,12.72419705600733,1.9825633716902993,3.1692229347618035,12.724197056007334,-0.03719544919826696,0.03863239861848815,-2.7920926272697085e-16,true,38,false
0.35,1.0,1.0,exact_rpa,Full RPA kernel (BURP-TI Gaussian limit),1.9800793063421163,3.1731988143377845,25.124008698572382,12.562004349286191,1.9800793063421163,3.1731988143377845,12.562004349286191,0.0,0.0,0.0,true,38,false
0.35,1.0,1.0,uneyama_doi,Literal nonlinear UD Hessian,1.9056141165244345,3.2971970834468896,27.762348032797913,13.881174016398957,1.9800793063421163,3.1731988143377845,12.562004349286191,-0.03760717541927372,0.039076741283537345,0.1050126739677275,true,38,false
0.35,1.0,1.0,bvk1_bvk2,Nominal reduced kernel shared by BVK1 and BVK2,1.9056141165244345,3.2971970834468896,25.129815729935938,12.564907864967969,1.9800793063421163,3.1731988143377845,12.562004349286191,-0.03760717541927372,0.039076741283537345,0.00023113474578147493,true,38,false
0.35,1.0,1.0,ok,OK,1.9056141165244345,3.2971970834468896,25.124008698572375,12.562004349286187,1.9800793063421163,3.1731988143377845,12.562004349286191,-0.03760717541927372,0.039076741283537345,-2.8281423728390736e-16,true,38,false
0.355,1.0,1.0,exact_rpa,Full RPA kernel (BURP-TI Gaussian limit),1.9776953877549914,3.1770237955158667,24.816238188134193,12.408119094067096,1.9776953877549914,3.1770237955158667,12.408119094067096,0.0,0.0,0.0,true,38,false
0.355,1.0,1.0,uneyama_doi,Literal nonlinear UD Hessian,1.9025377994989199,3.3025285010549688,27.414851146032774,13.707425573016387,1.9776953877549914,3.1770237955158667,12.408119094067096,-0.038002610878001664,0.03950386072532496,0.10471421728782003,true,38,false
0.355,1.0,1.0,bvk1_bvk2,Nominal reduced kernel shared by BVK1 and BVK2,1.9025377994989199,3.3025285010549688,24.830192334645144,12.415096167322572,1.9776953877549914,3.1770237955158667,12.408119094067096,-0.038002610878001664,0.03950386072532496,0.000562299023935992,true,38,false
0.355,1.0,1.0,ok,OK,1.9025377994989199,3.3025285010549688,24.816238188134193,12.408119094067096,1.9776953877549914,3.1770237955158667,12.408119094067096,-0.038002610878001664,0.03950386072532496,0.0,true,38,false
0.36,1.0,1.0,exact_rpa,Full RPA kernel (BURP-TI Gaussian limit),1.9754094868423884,3.180700178383269,24.52434472495903,12.262172362479514,1.9754094868423884,3.180700178383269,12.262172362479514,0.0,0.0,0.0,true,38,false
0.36,1.0,1.0,uneyama_doi,Literal nonlinear UD Hessian,1.8995892118645665,3.3076547644804974,27.085417122426268,13.542708561213134,1.9754094868423884,3.180700178383269,12.262172362479514,-0.03838205469946258,0.03991403746886914,0.10442979929493376,true,38,false
0.36,1.0,1.0,bvk1_bvk2,Nominal reduced kernel shared by BVK1 and BVK2,1.8995892118645665,3.3076547644804974,24.546053214247255,12.273026607123628,1.9754094868423884,3.180700178383269,12.262172362479514,-0.03838205469946258,0.03991403746886914,0.0008851812161216669,true,38,false
0.36,1.0,1.0,ok,OK,1.8995892118645665,3.3076547644804974,24.524344724959022,12.262172362479511,1.9754094868423884,3.180700178383269,12.262172362479514,-0.03838205469946258,0.03991403746886914,-2.897295498529522e-16,true,38,false
0.365,1.0,1.0,exact_rpa,Full RPA kernel (BURP-TI Gaussian limit),1.9732196454866449,3.1842300584991374,24.247643055596285,12.123821527798142,1.9732196454866449,3.1842300584991374,12.123821527798142,0.0,0.0,0.0,true,38,false
0.365,1.0,1.0,uneyama_doi,Literal nonlinear UD Hessian,1.8967655942831279,3.3125787003503095,26.773253161461756,13.386626580730878,1.9732196454866449,3.1842300584991374,12.123821527798142,-0.03874583925737347,0.0403075906869833,0.10415899393085828,true,38,false
0.365,1.0,1.0,bvk1_bvk2,Nominal reduced kernel shared by BVK1 and BVK2,1.8967655942831279,3.3125787003503095,24.276727245159783,12.138363622579892,1.9732196454866449,3.1842300584991374,12.123821527798142,-0.03874583925737347,0.0403075906869833,0.0011994646035003306,true,38,false
0.365,1.0,1.0,ok,OK,1.8967655942831279,3.3125787003503095,24.247643055596285,12.123821527798142,1.9732196454866449,3.1842300584991374,12.123821527798142,-0.03874583925737347,0.0403075906869833,0.0,true,38,false
0.37,1.0,1.0,exact_rpa,Full RPA kernel (BURP-TI Gaussian limit),1.971123893552234,3.1876156175330155,23.98549661818818,11.99274830909409,1.971123893552234,3.1876156175330155,11.99274830909409,0.0,0.0,0.0,true,38,false
0.37,1.0,1.0,uneyama_doi,Literal nonlinear UD Hessian,1.8940644032886,3.3173028838250187,26.477623149952485,13.238811574976243,1.971123893552234,3.1876156175330155,11.99274830909409,-0.039094189115003924,0.04068472546648263,0.10390139388961116,true,38,false
0.37,1.0,1.0,bvk1_bvk2,Nominal reduced kernel shared by BVK1 and BVK2,1.8940644032886,3.3173028838250187,24.021591092890827,12.010795546445413,1.971123893552234,3.1876156175330155,11.99274830909409,-0.039094189115003924,0.04068472546648263,0.001504845835682087,true,38,false
0.37,1.0,1.0,ok,OK,1.8940644032886,3.3173028838250187,23.985496618188172,11.992748309094086,1.971123893552234,3.1876156175330155,11.99274830909409,-0.039094189115003924,0.04068472546648263,-2.96238492398484e-16,true,38,false
0.375,1.0,1.0,exact_rpa,Full RPA kernel (BURP-TI Gaussian limit),1.969120456256217,3.1908587853104065,23.73731399684155,11.868656998420775,1.969120456256217,3.1908587853104065,11.868656998420775,0.0,0.0,0.0,true,38,false
0.375,1.0,1.0,uneyama_doi,Literal nonlinear UD Hessian,1.8914832505062253,3.321829736265437,26.19784349981758,13.09892174990879,1.969120456256217,3.1908587853104065,11.868656998420775,-0.03942735219845266,0.041045674461676285,0.10365661014988571,true,38,false
0.375,1.0,1.0,bvk1_bvk2,Nominal reduced kernel shared by BVK1 and BVK2,1.8914832505062253,3.321829736265437,23.7800657220398,11.8900328610199,1.969120456256217,3.1908587853104065,11.868656998420775,-0.03942735219845266,0.041045674461676285,0.0018010346580889162,true,38,false
0.375,1.0,1.0,ok,OK,1.8914832505062253,3.321829736265437,23.73731399684156,11.86865699842078,1.969120456256217,3.1908587853104065,11.868656998420775,-0.03942735219845266,0.041045674461676285,4.49003667298653e-16,true,38,false
0.38,1.0,1.0,exact_rpa,Full RPA kernel (BURP-TI Gaussian limit),1.9672077730690332,3.1939612038931777,23.50254570424196,11.75127285212098,1.9672077730690332,3.1939612038931777,11.75127285212098,0.0,0.0,0.0,true,38,false
0.38,1.0,1.0,uneyama_doi,Literal nonlinear UD Hessian,1.8890197290693809,3.326161823770351,25.93327937295937,12.966639686479684,1.9672077730690332,3.1939612038931777,11.75127285212098,-0.039745696956896136,0.04139080328090131,0.10342427153662281,true,38,false
0.38,1.0,1.0,bvk1_bvk2,Nominal reduced kernel shared by BVK1 and BVK2,1.8890197290693809,3.326161823770351,23.551613229946987,11.775806614973494,1.9672077730690332,3.1939612038931777,11.75127285212098,-0.039745696956896136,0.04139080328090131,0.002087753655391078,true,38,false
0.38,1.0,1.0,ok,OK,1.8890197290693809,3.326161823770351,23.502545704241957,11.751272852120978,1.9672077730690332,3.1939612038931777,11.75127285212098,-0.039745696956896136,0.04139080328090131,-1.5116293032712937e-16,true,38,false
0.385,1.0,1.0,exact_rpa,Full RPA kernel (BURP-TI Gaussian limit),1.9653841061737962,3.196924859340433,23.280681259943478,11.640340629971739,1.9653841061737962,3.196924859340433,11.640340629971739,0.0,0.0,0.0,true,38,false
0.385,1.0,1.0,uneyama_doi,Literal nonlinear UD Hessian,1.8866717770082673,3.330301212828316,25.683341254648898,12.841670627324449,1.9653841061737962,3.196924859340433,11.640340629971739,-0.04004933637057128,0.04172020280620544,0.1032040243100366,true,38,false
0.385,1.0,1.0,bvk1_bvk2,Nominal reduced kernel shared by BVK1 and BVK2,1.8866717770082673,3.330301212828316,23.335733971822165,11.667866985911083,1.9653841061737962,3.196924859340433,11.640340629971739,-0.04004933637057128,0.04172020280620544,0.002364738010197778,true,38,false
0.385,1.0,1.0,ok,OK,1.8866717770082673,3.330301212828316,23.280681259943464,11.640340629971732,1.9653841061737962,3.196924859340433,11.640340629971739,-0.04004933637057128,0.04172020280620544,-6.104140405741935e-16,true,38,false
0.39,1.0,1.0,exact_rpa,Full RPA kernel (BURP-TI Gaussian limit),1.9636481313485414,3.199751119801993,23.071246535496243,11.535623267748122,1.9636481313485414,3.199751119801993,11.535623267748122,0.0,0.0,0.0,true,38,false
0.39,1.0,1.0,uneyama_doi,Literal nonlinear UD Hessian,1.8844373617755652,3.3342500178723946,25.447481841259236,12.723740920629618,1.9636481313485414,3.199751119801993,11.535623267748122,-0.040338576096409895,0.04203417485755108,0.10299553178052337,true,38,false
0.39,1.0,1.0,bvk1_bvk2,Nominal reduced kernel shared by BVK1 and BVK2,1.8844373617755652,3.3342500178723946,23.13196394886995,11.565981974434974,1.9636481313485414,3.199751119801993,11.535623267748122,-0.040338576096409895,0.04203417485755108,0.002631735276214429,true,38,false
0.39,1.0,1.0,ok,OK,1.8844373617755652,3.3342500178723946,23.071246535496243,11.535623267748122,1.9636481313485414,3.199751119801993,11.535623267748122,-0.040338576096409895,0.04203417485755108,0.0,true,38,false
0.395,1.0,1.0,exact_rpa,Full RPA kernel (BURP-TI Gaussian limit),1.9619983121732458,3.2024417494120536,22.873801340843283,11.436900670421641,1.9619983121732458,3.2024417494120536,11.436900670421641,0.0,0.0,0.0,true,38,false
0.395,1.0,1.0,uneyama_doi,Literal nonlinear UD Hessian,1.8823145626390518,3.3380102517883112,25.225193212072924,12.612596606036462,1.9619983121732458,3.2024417494120536,11.436900670421641,-0.04061356681083519,0.042332855047604555,0.102798473948054,true,38,false
0.395,1.0,1.0,bvk1_bvk2,Nominal reduced kernel shared by BVK1 and BVK2,1.8823145626390518,3.3380102517883112,22.939872434163384,11.469936217081692,1.9619983121732458,3.2024417494120536,11.436900670421641,-0.04061356681083519,0.042332855047604555,0.002888505165170117,true,38,false
0.395,1.0,1.0,ok,OK,1.8823145626390518,3.3380102517883112,22.87380134084329,11.436900670421645,1.9619983121732458,3.2024417494120536,11.436900670421641,-0.04061356681083519,0.042332855047604555,3.106360526491767e-16,true,38,false
0.4,1.0,1.0,exact_rpa,Full RPA kernel (BURP-TI Gaussian limit),1.9604333723547074,3.20499813754586,22.68793722929037,11.343968614645185,1.9604333723547074,3.20499813754586,11.343968614645185,0.0,0.0,0.0,true,38,false
0.4,1.0,1.0,uneyama_doi,Literal nonlinear UD Hessian,1.8803015790031088,3.3415838062055885,25.01600425830126,12.50800212915063,1.9604333723547074,3.20499813754586,11.343968614645185,-0.040874530336805596,0.0426164580439711,0.10261254716472545,true,38,false
0.4,1.0,1.0,bvk1_bvk2,Nominal reduced kernel shared by BVK1 and BVK2,1.8803015790031088,3.3415838062055885,22.759059813856815,11.379529906928408,1.9604333723547074,3.20499813754586,11.343968614645185,-0.040874530336805596,0.0426164580439711,0.0031348193468477073,true,38,false
0.4,1.0,1.0,ok,OK,1.8803015790031088,3.3415838062055885,22.687937229290377,11.343968614645188,1.9604333723547074,3.20499813754586,11.343968614645185,-0.040874530336805596,0.0426164580439711,3.1318084521266303e-16,true,38,false
0.405,1.0,1.0,exact_rpa,Full RPA kernel (BURP-TI Gaussian limit),1.9589520872057653,3.2074216353815346,22.51327550088244,11.25663775044122,1.9589520872057653,3.2074216353815346,11.25663775044122,0.0,0.0,0.0,true,38,false
0.405,1.0,1.0,uneyama_doi,Literal nonlinear UD Hessian,1.8783966774371972,3.3449725410247697,24.819478345457682,12.409739172728841,1.9589520872057653,3.2074216353815346,11.25663775044122,-0.041121684544858754,0.0428851960484057,0.10243746381928509,true,38,false
0.405,1.0,1.0,bvk1_bvk2,Nominal reduced kernel shared by BVK1 and BVK2,1.8783966774371972,3.3449725410247697,22.589155623830234,11.294577811915117,1.9589520872057653,3.2074216353815346,11.25663775044122,-0.041121684544858754,0.0428851960484057,0.0033704612616151596,true,38,false
0.405,1.0,1.0,ok,OK,1.8783966774371972,3.3449725410247697,22.513275500882443,11.256637750441222,1.9589520872057653,3.2074216353815346,11.25663775044122,-0.041121684544858754,0.0428851960484057,1.578052770980059e-16,true,38,false
0.41,1.0,1.0,exact_rpa,Full RPA kernel (BURP-TI Gaussian limit),1.9575533225160804,3.2097134902581805,22.34946538625148,11.17473269312574,1.9575533225160804,3.2097134902581805,11.17473269312574,0.0,0.0,0.0,true,38,false
0.41,1.0,1.0,uneyama_doi,Literal nonlinear UD Hessian,1.8765983925842922,3.348177922356054,24.63521118787537,12.317605593937685,1.9575533225160804,3.2097134902581805,11.17473269312574,-0.041355159525225754,0.04313918750633899,0.10227295204251244,true,38,false
0.41,1.0,1.0,bvk1_bvk2,Nominal reduced kernel shared by BVK1 and BVK2,1.8765983925842922,3.348177922356054,22.42981676406265,11.214908382031325,1.9575533225160804,3.2097134902581805,11.17473269312574,-0.041355159525225754,0.04313918750633899,0.0035952259448943386,true,38,false
0.41,1.0,1.0,ok,OK,1.8765983925842922,3.348177922356054,22.349465386251495,11.174732693125748,1.9575533225160804,3.2097134902581805,11.17473269312574,-0.041355159525225754,0.04313918750633899,6.358476352612876e-16,true,38,false
0.415,1.0,1.0,exact_rpa,Full RPA kernel (BURP-TI Gaussian limit),1.9562359241430054,3.2118750247019134,22.196182394974116,11.098091197487058,1.9562359241430054,3.2118750247019134,11.098091197487058,0.0,0.0,0.0,true,38,false
0.415,1.0,1.0,uneyama_doi,Literal nonlinear UD Hessian,1.8749052144592926,3.351201574737529,24.462828916500555,12.231414458250278,1.9562359241430054,3.2118750247019134,11.098091197487058,-0.041575102818614505,0.04337857138403022,0.10211875543245115,true,38,false
0.415,1.0,1.0,bvk1_bvk2,Nominal reduced kernel shared by BVK1 and BVK2,1.8749052144592926,3.351201574737529,22.280725874982096,11.140362937491048,1.9562359241430054,3.2118750247019134,11.098091197487058,-0.041575102818614505,0.04337857138403022,0.0038089198630447034,true,38,false
0.415,1.0,1.0,ok,OK,1.8749052144592926,3.351201574737529,22.19618239497412,11.09809119748706,1.9562359241430054,3.2118750247019134,11.098091197487058,-0.041575102818614505,0.04337857138403022,1.6005967222565904e-16,true,38,false
0.42,1.0,1.0,exact_rpa,Full RPA kernel (BURP-TI Gaussian limit),1.9549989676095167,3.2139072251594984,22.053126814225735,11.026563407112867,1.9549989676095167,3.2139072251594984,11.026563407112867,0.0,0.0,0.0,true,38,false
0.42,1.0,1.0,uneyama_doi,Literal nonlinear UD Hessian,1.8733157640089344,3.354044965560659,24.301986323166588,12.150993161583294,1.9549989676095167,3.2139072251594984,11.026563407112867,-0.0417817118852297,0.04360354253667228,0.10197463279856485,true,38,false
0.42,1.0,1.0,bvk1_bvk2,Nominal reduced kernel shared by BVK1 and BVK2,1.8733157640089344,3.354044965560659,22.141589861767923,11.070794930883961,1.9549989676095167,3.2139072251594984,11.026563407112867,-0.0417817118852297,0.04360354253667228,0.0040113607601949385,true,38,false
0.42,1.0,1.0,ok,OK,1.8733157640089344,3.354044965560659,22.053126814225735,11.026563407112867,1.9549989676095167,3.2139072251594984,11.026563407112867,-0.0417817118852297,0.04360354253667228,0.0,true,38,false
0.425,1.0,1.0,exact_rpa,Full RPA kernel (BURP-TI Gaussian limit),1.9538414804649222,3.215811195534903,21.920022345071246,10.960011172535623,1.9538414804649222,3.215811195534903,10.960011172535623,0.0,0.0,0.0,true,38,false
0.425,1.0,1.0,uneyama_doi,Literal nonlinear UD Hessian,1.871828750415201,3.356709477715778,24.152365266394604,12.076182633197302,1.9538414804649222,3.215811195534903,10.960011172535623,-0.04197511971657299,0.043814227146329314,0.10184035792396462,true,38,false
0.425,1.0,1.0,bvk1_bvk2,Nominal reduced kernel shared by BVK1 and BVK2,1.871828750415201,3.356709477715778,22.01213855411512,11.00606927705756,1.9538414804649222,3.215811195534903,10.960011172535623,-0.04197511971657299,0.043814227146329314,0.004202377515576996,true,38,false
0.425,1.0,1.0,ok,OK,1.871828750415201,3.356709477715778,21.92002234507126,10.96001117253563,1.9538414804649222,3.215811195534903,10.960011172535623,-0.04197511971657299,0.043814227146329314,6.48304754962868e-16,true,38,false
0.43,1.0,1.0,exact_rpa,Full RPA kernel (BURP-TI Gaussian limit),1.9527626153506104,3.2175878715557378,21.796614865115327,10.898307432557663,1.9527626153506104,3.2175878715557378,10.898307432557663,0.0,0.0,0.0,true,38,false
0.43,1.0,1.0,uneyama_doi,Literal nonlinear UD Hessian,1.870443011656877,3.359196333714445,24.013673225404656,12.006836612702328,1.9527626153506104,3.2175878715557378,10.898307432557663,-0.04215545865463689,0.044010752094934345,0.10171571934491756,true,38,false
0.43,1.0,1.0,bvk1_bvk2,Nominal reduced kernel shared by BVK1 and BVK2,1.870443011656877,3.359196333714445,21.892123490336193,10.946061745168096,1.9527626153506104,3.2175878715557378,10.898307432557663,-0.04215545865463689,0.044010752094934345,0.00438181001095376,true,38,false
0.43,1.0,1.0,ok,OK,1.870443011656877,3.359196333714445,21.79661486511533,10.898307432557665,1.9527626153506104,3.2175878715557378,10.898307432557663,-0.04215545865463689,0.044010752094934345,1.6299382728858909e-16,true,38,false
0.435,1.0,1.0,exact_rpa,Full RPA kernel (BURP-TI Gaussian limit),1.9517615360187976,3.2192382067309437,21.68267130746939,10.841335653734696,1.9517615360187976,3.2192382067309437,10.841335653734696,0.0,0.0,0.0,true,38,false
0.435,1.0,1.0,uneyama_doi,Literal nonlinear UD Hessian,1.8691574720550337,3.361506668708644,23.88564199048349,11.942820995241744,1.9517615360187976,3.2192382067309437,10.841335653734696,-0.0423228260416791,0.0441932074738173,0.10160052014694348,true,38,false
0.435,1.0,1.0,bvk1_bvk2,Nominal reduced kernel shared by BVK1 and BVK2,1.8691574720550337,3.361506668708644,21.781316815895526,10.890658407947763,1.9517615360187976,3.2192382067309437,10.841335653734696,-0.0423228260416791,0.0441932074738173,0.004549509007783203,true,38,false
0.435,1.0,1.0,ok,OK,1.8691574720550337,3.361506668708644,21.68267130746939,10.841335653734696,1.9517615360187976,3.2192382067309437,10.841335653734696,-0.0423228260416791,0.0441932074738173,0.0,true,38,false
0.44,1.0,1.0,exact_rpa,Full RPA kernel (BURP-TI Gaussian limit),1.950837433550538,3.220763144648165,21.577978647097353,10.788989323548677,1.950837433550538,3.220763144648165,10.788989323548677,0.0,0.0,0.0,true,38,false
0.44,1.0,1.0,uneyama_doi,Literal nonlinear UD Hessian,1.8679710488648895,3.3636416961588838,23.76802647916194,11.88401323958097,1.950837433550538,3.220763144648165,10.788989323548677,-0.04247733986467091,0.0443617071774233,0.10149457777682938,true,38,false
0.44,1.0,1.0,bvk1_bvk2,Nominal reduced kernel shared by BVK1 and BVK2,1.8679710488648895,3.3636416961588838,21.679510287561335,10.839755143780668,1.950837433550538,3.220763144648165,10.788989323548677,-0.04247733986467091,0.0443617071774233,0.00470533603376421,true,38,false
0.44,1.0,1.0,ok,OK,1.8679710488648895,3.3636416961588838,21.577978647097353,10.788989323548677,1.950837433550538,3.220763144648165,10.788989323548677,-0.04247733986467091,0.0443617071774233,0.0,true,38,false
0.445,1.0,1.0,exact_rpa,Full RPA kernel (BURP-TI Gaussian limit),1.9499897626814922,3.222163227431195,21.4823429865943,10.74117149329715,1.9499897626814922,3.222163227431195,10.74117149329715,0.0,0.0,0.0,true,38,false
0.445,1.0,1.0,uneyama_doi,Literal nonlinear UD Hessian,1.8668828370145356,3.3656023734341423,23.6606036688292,11.8303018344146,1.9499897626814922,3.222163227431195,10.74117149329715,-0.04261915998608813,0.04451641207428879,0.10139772386998043,true,38,false
0.445,1.0,1.0,bvk1_bvk2,Nominal reduced kernel shared by BVK1 and BVK2,1.8668828370145356,3.3656023734341423,21.586514375340226,10.793257187670113,1.9499897626814922,3.222163227431195,10.74117149329715,-0.04261915998608813,0.04451641207428879,0.004849163278462301,true,38,false
0.445,1.0,1.0,ok,OK,1.8668828370145356,3.3656023734341423,21.482342986594304,10.741171493297152,1.9499897626814922,3.222163227431195,10.74117149329715,-0.04261915998608813,0.04451641207428879,1.6537831469395648e-16,true,38,false
0.45,1.0,1.0,exact_rpa,Full RPA kernel (BURP-TI Gaussian limit),1.949217814995791,3.223439299005767,21.395588734345143,10.697794367172571,1.949217814995791,3.223439299005767,10.697794367172571,0.0,0.0,0.0,true,38,false
0.45,1.0,1.0,uneyama_doi,Literal nonlinear UD Hessian,1.8658920314391272,3.367389538789918,23.56317163746666,11.78158581873333,1.949217814995791,3.223439299005767,10.697794367172571,-0.04274831828214324,0.04465734466554118,0.10130980409256124,true,38,false
0.45,1.0,1.0,bvk1_bvk2,Nominal reduced kernel shared by BVK1 and BVK2,1.8658920314391272,3.367389538789918,21.502157455240354,10.751078727620177,1.949217814995791,3.223439299005767,10.697794367172571,-0.04274831828214324,0.04465734466554118,0.004980873497729113,true,38,false
0.45,1.0,1.0,ok,OK,1.8658920314391272,3.367389538789918,21.39558873434515,10.697794367172575,1.949217814995791,3.223439299005767,10.697794367172571,-0.04274831828214324,0.04465734466554118,3.3209777238777524e-16,true,38,false
0.455,1.0,1.0,exact_rpa,Full RPA kernel (BURP-TI Gaussian limit),1.9485210215614275,3.224592004732194,21.317557868817943,10.658778934408971,1.9485210215614275,3.224592004732194,10.658778934408971,0.0,0.0,0.0,true,38,false
0.455,1.0,1.0,uneyama_doi,Literal nonlinear UD Hessian,1.8649978437342443,3.3690040598647033,23.47554870513904,11.73777435256952,1.9485210215614275,3.224592004732194,10.658778934408971,-0.04286490979720237,0.04478459753065808,0.10123067799795578,true,38,false
0.455,1.0,1.0,bvk1_bvk2,Nominal reduced kernel shared by BVK1 and BVK2,1.8649978437342443,3.3690040598647033,21.426285086706436,10.713142543353218,1.9485210215614275,3.224592004732194,10.658778934408971,-0.04286490979720237,0.04478459753065808,0.005100359926665556,true,38,false
0.455,1.0,1.0,ok,OK,1.864997885098351,3.3690039851429865,21.317557868817946,10.658778934408973,1.9485210215614275,3.224592004732194,10.658778934408971,-0.04286488856873917,0.044784574358201934,1.666566921343837e-16,true,38,false
0.46,1.0,1.0,exact_rpa,Full RPA kernel (BURP-TI Gaussian limit),1.9478989791712262,3.225621746489593,21.24810928347915,10.624054641739574,1.9478989791712262,3.225621746489593,10.624054641739574,0.0,0.0,0.0,true,38,false
0.46,1.0,1.0,uneyama_doi,Literal nonlinear UD Hessian,1.8641996100325124,3.3704466374553124,23.397572669745188,11.698786334872594,1.9478989791712262,3.225621746489593,10.624054641739574,-0.04296905026066876,0.044898287011901045,0.1011602188970899,true,38,false
0.46,1.0,1.0,bvk1_bvk2,Nominal reduced kernel shared by BVK1 and BVK2,1.8641996513789154,3.3704465627016,21.35875936929218,10.67937968464609,1.9478989791712262,3.225621746489593,10.624054641739574,-0.04296902903451514,0.04489826383692319,0.005207526200887144,true,38,false
0.46,1.0,1.0,ok,OK,1.8641996100325124,3.3704466374553124,21.248109283479174,10.624054641739587,1.9478989791712262,3.225621746489593,10.624054641739574,-0.04296905026066876,0.044898287011901045,1.1704098195193148e-15,true,38,false
0.465,1.0,1.0,exact_rpa,Full RPA kernel (BURP-TI Gaussian limit),1.9473510942024712,3.2265292714218217,21.18711820748586,10.59355910374293,1.9473510942024712,3.2265292714218217,10.59355910374293,0.0,0.0,0.0,true,38,false
0.465,1.0,1.0,uneyama_doi,Literal nonlinear UD Hessian,1.863496682231399,3.3717180004076734,23.329100131320054,11.664550065660027,1.9473510942024712,3.2265292714218217,10.59355910374293,-0.04306075685104664,0.044998423002643964,0.10109831374223355,true,38,false
0.465,1.0,1.0,bvk1_bvk2,Nominal reduced kernel shared by BVK1 and BVK2,1.863496682231399,3.3717180004076734,21.299458373794906,10.649729186897453,1.9473510942024712,3.2265292714218217,10.59355910374293,-0.04306075685104664,0.044998423002643964,0.0053022862858882825,true,38,false
0.465,1.0,1.0,ok,OK,1.863496682231399,3.3717180004076734,21.187118207485856,10.593559103742928,1.9473510942024712,3.2265292714218217,10.59355910374293,-0.04306075685104664,0.044998423002643964,-1.6768272324762184e-16,true,38,false
0.47,1.0,1.0,exact_rpa,Full RPA kernel (BURP-TI Gaussian limit),1.946877094584014,3.2273148236520313,21.134475697920944,10.567237848960472,1.946877094584014,3.2273148236520313,10.567237848960472,0.0,0.0,0.0,true,38,false
0.47,1.0,1.0,uneyama_doi,Literal nonlinear UD Hessian,1.8628885869334786,3.372818616878429,23.270005899900156,11.635002949950078,1.946877094584014,3.2273148236520313,10.567237848960472,-0.04314011803014254,0.04508509432053035,0.10104486302394003,true,38,false
0.47,1.0,1.0,bvk1_bvk2,Nominal reduced kernel shared by BVK1 and BVK2,1.8628885869334786,3.372818616878429,21.248275643679488,10.624137821839744,1.946877094584014,3.2273148236520313,10.567237848960472,-0.04314011803014254,0.04508509432053035,0.005384564414329829,true,38,false
0.47,1.0,1.0,ok,OK,1.8628885869334786,3.372818616878429,21.134475697920955,10.567237848960477,1.946877094584014,3.2273148236520313,10.567237848960472,-0.04314011803014254,0.04508509432053035,5.043011801541863e-16,true,38,false
0.475,1.0,1.0,exact_rpa,Full RPA kernel (BURP-TI Gaussian limit),1.946476570871153,3.227978903628685,21.090088199901103,10.545044099950552,1.946476570871153,3.227978903628685,10.545044099950552,0.0,0.0,0.0,true,38,false
0.475,1.0,1.0,uneyama_doi,Literal nonlinear UD Hessian,1.8623747733716165,3.37374914921372,23.220182482629905,11.610091241314953,1.946476570871153,3.227978903628685,10.545044099950552,-0.0432071974346428,0.04515836377405369,0.10099978068080295,true,38,false
0.475,1.0,1.0,bvk1_bvk2,Nominal reduced kernel shared by BVK1 and BVK2,1.8623747733716165,3.37374914921372,21.205119763174626,10.602559881587313,1.946476570871153,3.227978903628685,10.545044099950552,-0.0432071974346428,0.04515836377405369,0.005454295031068744,true,38,false
0.475,1.0,1.0,ok,OK,1.8623747733716165,3.37374914921372,21.09008819990111,10.545044099950555,1.946476570871153,3.227978903628685,10.545044099950552,-0.0432071974346428,0.04515836377405369,3.3690837564322375e-16,true,38,false
0.48,1.0,1.0,exact_rpa,Full RPA kernel (BURP-TI Gaussian limit),1.9461492415601864,3.228521828131994,21.053877171408033,10.526938585704016,1.9461492415601864,3.228521828131994,10.526938585704016,0.0,0.0,0.0,true,38,false
0.48,1.0,1.0,uneyama_doi,Literal nonlinear UD Hessian,1.8619549631743972,3.374509819758235,23.17953964640007,11.589769823200035,1.9461492415601864,3.228521828131994,10.526938585704016,-0.043261984532230645,0.04521821421622814,0.10096299402177418,true,38,false
0.48,1.0,1.0,bvk1_bvk2,Nominal reduced kernel shared by BVK1 and BVK2,1.8619549631743972,3.374509819758235,21.169913988937875,10.584956994468937,1.9461492415601864,3.228521828131994,10.526938585704016,-0.043261984532230645,0.04521821421622814,0.005511422745803073,true,38,false
0.48,1.0,1.0,ok,OK,1.8619549631743972,3.374509819758235,21.053877171408036,10.526938585704018,1.9461492415601864,3.228521828131994,10.526938585704016,-0.043261984532230645,0.04521821421622814,1.687439159009259e-16,true,38,false
0.485,1.0,1.0,exact_rpa,Full RPA kernel (BURP-TI Gaussian limit),1.9458948869279649,3.2289438393555856,21.025778770180466,10.512889385090233,1.9458948869279649,3.2289438393555856,10.512889385090233,0.0,0.0,0.0,true,38,false
0.485,1.0,1.0,uneyama_doi,Literal nonlinear UD Hessian,1.8616287272486134,3.375101176304791,23.148004052883948,11.574002026441974,1.9458948869279649,3.2289438393555856,10.512889385090233,-0.043304579422778926,0.04526475040159719,0.10093444366081224,true,38,false
0.485,1.0,1.0,bvk1_bvk2,Nominal reduced kernel shared by BVK1 and BVK2,1.8616287272486134,3.375101176304791,21.142595942666127,10.571297971333063,1.9458948869279649,3.2289438393555856,10.512889385090233,-0.043304579422778926,0.04526475040159719,0.005555902293204712,true,38,false
0.485,1.0,1.0,ok,OK,1.8616287272486134,3.375101176304791,21.025778770180466,10.512889385090233,1.9458948869279649,3.2289438393555856,10.512889385090233,-0.043304579422778926,0.04526475040159719,0.0,true,38,false
0.49,1.0,1.0,exact_rpa,Full RPA kernel (BURP-TI Gaussian limit),1.945713348911408,3.2292451047297983,21.005743600460907,10.502871800230453,1.945713348911408,3.2292451047297983,10.502871800230453,0.0,0.0,0.0,true,38,false
0.49,1.0,1.0,uneyama_doi,Literal nonlinear UD Hessian,1.861395882838507,3.3755233720610467,23.125518963374176,11.562759481687088,1.945713348911408,3.2292451047297983,10.502871800230453,-0.043334988743370155,0.045297976024488845,0.10091408346366552,true,38,false
0.49,1.0,1.0,bvk1_bvk2,Nominal reduced kernel shared by BVK1 and BVK2,1.861395882838507,3.3755233720610467,21.123117362477714,10.561558681238857,1.945713348911408,3.2292451047297983,10.502871800230453,-0.043334988743370155,0.045297976024488845,0.005587698500434528,true,38,false
0.49,1.0,1.0,ok,OK,1.861395882838507,3.3755233720610467,21.005743600460914,10.502871800230457,1.945713348911408,3.2292451047297983,10.502871800230453,-0.043334988743370155,0.045297976024488845,3.3826116764774254e-16,true,38,false
0.495,1.0,1.0,exact_rpa,Full RPA kernel (BURP-TI Gaussian limit),1.9456045106452025,3.229425750609487,20.99373651782411,10.496868258912055,1.9456045106452025,3.229425750609487,10.496868258912055,0.0,0.0,0.0,true,38,false
0.495,1.0,1.0,uneyama_doi,Literal nonlinear UD Hessian,1.8612562613242143,3.3757765858148594,23.11204401133366,11.55602200566683,1.9456045106452025,3.229425750609487,10.496868258912055,-0.04335323487352347,0.04531791299978075,0.10090188050664832,true,38,false
0.495,1.0,1.0,bvk1_bvk2,Nominal reduced kernel shared by BVK1 and BVK2,1.8612562613242143,3.3757765858148594,21.111443911319657,10.555721955659829,1.9456045106452025,3.229425750609487,10.496868258912055,-0.04335323487352347,0.04531791299978075,0.005606786261969641,true,38,false
0.495,1.0,1.0,ok,OK,1.8612562613242143,3.3757765858148594,20.993736517824125,10.496868258912063,1.9456045106452025,3.229425750609487,10.496868258912055,-0.04335323487352347,0.04531791299978075,6.769092630621851e-16,true,38,false
0.5,1.0,1.0,exact_rpa,Full RPA kernel (BURP-TI Gaussian limit),1.9455682038086768,3.2294860158998886,20.989736490727744,10.494868245363872,1.9455682038086768,3.2294860158998886,10.494868245363872,0.0,0.0,0.0,true,38,false
0.5,1.0,1.0,uneyama_doi,Literal nonlinear UD Hessian,1.8612097178909313,3.3758610041535295,23.107555041060095,11.553777520530048,1.9455682038086768,3.2294860158998886,10.494868245363872,-0.04335930539602978,0.04532454623831337,0.10089781504726857,true,38,false
0.5,1.0,1.0,bvk1_bvk2,Nominal reduced kernel shared by BVK1 and BVK2,1.8612097178909313,3.3758610041535295,21.107555041060095,10.553777520530048,1.9455682038086768,3.2294860158998886,10.494868245363872,-0.04335930539602978,0.04532454623831337,0.005613150521656071,true,38,false
0.5,1.0,1.0,ok,OK,1.8612097178909313,3.3758610041535295,20.989736490727744,10.494868245363872,1.9455682038086768,3.2294860158998886,10.494868245363872,-0.04335930539602978,0.04532454623831337,0.0,true,38,false
