schema,contract_id,transition,point_count,chiN_min,chiN_max,fA_min,fA_max,root_direction,phase_a,phase_b,phase_a_resolution,phase_b_resolution,energy_evaluation,resolution_treatment,coordinate_half_width_min,coordinate_half_width_max,maximum_abs_cell_stress,uncertainty_scope,audit_statuses,evidence_sources
bvk2-resolution-uncertainty-table-v1,GC_FILTERED_R6_GYR96_CYL128x224,G/C,9,30.0,50.0,0.3534856629911344,0.3621560136484573,fA,GYR,CYL,96x96x96,128x224,same-schema filtered factor-6 endpoint energies,direct filtered-sensor bracket,0.0009999999999999731,0.0010000000000000009,0.0007824568018954814,accepted signed-bracket half-width; excludes spatial-grid bias,current_unified_direct_contract,results/bvk2_publication_phase_diagram/accepted_phase_boundaries.csv;results/bvk2_ud_theta_gc_filtered_r6/boundary_points.csv;results/bvk2_ud_theta_gc_filtered_r6/endpoint_pairs.csv;results/bvk2_ud_theta_gc_filtered_r6/endpoints/chiN30/fA0p351592857/pair.csv;results/bvk2_ud_theta_gc_filtered_r6/endpoints/chiN30/fA0p353592857/pair.csv;results/bvk2_ud_theta_gc_filtered_r6/endpoints/chiN32/fA0p353882204/pair.csv;results/bvk2_ud_theta_gc_filtered_r6/endpoints/chiN32/fA0p355882204/pair.csv;results/bvk2_ud_theta_gc_filtered_r6/endpoints/chiN34/fA0p354171551/pair.csv;results/bvk2_ud_theta_gc_filtered_r6/endpoints/chiN34/fA0p356171551/pair.csv;results/bvk2_ud_theta_gc_filtered_r6/endpoints/chiN37/fA0p356605572/pair.csv;results/bvk2_ud_theta_gc_filtered_r6/endpoints/chiN37/fA0p358605572/pair.csv;results/bvk2_ud_theta_gc_filtered_r6/endpoints/chiN40/fA0p357039593/pair.csv;results/bvk2_ud_theta_gc_filtered_r6/endpoints/chiN40/fA0p359039593/pair.csv;results/bvk2_ud_theta_gc_filtered_r6/endpoints/chiN42/fA0p359328941/pair.csv;results/bvk2_ud_theta_gc_filtered_r6/endpoints/chiN42/fA0p361328941/pair.csv;results/bvk2_ud_theta_gc_filtered_r6/endpoints/chiN45/fA0p359762962/pair.csv;results/bvk2_ud_theta_gc_filtered_r6/endpoints/chiN45/fA0p361762962/pair.csv;results/bvk2_ud_theta_gc_filtered_r6/endpoints/chiN48/fA0p360196983/pair.csv;results/bvk2_ud_theta_gc_filtered_r6/endpoints/chiN48/fA0p362196983/pair.csv;results/bvk2_ud_theta_gc_filtered_r6/endpoints/chiN50/fA0p360486330/pair.csv;results/bvk2_ud_theta_gc_filtered_r6/endpoints/chiN50/fA0p362486330/pair.csv;results/bvk2_ud_theta_gc_filtered_r6/manifest.csv
bvk2-resolution-uncertainty-table-v1,GC_RICHARDSON_64x64x64_TO_96x96x96_48x84_TO_128x224,G/C,8,13.0,27.0,0.3511528827447836,0.40062136278264043,fA,GYR,CYL,64x64x64 -> 96x96x96,48x84 -> 128x224,continuum estimate E=E_inf-C*dx^2,second-order Richardson on both phases,0.00045828544610670985,0.0009835863778066278,,stored raw-bracket half-width only; Richardson-model uncertainty is not quantified,resolution_shift_exceeds_stored_half_width,results/bvk2_gc_gl_boundary_campaign/points/G_C_target_chiN13p000000.csv;results/bvk2_gc_gl_boundary_campaign/points/G_C_target_chiN14p000000.csv;results/bvk2_gc_gl_boundary_campaign/points/G_C_target_chiN16p000000.csv;results/bvk2_gc_gl_boundary_campaign/points/G_C_target_chiN18p000000.csv;results/bvk2_gc_gl_boundary_campaign/points/G_C_target_chiN20p000000.csv;results/bvk2_gc_gl_boundary_campaign/points/G_C_target_chiN22p000000.csv;results/bvk2_gc_gl_boundary_campaign/points/G_C_target_chiN25p000000.csv;results/bvk2_gc_gl_boundary_campaign/points/G_C_target_chiN27p000000.csv;results/bvk2_publication_phase_diagram/accepted_phase_boundaries.csv;results/bvk2_publication_phase_diagram/boundary_diagnostics.csv;results/bvk2_richardson_correction/zz_resolved_G_C13/corrected_roots.csv;results/bvk2_richardson_correction/zz_resolved_G_C14/corrected_roots.csv;results/bvk2_richardson_correction/zz_resolved_G_C16/corrected_roots.csv;results/bvk2_richardson_correction/zz_resolved_G_C18/corrected_roots.csv;results/bvk2_richardson_correction/zz_resolved_G_C20/corrected_roots.csv;results/bvk2_richardson_correction/zz_resolved_G_C22/corrected_roots.csv;results/bvk2_richardson_correction/zz_resolved_G_C25/corrected_roots.csv;results/bvk2_richardson_correction/zz_resolved_G_C27/corrected_roots.csv
bvk2-resolution-uncertainty-table-v1,GC_THETA_GYR112_CYL96x168_AUDIT3,G/C,1,54.0,54.0,0.3624211535554627,0.3624211535554627,fA,GYR,CYL,112x112x112,96x168,factor-2 optimization; signed factor-3 audit,direct; no Richardson correction,0.0005000000000000004,0.0005000000000000004,0.0011922713091920834,accepted signed-bracket half-width; excludes spatial-grid bias,current_unified_direct_contract,results/bvk2_publication_phase_diagram/accepted_phase_boundaries.csv;results/bvk2_ud_theta_gc_chi54_direct/boundary_point.csv;results/bvk2_ud_theta_gc_chi54_direct/endpoint_energies.csv
bvk2-resolution-uncertainty-table-v1,GC_THETA_GYR96_CYL48x84_AUDIT3,G/C,4,52.0,60.0,0.36305832915358827,0.3649819374095959,fA,GYR,CYL,96x96x96,48x84,factor-2 optimization; signed factor-3 audit,direct; no Richardson correction,0.0005000000000000004,0.0005000000000000004,0.003856482615721024,accepted signed-bracket half-width; excludes spatial-grid bias,legacy_accepted_endpoint_exceeds_current_stress_maximum;legacy_direct_current_stress_gate_pass,results/bvk2_publication_phase_diagram/accepted_phase_boundaries.csv;results/bvk2_ud_theta_g_pocket_highchi_ledger/accepted_gc_boundaries.csv;results/bvk2_ud_theta_gc_highchi/chi52/boundary_point.csv;results/bvk2_ud_theta_gc_highchi/chi55/boundary_point.csv;results/bvk2_ud_theta_gc_highchi/chi58/boundary_point.csv;results/bvk2_ud_theta_gc_highchi/chi60/boundary_point.csv;results/bvk2_ud_theta_gc_highchi/endpoint_energies.csv
bvk2-resolution-uncertainty-table-v1,GL_MATCHED_GYR112_LAM46_AUDIT3,G/L,7,40.0,55.0,0.37017875469977274,0.3771026761715718,fA,GYR,LAM,112x112x112,46,gyr_factor3_minus_matched_lam_factor3,matched-spacing direct factor-3 bracket,0.0002500000000000002,0.0005000000000000004,0.0019840411689133752,accepted signed-bracket half-width; excludes residual matched-spacing bias,current_unified_matched_spacing_contract,results/bvk2_publication_phase_diagram/accepted_phase_boundaries.csv;results/bvk2_ud_theta_gl_matched_spacing_audit/matched_boundary_promotions.csv;results/bvk2_ud_theta_gl_matched_spacing_audit/promotion_endpoints/chiN40_lower.csv;results/bvk2_ud_theta_gl_matched_spacing_audit/promotion_endpoints/chiN40_upper.csv;results/bvk2_ud_theta_gl_matched_spacing_audit/promotion_endpoints/chiN42_lower.csv;results/bvk2_ud_theta_gl_matched_spacing_audit/promotion_endpoints/chiN42_upper.csv;results/bvk2_ud_theta_gl_matched_spacing_audit/promotion_endpoints/chiN45_lower.csv;results/bvk2_ud_theta_gl_matched_spacing_audit/promotion_endpoints/chiN45_upper.csv;results/bvk2_ud_theta_gl_matched_spacing_audit/promotion_endpoints/chiN50_lower.csv;results/bvk2_ud_theta_gl_matched_spacing_audit/promotion_endpoints/chiN50_upper.csv;results/bvk2_ud_theta_gl_matched_spacing_audit/promotion_endpoints/chiN53_lower.csv;results/bvk2_ud_theta_gl_matched_spacing_audit/promotion_endpoints/chiN53_upper.csv;results/bvk2_ud_theta_gl_matched_spacing_audit/promotion_endpoints/chiN54_lower.csv;results/bvk2_ud_theta_gl_matched_spacing_audit/promotion_endpoints/chiN54_upper.csv;results/bvk2_ud_theta_gl_matched_spacing_audit/promotion_endpoints/chiN55_lower.csv;results/bvk2_ud_theta_gl_matched_spacing_audit/promotion_endpoints/chiN55_upper.csv
bvk2-resolution-uncertainty-table-v1,GL_MATCHED_GYR64_LAM26_AUDIT3,G/L,2,16.0,18.0,0.39889388765914086,0.40539053310512596,fA,GYR,LAM,64x64x64,26,gyr_factor3_minus_matched_lam_factor3,matched-spacing direct factor-3 bracket,0.0007500000000000007,0.0007500000000000007,0.0002244423520274541,accepted signed-bracket half-width; excludes residual matched-spacing bias,current_unified_matched_spacing_contract,results/bvk2_publication_phase_diagram/accepted_phase_boundaries.csv;results/bvk2_ud_theta_gl_matched_spacing_audit/matched_boundary_promotions.csv;results/bvk2_ud_theta_gl_matched_spacing_audit/promotion_endpoints/chiN16_lower.csv;results/bvk2_ud_theta_gl_matched_spacing_audit/promotion_endpoints/chiN16_upper.csv;results/bvk2_ud_theta_gl_matched_spacing_audit/promotion_endpoints/chiN18_lower.csv;results/bvk2_ud_theta_gl_matched_spacing_audit/promotion_endpoints/chiN18_upper.csv
bvk2-resolution-uncertainty-table-v1,GL_MATCHED_GYR96_LAM40_AUDIT3,G/L,11,20.0,58.0,0.36863913642776036,0.3944877824322312,fA,GYR,LAM,96x96x96,40,gyr_factor3_minus_matched_lam_factor3,matched-spacing direct factor-3 bracket,0.00047563784999998804,0.0008900844999999991,0.0018183879695352623,accepted signed-bracket half-width; excludes residual matched-spacing bias,current_unified_matched_spacing_contract,results/bvk2_publication_phase_diagram/accepted_phase_boundaries.csv;results/bvk2_ud_theta_gl_matched_spacing_audit/matched_boundary_promotions.csv;results/bvk2_ud_theta_gl_matched_spacing_audit/promotion_endpoints/chiN20_lower.csv;results/bvk2_ud_theta_gl_matched_spacing_audit/promotion_endpoints/chiN20_upper.csv;results/bvk2_ud_theta_gl_matched_spacing_audit/promotion_endpoints/chiN22_lower.csv;results/bvk2_ud_theta_gl_matched_spacing_audit/promotion_endpoints/chiN22_upper.csv;results/bvk2_ud_theta_gl_matched_spacing_audit/promotion_endpoints/chiN25_lower.csv;results/bvk2_ud_theta_gl_matched_spacing_audit/promotion_endpoints/chiN25_upper.csv;results/bvk2_ud_theta_gl_matched_spacing_audit/promotion_endpoints/chiN27_lower.csv;results/bvk2_ud_theta_gl_matched_spacing_audit/promotion_endpoints/chiN27_upper.csv;results/bvk2_ud_theta_gl_matched_spacing_audit/promotion_endpoints/chiN30_lower.csv;results/bvk2_ud_theta_gl_matched_spacing_audit/promotion_endpoints/chiN30_upper.csv;results/bvk2_ud_theta_gl_matched_spacing_audit/promotion_endpoints/chiN32_lower.csv;results/bvk2_ud_theta_gl_matched_spacing_audit/promotion_endpoints/chiN32_upper.csv;results/bvk2_ud_theta_gl_matched_spacing_audit/promotion_endpoints/chiN34_lower.csv;results/bvk2_ud_theta_gl_matched_spacing_audit/promotion_endpoints/chiN34_upper.csv;results/bvk2_ud_theta_gl_matched_spacing_audit/promotion_endpoints/chiN37_lower.csv;results/bvk2_ud_theta_gl_matched_spacing_audit/promotion_endpoints/chiN37_upper.csv;results/bvk2_ud_theta_gl_matched_spacing_audit/promotion_endpoints/chiN48_lower.csv;results/bvk2_ud_theta_gl_matched_spacing_audit/promotion_endpoints/chiN48_upper.csv;results/bvk2_ud_theta_gl_matched_spacing_audit/promotion_endpoints/chiN51_lower.csv;results/bvk2_ud_theta_gl_matched_spacing_audit/promotion_endpoints/chiN51_upper.csv;results/bvk2_ud_theta_gl_matched_spacing_audit/promotion_endpoints/chiN58_lower.csv;results/bvk2_ud_theta_gl_matched_spacing_audit/promotion_endpoints/chiN58_upper.csv
bvk2-resolution-uncertainty-table-v1,GL_THETA_GYR112_LAM1024_AUDIT3,G/L,3,52.0,60.0,0.35668107615397987,0.36410298960735327,fA,GYR,LAM,112x112x112,1024,factor-2 optimization; signed factor-3 audit,direct; no Richardson correction,0.0005,0.0005000000000000004,0.0014821460453089408,accepted signed-bracket half-width; excludes residual spatial-grid bias,current_direct_contract,results/bvk2_publication_phase_diagram/accepted_phase_boundaries.csv;results/bvk2_ud_theta_gl_direct_fine/accepted_boundaries.csv;results/bvk2_ud_theta_gl_direct_fine/chi52/long_period_reroot/boundary_point.csv;results/bvk2_ud_theta_gl_direct_fine/chi60_signed_reroot/boundary_point.csv;results/bvk2_ud_theta_gl_smoothness_audit/chi59_gl_boundary_point.csv
bvk2-resolution-uncertainty-table-v1,GL_THETA_GYR64_LAM1024_AUDIT3,G/L,1,15.0,15.0,0.4086272909783978,0.4086272909783978,fA,GYR,LAM,64x64x64,1024,factor-2 optimization; signed factor-3 audit,direct; no Richardson correction,0.00031249999999999334,0.00031249999999999334,0.0007126168814286515,accepted signed-bracket half-width; excludes residual spatial-grid bias,current_direct_contract,results/bvk2_fcc_o70_boundary_campaign/boundary_brackets.csv;results/bvk2_fcc_o70_boundary_campaign/slices/chiN15/f0p408125/GYR64/cell_root.csv;results/bvk2_fcc_o70_boundary_campaign/slices/chiN15/f0p408125/LAM1024_fastroot1/cell_root.csv;results/bvk2_fcc_o70_boundary_campaign/slices/chiN15/f0p408750/GYR64/cell_root.csv;results/bvk2_fcc_o70_boundary_campaign/slices/chiN15/f0p408750/LAM1024_fastroot1/cell_root.csv;results/bvk2_publication_phase_diagram/accepted_phase_boundaries.csv
bvk2-resolution-uncertainty-table-v1,SC_FIXED_FA_BCC48_CYL48x84,S/C,6,10.757187499999999,11.45,0.4,0.45,chiN,BCC,CYL,48x48x48,48x84,signed BCC-CYL free-energy bracket,direct grid; no fine-grid correction,0.007500000000000284,0.02259841632875048,,accepted signed-bracket half-width; excludes spatial-grid bias,legacy_phase_specific_acceptance_not_uniformly_recertified,results/bvk2_publication_phase_diagram/accepted_phase_boundaries.csv;results/bvk2_sc_fixed_fa_chi_continuation/points/S_C_target_fA0p410000.csv;results/bvk2_sc_fixed_fa_chi_continuation/refinement/fA0p400000_local3/points/S_C_target_fA0p400000.csv;results/bvk2_sc_fixed_fa_chi_continuation/refinement/fA0p420000_local3/points/S_C_target_fA0p420000.csv;results/bvk2_sc_fixed_fa_chi_continuation/refinement/fA0p430000_scft1/points/S_C_target_fA0p430000.csv;results/bvk2_sc_fixed_fa_chi_continuation/refinement/fA0p440000_scft1/points/S_C_target_fA0p440000.csv;results/bvk2_sc_fixed_fa_chi_continuation/refinement/fA0p450000_scft1/points/S_C_target_fA0p450000.csv
bvk2-resolution-uncertainty-table-v1,SC_RICHARDSON_48x48x48_TO_128x128x128_48x84_TO_128x224,S/C,1,35.0,35.0,0.2105879469882431,0.2105879469882431,fA,BCC,CYL,48x48x48 -> 128x128x128,48x84 -> 128x224,continuum estimate E=E_inf-C*dx^2,second-order Richardson on both phases,0.0008213873180107772,0.0008213873180107772,,stored raw-bracket half-width only; Richardson-model uncertainty is not quantified,resolution_shift_exceeds_stored_half_width,results/bvk2_gc_gl_boundary_campaign/points/S_C_target_chiN35p000000.csv;results/bvk2_publication_phase_diagram/accepted_phase_boundaries.csv;results/bvk2_publication_phase_diagram/boundary_diagnostics.csv;results/bvk2_richardson_correction/zz_resolved_S_C35/corrected_roots.csv
bvk2-resolution-uncertainty-table-v1,SC_RICHARDSON_48x48x48_TO_64x64x64_48x84_TO_128x224,S/C,10,12.0,30.0,0.21486685540147166,0.37611317023429763,fA,BCC,CYL,48x48x48 -> 64x64x64,48x84 -> 128x224,continuum estimate E=E_inf-C*dx^2,second-order Richardson on both phases,0.0003989524133501121,0.0009601348428745354,,stored raw-bracket half-width only; Richardson-model uncertainty is not quantified,resolution_shift_exceeds_stored_half_width;resolution_shift_within_stored_half_width_but_total_bound_missing,results/bvk2_gc_gl_boundary_campaign/points/S_C_target_chiN12p000000.csv;results/bvk2_gc_gl_boundary_campaign/points/S_C_target_chiN13p000000.csv;results/bvk2_gc_gl_boundary_campaign/points/S_C_target_chiN14p000000.csv;results/bvk2_gc_gl_boundary_campaign/points/S_C_target_chiN15p000000.csv;results/bvk2_gc_gl_boundary_campaign/points/S_C_target_chiN16p000000.csv;results/bvk2_gc_gl_boundary_campaign/points/S_C_target_chiN18p000000.csv;results/bvk2_gc_gl_boundary_campaign/points/S_C_target_chiN20p000000.csv;results/bvk2_gc_gl_boundary_campaign/points/S_C_target_chiN22p000000.csv;results/bvk2_gc_gl_boundary_campaign/points/S_C_target_chiN25p000000.csv;results/bvk2_gc_gl_boundary_campaign/points/S_C_target_chiN30p000000.csv;results/bvk2_publication_phase_diagram/accepted_phase_boundaries.csv;results/bvk2_publication_phase_diagram/boundary_diagnostics.csv;results/bvk2_richardson_correction/zz_resolved_S_C12/corrected_roots.csv;results/bvk2_richardson_correction/zz_resolved_S_C13/corrected_roots.csv;results/bvk2_richardson_correction/zz_resolved_S_C14/corrected_roots.csv;results/bvk2_richardson_correction/zz_resolved_S_C15/corrected_roots.csv;results/bvk2_richardson_correction/zz_resolved_S_C16/corrected_roots.csv;results/bvk2_richardson_correction/zz_resolved_S_C18/corrected_roots.csv;results/bvk2_richardson_correction/zz_resolved_S_C20/corrected_roots.csv;results/bvk2_richardson_correction/zz_resolved_S_C22/corrected_roots.csv;results/bvk2_richardson_correction/zz_resolved_S_C25/corrected_roots.csv;results/bvk2_richardson_correction/zz_resolved_S_C30/corrected_roots.csv
bvk2-resolution-uncertainty-table-v1,SC_THETA_BCC48_CYL48x84_AUDIT4,S/C,10,40.0,60.0,0.200837836320967,0.20830419495407895,fA,BCC,CYL,48x48x48,48x84,factor-3 optimization; signed factor-4 audit,direct; no Richardson correction,0.0005,0.0005,0.007803591959955725,accepted signed-bracket half-width; excludes spatial-grid bias,direct_root_current_stress_gate_pass;legacy_accepted_endpoint_exceeds_current_stress_maximum,results/bvk2_publication_phase_diagram/accepted_phase_boundaries.csv;results/bvk2_ud_theta_sc_highchi/accepted_boundaries.csv;results/bvk2_ud_theta_sc_highchi/chi40/boundary_point.csv;results/bvk2_ud_theta_sc_highchi/chi40/endpoint_energies.csv;results/bvk2_ud_theta_sc_highchi/chi45/boundary_point.csv;results/bvk2_ud_theta_sc_highchi/chi45/endpoint_energies.csv;results/bvk2_ud_theta_sc_highchi/chi47p5/boundary_point.csv;results/bvk2_ud_theta_sc_highchi/chi47p5/endpoint_energies.csv;results/bvk2_ud_theta_sc_highchi/chi48/boundary_point.csv;results/bvk2_ud_theta_sc_highchi/chi48/endpoint_energies.csv;results/bvk2_ud_theta_sc_highchi/chi49/boundary_point.csv;results/bvk2_ud_theta_sc_highchi/chi49/endpoint_energies.csv;results/bvk2_ud_theta_sc_highchi/chi50/boundary_point.csv;results/bvk2_ud_theta_sc_highchi/chi50/endpoint_energies.csv;results/bvk2_ud_theta_sc_highchi/chi52/boundary_point.csv;results/bvk2_ud_theta_sc_highchi/chi52/endpoint_energies.csv;results/bvk2_ud_theta_sc_highchi/chi55/boundary_point.csv;results/bvk2_ud_theta_sc_highchi/chi55/endpoint_energies.csv;results/bvk2_ud_theta_sc_highchi/chi58/boundary_point.csv;results/bvk2_ud_theta_sc_highchi/chi58/endpoint_energies.csv;results/bvk2_ud_theta_sc_highchi/chi60/boundary_point.csv;results/bvk2_ud_theta_sc_highchi/chi60/endpoint_energies.csv
bvk2-resolution-uncertainty-table-v1,SDIS_BCC48_ROOT_CHIN_REFINED,S/DIS,9,10.5828125,11.306897986,0.4,0.49,chiN,BCC,DIS,48x48x48,analytic homogeneous,direct BCC excess energy; F_DIS=0 analytic,direct grid; no fine-grid correction,0.003749999999999254,0.003750000000000142,,predicate-bracket coordinate half-width; excludes BCC grid bias,accepted_survival_root_resolution_bias_unquantified,results/bvk2_publication_phase_diagram/accepted_phase_boundaries.csv;results/bvk2_sdis_fixed_fa_chi_refinement/points/S_DIS_target_fA0p400000.csv;results/bvk2_sdis_fixed_fa_chi_refinement/points/S_DIS_target_fA0p410000.csv;results/bvk2_sdis_fixed_fa_chi_refinement/points/S_DIS_target_fA0p430000.csv;results/bvk2_sdis_fixed_fa_chi_refinement/points/S_DIS_target_fA0p440000.csv;results/bvk2_sdis_fixed_fa_chi_refinement/points/S_DIS_target_fA0p450000.csv;results/bvk2_sdis_fixed_fa_chi_refinement/points/S_DIS_target_fA0p460000.csv;results/bvk2_sdis_fixed_fa_chi_refinement/points/S_DIS_target_fA0p470000.csv;results/bvk2_sdis_fixed_fa_chi_refinement/points/S_DIS_target_fA0p480000.csv;results/bvk2_sdis_fixed_fa_chi_refinement/points/S_DIS_target_fA0p490000.csv
bvk2-resolution-uncertainty-table-v1,SDIS_BCC48_ROOT_FA,S/DIS,24,11.0,60.0,0.0896875,0.4223487632072487,fA,BCC,DIS,48x48x48,analytic homogeneous,direct BCC excess energy; F_DIS=0 analytic,direct grid; no fine-grid correction,0.00031249999999999334,0.0004296874999999978,,predicate-bracket coordinate half-width; excludes BCC grid bias,accepted_survival_root_resolution_bias_unquantified,results/bvk2_publication_phase_diagram/accepted_phase_boundaries.csv;results/bvk2_sdis_boundary_campaign/points/S_DIS_target_chiN11p000000.csv;results/bvk2_sdis_boundary_campaign/points/S_DIS_target_chiN11p500000.csv;results/bvk2_sdis_boundary_campaign/points/S_DIS_target_chiN12p000000.csv;results/bvk2_sdis_boundary_campaign/points/S_DIS_target_chiN12p500000.csv;results/bvk2_sdis_boundary_campaign/points/S_DIS_target_chiN13p000000.csv;results/bvk2_sdis_boundary_campaign/points/S_DIS_target_chiN13p500000.csv;results/bvk2_sdis_boundary_campaign/points/S_DIS_target_chiN14p000000.csv;results/bvk2_sdis_boundary_campaign/points/S_DIS_target_chiN14p500000.csv;results/bvk2_sdis_boundary_campaign/points/S_DIS_target_chiN15p000000.csv;results/bvk2_sdis_boundary_campaign/points/S_DIS_target_chiN15p500000.csv;results/bvk2_sdis_boundary_campaign/points/S_DIS_target_chiN16p000000.csv;results/bvk2_sdis_boundary_campaign/points/S_DIS_target_chiN17p000000.csv;results/bvk2_sdis_boundary_campaign/points/S_DIS_target_chiN18p000000.csv;results/bvk2_sdis_boundary_campaign/points/S_DIS_target_chiN19p000000.csv;results/bvk2_sdis_boundary_campaign/points/S_DIS_target_chiN20p000000.csv;results/bvk2_sdis_boundary_campaign/points/S_DIS_target_chiN21p000000.csv;results/bvk2_sdis_boundary_campaign/points/S_DIS_target_chiN25p000000.csv;results/bvk2_sdis_boundary_campaign/points/S_DIS_target_chiN30p000000.csv;results/bvk2_sdis_boundary_campaign/points/S_DIS_target_chiN35p000000.csv;results/bvk2_sdis_boundary_campaign/points/S_DIS_target_chiN40p000000.csv;results/bvk2_sdis_boundary_campaign/points/S_DIS_target_chiN45p000000.csv;results/bvk2_sdis_boundary_campaign/points/S_DIS_target_chiN50p000000.csv;results/bvk2_sdis_boundary_campaign/points/S_DIS_target_chiN55p000000.csv;results/bvk2_sdis_boundary_campaign/points/S_DIS_target_chiN60p000000.csv
