transition,side,source_path_id,n_points,raster_residual_median_px,raster_residual_p90_px,raster_residual_max_px,mirror_source_distance_max,mirror_fA_equivalent_max
DIS/S_cp,left,0,100,0.41933423,0.53391999,0.68255186,0.00000000,0.00000000
DIS/S_cp,right,4,100,0.41933423,0.53391999,0.68255186,0.00000000,0.00000000
S_cp/S,left,1,100,0.39599257,0.58452645,0.67532746,0.00000000,0.00000000
S_cp/S,right,3,100,0.39599257,0.58452645,0.67532746,0.00000000,0.00000000
DIS/S,left,2,51,0.36745048,0.55514970,0.69302879,0.00000000,0.00000000
DIS/S,right,2,51,0.36745048,0.55514970,0.69302879,0.00000000,0.00000000
S/C,left,5,51,0.41910647,0.55514031,0.65861046,0.00000000,0.00000000
S/C,right,5,51,0.41910647,0.55514031,0.65861046,0.00000000,0.00000000
C/G,left,6,100,0.40488171,0.56537071,0.69836491,0.00000000,0.00000000
C/G,right,13,100,0.40488171,0.56537071,0.69836491,0.00000000,0.00000000
C/O70,left,7,51,0.38168604,0.53515652,0.66172934,0.00000000,0.00000000
C/O70,right,7,51,0.38168604,0.53515652,0.66172934,0.00000000,0.00000000
G/O70,left,8,63,0.40014068,0.58234704,0.68330633,0.00000000,0.00000000
G/O70,right,12,63,0.40014068,0.58234704,0.68330633,0.00000000,0.00000000
G/L,left,9,100,0.42494272,0.59481131,0.67210753,0.00000000,0.00000000
G/L,right,11,100,0.42494272,0.59481131,0.67210753,0.00000000,0.00000000
O70/L,left,10,51,0.38524958,0.57063283,0.66172934,0.00000000,0.00000000
O70/L,right,10,51,0.38524958,0.57063283,0.66172934,0.00000000,0.00000000
