schema,case_id,architecture,chiN,method,repetition,solver_wall_s,gc_s,allocated_gib,period_rg,energy_density,grid_points,field_converged,cell_converged,single_period,accepted
bvk2-scft-controlled-cost-benchmark-v1,AB_chiN20,AB,20.0,bvk2,1,4.20609463,0.138064219,1.0243487805128098,4.053668505916562,-0.9578474789270387,128,true,true,true,true
bvk2-scft-controlled-cost-benchmark-v1,AB_chiN20,AB,20.0,bvk2,2,4.230263272,0.143465549,1.0243539363145828,4.053668505916562,-0.9578474789270387,128,true,true,true,true
bvk2-scft-controlled-cost-benchmark-v1,AB_chiN20,AB,20.0,bvk2,3,4.175320622,0.135109267,1.0243465453386307,4.053668505916562,-0.9578474789270387,128,true,true,true,true
bvk2-scft-controlled-cost-benchmark-v1,AB_chiN20,AB,20.0,scft,1,0.54383867,0.0,0.0709916278719902,4.045074972452246,2.984733821959641,105,true,true,true,true
bvk2-scft-controlled-cost-benchmark-v1,AB_chiN20,AB,20.0,scft,2,0.513414701,0.0,0.07101506739854813,4.045074972452246,2.984733821959641,105,true,true,true,true
bvk2-scft-controlled-cost-benchmark-v1,AB_chiN20,AB,20.0,scft,3,0.506726526,0.0,0.07099051028490067,4.045074972452246,2.984733821959641,105,true,true,true,true
bvk2-scft-controlled-cost-benchmark-v1,AB_chiN30,AB,30.0,bvk2,1,4.076507721,0.135845224,0.9978462159633636,4.462251150758124,-2.6981535376628507,128,true,true,true,true
bvk2-scft-controlled-cost-benchmark-v1,AB_chiN30,AB,30.0,bvk2,2,4.083803198,0.142778257,0.9978341460227966,4.462251150758124,-2.6981535376628507,128,true,true,true,true
bvk2-scft-controlled-cost-benchmark-v1,AB_chiN30,AB,30.0,bvk2,3,4.114660641,0.137718098,0.997827023267746,4.462251150758124,-2.6981535376628507,128,true,true,true,true
bvk2-scft-controlled-cost-benchmark-v1,AB_chiN30,AB,30.0,scft,1,0.426945074,0.0,0.08782308548688889,4.478094879651168,3.745502023276174,112,true,true,true,true
bvk2-scft-controlled-cost-benchmark-v1,AB_chiN30,AB,30.0,scft,2,0.427756773,0.0,0.08782262355089188,4.478094879651168,3.745502023276174,112,true,true,true,true
bvk2-scft-controlled-cost-benchmark-v1,AB_chiN30,AB,30.0,scft,3,0.411165096,0.0,0.08782220631837845,4.478094879651168,3.745502023276174,112,true,true,true,true
bvk2-scft-controlled-cost-benchmark-v1,ABA_chiN30,ABA,30.0,bvk2,1,3.500653096,0.113865699,0.848586343228817,2.768517069043601,-1.0575112825213961,128,true,true,true,true
bvk2-scft-controlled-cost-benchmark-v1,ABA_chiN30,ABA,30.0,bvk2,2,3.492803449,0.117052063,0.8485899195075035,2.768517069043601,-1.0575112825213961,128,true,true,true,true
bvk2-scft-controlled-cost-benchmark-v1,ABA_chiN30,ABA,30.0,bvk2,3,3.54725502,0.119960734,0.8485640808939934,2.768517069043601,-1.0575112825213961,128,true,true,true,true
bvk2-scft-controlled-cost-benchmark-v1,ABA_chiN30,ABA,30.0,scft,1,0.209802189,0.0,0.07054901123046875,2.822256387576571,5.459727073485803,70,true,true,true,true
bvk2-scft-controlled-cost-benchmark-v1,ABA_chiN30,ABA,30.0,scft,2,0.229329796,0.0,0.07054990530014038,2.822256387576571,5.459727073485803,70,true,true,true,true
bvk2-scft-controlled-cost-benchmark-v1,ABA_chiN30,ABA,30.0,scft,3,0.20505369,0.0,0.07054932415485382,2.822256387576571,5.459727073485803,70,true,true,true,true
bvk2-scft-controlled-cost-benchmark-v1,ABA_chiN40,ABA,40.0,bvk2,1,3.72289175,0.120347496,0.8811481967568398,2.9558308030611076,-2.604154695660986,128,true,true,true,true
bvk2-scft-controlled-cost-benchmark-v1,ABA_chiN40,ABA,40.0,bvk2,2,3.744430554,0.123792399,0.8811521008610725,2.9558308030611076,-2.604154695660986,128,true,true,true,true
bvk2-scft-controlled-cost-benchmark-v1,ABA_chiN40,ABA,40.0,bvk2,3,3.724545756,0.120647524,0.8811349645256996,2.9558308030611076,-2.604154695660986,128,true,true,true,true
bvk2-scft-controlled-cost-benchmark-v1,ABA_chiN40,ABA,40.0,scft,1,0.22687326,0.0,0.07086865603923798,3.0228806841815703,6.456497331414669,80,true,true,true,true
bvk2-scft-controlled-cost-benchmark-v1,ABA_chiN40,ABA,40.0,scft,2,0.230408446,0.0,0.07086920738220215,3.0228806841815703,6.456497331414669,80,true,true,true,true
bvk2-scft-controlled-cost-benchmark-v1,ABA_chiN40,ABA,40.0,scft,3,0.285198282,0.0,0.07087209820747375,3.0228806841815703,6.456497331414669,80,true,true,true,true
